evaluation_id,run_id,step,candidate_id,cr,ci,model_id,driver,degree,channel,alpha,max_iter,score,pearson01,spearman01,mae01,gradient01,spectral01,autocorrelation01,entropy,anisotropy,quantization_index,compression_ratio,escaped_fraction,runtime_ms,accepted,is_best,seed,timestamp,metrics_json
1,run_1789774700_9014,0,1,-0.7,0.27015,V1_INV_PI,V1_INV_PI,2,0,1.0,200,0.76575,0.758918,0.820369,0.680762,0.549548,0.793925,0.995532,0.233268,0.013381,0.351111,0.076667,0.651111,4.6,0,0,,2026-09-19T02:38:20,
2,run_1789774700_1967,0,1,-0.7,0.27015,V0_NONE,V0_NONE,2,0,1.0,200,0.558934,0.432094,0.579786,0.563679,0.426128,0.437142,0.999333,0.407061,0.018356,0.233333,0.418889,0.886667,4.2,0,0,,2026-09-19T02:38:45,
3,run_1789774700_1967,0,2,-0.6799999999999999,0.27015,V1_INV_PI,V1,2,0,1.0,200,0.54979,0.427805,0.585247,0.5189,0.408659,0.439996,0.999454,0.239422,0.018411,0.252222,0.132222,0.747778,4.5,0,1,,2026-09-19T02:38:45,
4,run_1789774700_1967,0,3,-0.72,0.27015,V1_INV_PI,V1,2,0,1.0,200,0.576417,0.450799,0.574313,0.624527,0.44836,0.447543,0.996705,0.394346,0.034423,0.234444,0.412222,0.995556,4.1,0,1,,2026-09-19T02:38:45,
5,run_1789774700_1967,0,4,-0.7,0.29015,V1_INV_PI,V1,2,0,1.0,200,0.569391,0.444781,0.581449,0.582171,0.449761,0.44356,0.9977,0.406274,0.040053,0.233333,0.436667,0.913333,4.4,0,0,,2026-09-19T02:38:45,
6,run_1789774700_1967,0,5,-0.7,0.25015,V1_INV_PI,V1,2,0,1.0,200,0.546956,0.425229,0.579639,0.520297,0.403875,0.435031,0.998817,0.254245,0.016744,0.244444,0.152222,0.755556,4.6,0,0,,2026-09-19T02:38:45,
7,run_1789774700_1967,0,6,-0.685857864376269,0.28429213562373096,V1_INV_PI,V1,2,0,1.0,200,0.548145,0.424036,0.582887,0.52291,0.408393,0.434306,0.999075,0.255085,0.034529,0.233333,0.132222,0.766667,4.2,0,0,,2026-09-19T02:38:45,
8,run_1789774700_1967,0,7,-0.685857864376269,0.25600786437626905,V1_INV_PI,V1,2,0,1.0,200,0.550138,0.430704,0.5849,0.517674,0.40217,0.445514,0.999487,0.234999,0.015599,0.261111,0.118889,0.738889,4.7,0,0,,2026-09-19T02:38:45,
9,run_1789774700_1967,0,8,-0.7141421356237309,0.28429213562373096,V1_INV_PI,V1,2,0,1.0,200,0.569009,0.438203,0.575829,0.606938,0.448833,0.43292,0.998532,0.421013,0.012984,0.237778,0.443333,0.983333,3.8,0,0,,2026-09-19T02:38:45,
10,run_1789774700_1967,0,9,-0.7141421356237309,0.25600786437626905,V1_INV_PI,V1,2,0,1.0,200,0.570044,0.438984,0.576018,0.617319,0.441392,0.437327,0.996595,0.435775,0.009451,0.232222,0.452222,0.992222,3.9,0,0,,2026-09-19T02:38:45,
11,run_1789774700_1967,0,10,-0.6887426304011068,0.2504729508525964,V1_INV_PI,V1,2,0,1.0,200,0.549721,0.430392,0.584016,0.517387,0.401733,0.444941,0.999408,0.238757,0.021529,0.261111,0.11,0.738889,4.1,0,0,,2026-09-19T02:38:45,
12,run_1789774700_1967,1,11,-0.697,0.27015,V1_INV_PI,V1,2,0,1.0,200,0.561495,0.438901,0.583151,0.551656,0.428267,0.449427,0.999297,0.369123,0.035405,0.234444,0.347778,0.844444,5.2,0,0,,2026-09-19T02:38:45,
13,run_1789774700_1967,1,12,-0.743,0.27015,V1_INV_PI,V1,2,0,1.0,200,0.573536,0.446967,0.571907,0.623599,0.438169,0.448604,0.996348,0.296712,0.034665,0.234444,0.218889,1.0,3.8,0,0,,2026-09-19T02:38:45,
14,run_1789774700_1967,1,13,-0.72,0.29315,V1_INV_PI,V1,2,0,1.0,200,0.567529,0.433354,0.574737,0.623239,0.440051,0.42696,0.996281,0.365261,0.031516,0.236667,0.405556,0.997778,4.2,0,0,,2026-09-19T02:38:45,
15,run_1789774700_1967,1,14,-0.72,0.24715,V1_INV_PI,V1,2,0,1.0,200,0.565026,0.433865,0.57361,0.60698,0.433096,0.431788,0.99826,0.442078,0.015021,0.233333,0.467778,0.978889,3.9,0,0,,2026-09-19T02:38:45,
16,run_1789774700_1967,1,15,-0.7037365440327094,0.2864134559672906,V1_INV_PI,V1,2,0,1.0,200,0.568752,0.445469,0.580913,0.572921,0.451382,0.445791,0.998225,0.380196,0.0132,0.235556,0.394444,0.887778,4.6,0,0,,2026-09-19T02:38:45,
17,run_1789774700_1967,1,16,-0.7037365440327094,0.2538865440327094,V1_INV_PI,V1,2,0,1.0,200,0.557193,0.434333,0.579696,0.550261,0.418421,0.443462,0.998893,0.368806,0.01685,0.233333,0.343333,0.842222,4.6,0,0,,2026-09-19T02:38:45,
18,run_1789774700_1967,1,17,-0.7362634559672906,0.2864134559672906,V1_INV_PI,V1,2,0,1.0,200,0.57067,0.440088,0.571196,0.624202,0.443343,0.434898,0.997352,0.311762,0.068409,0.235556,0.301111,1.0,5.2,0,0,,2026-09-19T02:38:45,
19,run_1789774700_1967,1,18,-0.7362634559672906,0.2538865440327094,V1_INV_PI,V1,2,0,1.0,200,0.572317,0.443621,0.571545,0.625396,0.443709,0.439478,0.995953,0.347876,0.037189,0.233333,0.325556,1.0,5.2,0,0,,2026-09-19T02:38:45,
20,run_1789774700_1967,1,19,-0.7057790609377108,0.28564757043825717,V1_INV_PI,V1,2,0,1.0,200,0.569596,0.444695,0.579877,0.587843,0.449502,0.442357,0.996571,0.417578,0.020312,0.235556,0.452222,0.933333,5.4,0,0,,2026-09-19T02:38:45,
21,run_1789774700_1967,2,20,-0.7085,0.27015,V1_INV_PI,V1,2,0,1.0,200,0.56634,0.437521,0.577063,0.597699,0.442445,0.431693,0.997495,0.437856,0.002816,0.233333,0.487778,0.961111,4.2,0,0,,2026-09-19T02:38:45,
22,run_1789774700_1967,2,21,-0.7314999999999999,0.27015,V1_INV_PI,V1,2,0,1.0,200,0.574194,0.44717,0.5733,0.62498,0.443639,0.445899,0.994859,0.344243,0.030361,0.235556,0.285556,1.0,3.8,0,0,,2026-09-19T02:38:45,
23,run_1789774700_1967,2,22,-0.72,0.28165,V1_INV_PI,V1,2,0,1.0,200,0.570013,0.440931,0.573803,0.618025,0.448663,0.428971,0.99574,0.402475,0.034212,0.236667,0.407778,0.993333,4.0,0,0,,2026-09-19T02:38:45,
24,run_1789774700_1967,2,23,-0.72,0.25865,V1_INV_PI,V1,2,0,1.0,200,0.569576,0.435799,0.574895,0.622918,0.446142,0.430993,0.995894,0.403146,0.035294,0.232222,0.416667,1.0,4.0,0,0,,2026-09-19T02:38:45,
25,run_1789774700_1967,2,24,-0.7118682720163547,0.2782817279836453,V1_INV_PI,V1,2,0,1.0,200,0.566978,0.437913,0.575386,0.60504,0.431533,0.43964,0.9984,0.428308,0.023492,0.233333,0.452222,0.976667,4.2,0,0,,2026-09-19T02:38:45,
26,run_1789774700_1967,2,25,-0.7118682720163547,0.2620182720163547,V1_INV_PI,V1,2,0,1.0,200,0.570667,0.438946,0.57689,0.619999,0.445842,0.433158,0.996979,0.431496,0.02408,0.232222,0.458889,0.993333,4.0,0,0,,2026-09-19T02:38:45,
27,run_1789774700_1967,2,26,-0.7281317279836452,0.2782817279836453,V1_INV_PI,V1,2,0,1.0,200,0.570495,0.441035,0.572513,0.622614,0.444916,0.43116,0.997038,0.366373,0.017391,0.235556,0.365556,0.996667,5.3,0,0,,2026-09-19T02:38:45,
28,run_1789774700_1967,2,27,-0.7281317279836452,0.2620182720163547,V1_INV_PI,V1,2,0,1.0,200,0.574406,0.446461,0.573516,0.626724,0.447765,0.443086,0.994183,0.37064,0.014279,0.233333,0.383333,1.0,3.9,0,0,,2026-09-19T02:38:45,
29,run_1789774700_1967,2,28,-0.7295259369789101,0.2604131536417793,V1_INV_PI,V1,2,0,1.0,200,0.574167,0.445985,0.574213,0.62664,0.440744,0.446656,0.996215,0.366147,0.02142,0.233333,0.358889,1.0,4.2,0,0,,2026-09-19T02:38:45,
30,run_1789774700_1967,3,29,-0.7142499999999999,0.27015,V1_INV_PI,V1,2,0,1.0,200,0.572183,0.441205,0.574861,0.623902,0.443822,0.438576,0.998051,0.411701,0.016959,0.234444,0.436667,0.997778,4.1,0,0,,2026-09-19T02:38:46,
31,run_1789774700_1967,3,30,-0.72575,0.27015,V1_INV_PI,V1,2,0,1.0,200,0.573036,0.442909,0.574177,0.62597,0.449918,0.4364,0.995594,0.364779,0.038665,0.233333,0.376667,0.998889,4.1,0,0,,2026-09-19T02:38:46,
32,run_1789774700_1967,3,31,-0.72,0.2759,V1_INV_PI,V1,2,0,1.0,200,0.561707,0.425769,0.571903,0.617872,0.436431,0.411761,0.997129,0.395176,0.00585,0.234444,0.427778,0.994444,3.9,0,0,,2026-09-19T02:38:46,
33,run_1789774700_1967,3,32,-0.72,0.2644,V1_INV_PI,V1,2,0,1.0,200,0.571507,0.43908,0.574096,0.625454,0.453499,0.42982,0.995379,0.389895,0.028908,0.233333,0.412222,1.0,4.0,0,0,,2026-09-19T02:38:46,
34,run_1789774700_1967,3,33,-0.7159341360081773,0.27421586399182263,V1_INV_PI,V1,2,0,1.0,200,0.565253,0.429691,0.57314,0.617969,0.438768,0.423587,0.998737,0.408637,0.013984,0.234444,0.436667,0.995556,3.8,0,0,,2026-09-19T02:38:46,
35,run_1789774700_1967,3,34,-0.7159341360081773,0.2660841360081774,V1_INV_PI,V1,2,0,1.0,200,0.565497,0.431526,0.573728,0.618318,0.440219,0.421654,0.996848,0.410947,0.017447,0.233333,0.416667,0.996667,4.5,0,0,,2026-09-19T02:38:46,
36,run_1789774700_1967,3,35,-0.7240658639918226,0.27421586399182263,V1_INV_PI,V1,2,0,1.0,200,0.57058,0.440259,0.573029,0.621521,0.445551,0.433555,0.996444,0.378712,0.022735,0.233333,0.378889,0.997778,4.4,0,0,,2026-09-19T02:38:46,
37,run_1789774700_1967,3,36,-0.7240658639918226,0.2660841360081774,V1_INV_PI,V1,2,0,1.0,200,0.574085,0.444376,0.573646,0.625605,0.449403,0.44089,0.997065,0.371244,0.012561,0.234444,0.383333,1.0,4.0,0,0,,2026-09-19T02:38:46,
38,run_1789774700_1967,3,37,-0.7205885752678237,0.26529434066166035,V1_INV_PI,V1,2,0,1.0,200,0.567456,0.432481,0.573518,0.623388,0.444866,0.423765,0.996699,0.389448,0.02892,0.233333,0.403333,1.0,3.8,0,0,,2026-09-19T02:38:46,
39,run_1789774700_1967,4,38,-0.717125,0.27015,V1_INV_PI,V1,2,0,1.0,200,0.565643,0.432619,0.573035,0.620606,0.440351,0.419865,0.996064,0.395689,0.016582,0.234444,0.412222,0.996667,4.1,0,0,,2026-09-19T02:38:46,
40,run_1789774700_1967,4,39,-0.7228749999999999,0.27015,V1_INV_PI,V1,2,0,1.0,200,0.570731,0.439377,0.573395,0.625092,0.447206,0.430929,0.995957,0.37478,0.024473,0.233333,0.387778,0.998889,4.1,0,0,,2026-09-19T02:38:46,
41,run_1789774700_1967,4,40,-0.72,0.273025,V1_INV_PI,V1,2,0,1.0,200,0.564715,0.430318,0.572412,0.618668,0.442254,0.417492,0.99674,0.40086,0.010259,0.234444,0.418889,1.0,3.8,0,0,,2026-09-19T02:38:46,
42,run_1789774700_1967,4,41,-0.72,0.267275,V1_INV_PI,V1,2,0,1.0,200,0.570366,0.438281,0.573581,0.624933,0.445381,0.430759,0.997319,0.383065,0.027781,0.233333,0.405556,1.0,4.1,0,0,,2026-09-19T02:38:46,
43,run_1789774700_1967,4,42,-0.7179670680040886,0.2721829319959113,V1_INV_PI,V1,2,0,1.0,200,0.564384,0.42862,0.572884,0.620334,0.445338,0.412125,0.997513,0.402245,0.021521,0.234444,0.416667,0.997778,3.8,0,0,,2026-09-19T02:38:46,
44,run_1789774700_1967,4,43,-0.7179670680040886,0.2681170680040887,V1_INV_PI,V1,2,0,1.0,200,0.572576,0.442544,0.573615,0.62637,0.444195,0.437744,0.997676,0.392251,0.01913,0.235556,0.396667,1.0,3.9,0,0,,2026-09-19T02:38:46,
45,run_1789774700_1967,4,44,-0.7220329319959113,0.2721829319959113,V1_INV_PI,V1,2,0,1.0,200,0.568706,0.435578,0.573481,0.623911,0.440668,0.429522,0.997825,0.382296,0.028813,0.234444,0.414444,1.0,3.8,0,0,,2026-09-19T02:38:46,
46,run_1789774700_1967,4,45,-0.7220329319959113,0.2681170680040887,V1_INV_PI,V1,2,0,1.0,200,0.572139,0.44071,0.573865,0.624951,0.4474,0.436255,0.997274,0.380239,0.011692,0.234444,0.394444,1.0,3.9,0,0,,2026-09-19T02:38:46,
47,run_1789774700_1967,4,46,-0.7225503205278162,0.2680034863256916,V1_INV_PI,V1,2,0,1.0,200,0.574844,0.447054,0.574218,0.624473,0.456946,0.437412,0.994154,0.377586,0.018852,0.234444,0.39,0.998889,3.8,0,0,,2026-09-19T02:38:46,
48,run_1789774700_1967,5,47,-0.7185625,0.27015,V1_INV_PI,V1,2,0,1.0,200,0.57057,0.440261,0.574219,0.623937,0.440387,0.435931,0.995559,0.391886,0.020603,0.234444,0.407778,0.997778,4.0,0,0,,2026-09-19T02:38:46,
49,run_1789774700_1967,5,48,-0.7214375,0.27015,V1_INV_PI,V1,2,0,1.0,200,0.571553,0.441797,0.573927,0.625862,0.438456,0.440204,0.995575,0.378866,0.046279,0.233333,0.405556,1.0,4.4,0,0,,2026-09-19T02:38:46,
50,run_1789774700_1967,5,49,-0.72,0.2715875,V1_INV_PI,V1,2,0,1.0,200,0.56521,0.43212,0.572856,0.619907,0.438584,0.420131,0.996392,0.392944,0.051875,0.234444,0.401111,0.997778,3.8,0,0,,2026-09-19T02:38:46,
51,run_1789774700_1967,5,50,-0.72,0.2687125,V1_INV_PI,V1,2,0,1.0,200,0.573478,0.444925,0.573601,0.624278,0.45062,0.437567,0.995581,0.387462,0.017784,0.234444,0.41,1.0,4.7,0,0,,2026-09-19T02:38:46,
52,run_1789774700_1967,5,51,-0.7189835340020443,0.2711664659979557,V1_INV_PI,V1,2,0,1.0,200,0.567353,0.433103,0.573325,0.621291,0.447513,0.421045,0.997344,0.393758,0.033782,0.234444,0.398889,0.998889,3.8,0,0,,2026-09-19T02:38:46,
53,run_1789774700_1967,5,52,-0.7189835340020443,0.2691335340020443,V1_INV_PI,V1,2,0,1.0,200,0.568097,0.435101,0.572892,0.622043,0.441613,0.428486,0.99711,0.389521,0.005045,0.235556,0.412222,0.998889,3.8,0,0,,2026-09-19T02:38:46,
54,run_1789774700_1967,5,53,-0.7210164659979557,0.2711664659979557,V1_INV_PI,V1,2,0,1.0,200,0.572717,0.444339,0.574418,0.624893,0.441811,0.440407,0.996021,0.384847,0.056135,0.234444,0.398889,1.0,3.8,0,0,,2026-09-19T02:38:46,
55,run_1789774700_1967,5,54,-0.7210164659979557,0.2691335340020443,V1_INV_PI,V1,2,0,1.0,200,0.576009,0.449115,0.574785,0.627234,0.446203,0.44774,0.995575,0.382892,0.021182,0.234444,0.412222,1.0,4.0,0,0,,2026-09-19T02:38:46,
56,run_1789774700_1967,5,55,-0.7204219304632696,0.2707448912389934,V1_INV_PI,V1,2,0,1.0,200,0.577163,0.450325,0.574895,0.626006,0.450982,0.447397,0.99793,0.384488,0.036739,0.234444,0.407778,0.998889,3.8,0,1,,2026-09-19T02:38:46,
57,run_1789774700_1967,6,56,-0.7187688054632696,0.2707448912389934,V1_INV_PI,V1,2,0,1.0,200,0.570272,0.438934,0.573851,0.623671,0.442799,0.433146,0.996787,0.390602,0.02445,0.234444,0.401111,0.998889,4.2,0,0,,2026-09-19T02:38:46,
58,run_1789774700_1967,6,57,-0.7220750554632697,0.2707448912389934,V1_INV_PI,V1,2,0,1.0,200,0.574093,0.444869,0.574121,0.624141,0.454736,0.437357,0.995483,0.382031,0.055473,0.233333,0.396667,0.998889,3.8,0,0,,2026-09-19T02:38:46,
59,run_1789774700_1967,6,58,-0.7204219304632696,0.2723980162389934,V1_INV_PI,V1,2,0,1.0,200,0.569833,0.440887,0.572728,0.622513,0.438312,0.433619,0.996905,0.392166,0.024671,0.234444,0.396667,0.998889,3.9,0,0,,2026-09-19T02:38:46,
60,run_1789774700_1967,6,59,-0.7204219304632696,0.26909176623899345,V1_INV_PI,V1,2,0,1.0,200,0.573189,0.445173,0.574522,0.625393,0.441085,0.442786,0.99552,0.384066,0.030206,0.234444,0.412222,0.998889,4.4,0,0,,2026-09-19T02:38:46,
61,run_1789774700_1967,6,60,-0.7192529945656206,0.2719138271366424,V1_INV_PI,V1,2,0,1.0,200,0.56966,0.438418,0.573965,0.620397,0.447156,0.428748,0.99677,0.399288,0.016534,0.234444,0.407778,0.996667,3.8,0,0,,2026-09-19T02:38:46,
62,run_1789774700_1967,6,61,-0.7192529945656206,0.26957595534134443,V1_INV_PI,V1,2,0,1.0,200,0.572265,0.444406,0.57381,0.622304,0.449221,0.435068,0.99402,0.392802,0.010628,0.234444,0.41,0.998889,3.9,0,0,,2026-09-19T02:38:46,
63,run_1789774700_1967,6,62,-0.7215908663609186,0.2719138271366424,V1_INV_PI,V1,2,0,1.0,200,0.567489,0.435054,0.572989,0.623739,0.437761,0.427254,0.996425,0.38287,0.058956,0.234444,0.405556,1.0,3.8,0,0,,2026-09-19T02:38:46,
64,run_1789774700_1967,6,63,-0.7215908663609186,0.26957595534134443,V1_INV_PI,V1,2,0,1.0,200,0.573331,0.444508,0.574173,0.626116,0.443918,0.440096,0.997058,0.380302,0.023841,0.234444,0.401111,0.998889,3.9,0,0,,2026-09-19T02:38:46,
65,run_1789774700_1967,6,64,-0.7212587497120846,0.2714703490423983,V1_INV_PI,V1,2,0,1.0,200,0.571596,0.441874,0.573977,0.623369,0.448504,0.432423,0.995908,0.383276,0.045148,0.234444,0.403333,0.998889,3.8,0,0,,2026-09-19T02:38:46,
66,run_1789774700_1967,7,65,-0.7195953679632696,0.2707448912389934,V1_INV_PI,V1,2,0,1.0,200,0.573461,0.443671,0.574471,0.625497,0.445692,0.44059,0.997371,0.387203,0.019996,0.234444,0.407778,1.0,4.1,0,0,,2026-09-19T02:38:46,
67,run_1789774700_1967,7,66,-0.7212484929632696,0.2707448912389934,V1_INV_PI,V1,2,0,1.0,200,0.568518,0.435655,0.573707,0.624448,0.437117,0.432077,0.996681,0.380077,0.028769,0.233333,0.412222,1.0,4.3,0,0,,2026-09-19T02:38:46,
68,run_1789774700_1967,7,67,-0.7204219304632696,0.27157145373899344,V1_INV_PI,V1,2,0,1.0,200,0.572007,0.443642,0.573768,0.622828,0.443241,0.438291,0.99585,0.390432,0.036075,0.234444,0.427778,0.997778,3.9,0,0,,2026-09-19T02:38:46,
69,run_1789774700_1967,7,68,-0.7204219304632696,0.2699183287389934,V1_INV_PI,V1,2,0,1.0,200,0.574448,0.445992,0.574222,0.625259,0.445786,0.443584,0.99748,0.388141,0.037585,0.234444,0.414444,1.0,5.1,0,0,,2026-09-19T02:38:46,
70,run_1789774700_1967,7,69,-0.7198374625144451,0.2713293591878179,V1_INV_PI,V1,2,0,1.0,200,0.566432,0.433889,0.573032,0.621846,0.438345,0.423602,0.996244,0.391071,0.031952,0.234444,0.403333,0.998889,4.1,0,0,,2026-09-19T02:38:46,
71,run_1789774700_1967,7,70,-0.7198374625144451,0.2701604232901689,V1_INV_PI,V1,2,0,1.0,200,0.577303,0.452387,0.574467,0.624038,0.450973,0.448003,0.99723,0.396746,0.044069,0.234444,0.405556,0.998889,3.9,0,1,,2026-09-19T02:38:46,
72,run_1789774700_1967,7,71,-0.7210063984120941,0.2713293591878179,V1_INV_PI,V1,2,0,1.0,200,0.573168,0.444959,0.574494,0.626191,0.439588,0.443186,0.996061,0.383172,0.051387,0.234444,0.392222,1.0,3.8,0,0,,2026-09-19T02:38:46,
73,run_1789774700_1967,7,72,-0.7210063984120941,0.2701604232901689,V1_INV_PI,V1,2,0,1.0,200,0.572244,0.442959,0.573615,0.625601,0.442431,0.438151,0.996899,0.380571,0.021877,0.233333,0.383333,1.0,4.0,0,0,,2026-09-19T02:38:46,
74,run_1789774700_1967,7,73,-0.7210569095095064,0.2715449781583053,V1_INV_PI,V1,2,0,1.0,200,0.572071,0.443183,0.574306,0.62307,0.443102,0.438366,0.996323,0.387985,0.047055,0.234444,0.398889,0.997778,3.8,0,0,,2026-09-19T02:38:46,
75,run_1789774700_1967,8,74,-0.7188869156394452,0.2701604232901689,V1_INV_PI,V1,2,0,1.0,200,0.567934,0.434222,0.573766,0.622757,0.441934,0.42706,0.997007,0.392754,0.019455,0.234444,0.398889,1.0,4.1,0,0,,2026-09-19T02:38:46,
76,run_1789774700_1967,8,75,-0.7207880093894451,0.2701604232901689,V1_INV_PI,V1,2,0,1.0,200,0.570191,0.439767,0.573901,0.625116,0.439402,0.433825,0.996083,0.380101,0.026817,0.233333,0.392222,0.998889,4.0,0,0,,2026-09-19T02:38:46,
77,run_1789774700_1967,8,76,-0.7198374625144451,0.27111097016516894,V1_INV_PI,V1,2,0,1.0,200,0.570351,0.440811,0.573818,0.621097,0.448077,0.428141,0.996522,0.393175,0.02403,0.234444,0.41,0.997778,3.8,0,0,,2026-09-19T02:38:46,
78,run_1789774700_1967,8,77,-0.7198374625144451,0.2692098764151689,V1_INV_PI,V1,2,0,1.0,200,0.571121,0.442452,0.573624,0.623142,0.448242,0.432301,0.992741,0.386751,0.018853,0.235556,0.398889,0.998889,3.9,0,0,,2026-09-19T02:38:46,
79,run_1789774700_1967,8,78,-0.7191653243732969,0.2708325614313171,V1_INV_PI,V1,2,0,1.0,200,0.565986,0.432223,0.572943,0.621028,0.437764,0.42364,0.997492,0.394921,0.030171,0.234444,0.403333,1.0,3.8,0,0,,2026-09-19T02:38:46,
80,run_1789774700_1967,8,79,-0.7191653243732969,0.26948828514902073,V1_INV_PI,V1,2,0,1.0,200,0.570359,0.440274,0.573425,0.62227,0.442851,0.433212,0.996847,0.394641,0.009852,0.234444,0.405556,0.998889,5.0,0,0,,2026-09-19T02:38:46,
81,run_1789774700_1967,8,80,-0.7205096006555933,0.2708325614313171,V1_INV_PI,V1,2,0,1.0,200,0.573098,0.445074,0.574298,0.623572,0.448169,0.437065,0.99576,0.386529,0.048177,0.234444,0.398889,0.997778,3.8,0,0,,2026-09-19T02:38:46,
82,run_1789774700_1967,8,81,-0.7205096006555933,0.26948828514902073,V1_INV_PI,V1,2,0,1.0,200,0.575813,0.448898,0.574676,0.625649,0.444663,0.448642,0.99696,0.380545,0.041656,0.234444,0.407778,0.997778,3.8,0,0,,2026-09-19T02:38:46,
83,run_1789774700_1967,8,82,-0.7202110050369154,0.27081626524441893,V1_INV_PI,V1,2,0,1.0,200,0.57472,0.447001,0.574039,0.625091,0.447596,0.442307,0.997434,0.387943,0.050966,0.234444,0.403333,0.997778,3.9,0,0,,2026-09-19T02:38:46,
84,run_1789774700_1967,9,83,-0.7193621890769452,0.2701604232901689,V1_INV_PI,V1,2,0,1.0,200,0.579026,0.455552,0.575489,0.624719,0.449618,0.456273,0.994818,0.396457,0.029567,0.234444,0.412222,0.996667,4.1,0,1,,2026-09-19T02:38:46,
85,run_1789774700_1967,9,84,-0.7203127359519451,0.2701604232901689,V1_INV_PI,V1,2,0,1.0,200,0.571044,0.440365,0.573875,0.623657,0.44393,0.434643,0.996911,0.388512,0.044379,0.234444,0.414444,1.0,3.9,0,0,,2026-09-19T02:38:46,
86,run_1789774700_1967,9,85,-0.7198374625144451,0.2706356967276689,V1_INV_PI,V1,2,0,1.0,200,0.573071,0.443954,0.57437,0.623103,0.445993,0.439323,0.997762,0.391552,0.049396,0.234444,0.418889,0.997778,3.8,0,0,,2026-09-19T02:38:46,
87,run_1789774700_1967,9,86,-0.7198374625144451,0.26968514985266895,V1_INV_PI,V1,2,0,1.0,200,0.56993,0.440002,0.574144,0.623328,0.436245,0.435464,0.997014,0.391184,0.02875,0.234444,0.401111,0.996667,3.9,0,0,,2026-09-19T02:38:46,
88,run_1789774700_1967,9,87,-0.7195013934438711,0.270496492360743,V1_INV_PI,V1,2,0,1.0,200,0.573662,0.445313,0.574749,0.624885,0.446921,0.440223,0.995447,0.391826,0.04883,0.234444,0.412222,0.997778,3.8,0,0,,2026-09-19T02:38:46,
89,run_1789774700_1967,9,88,-0.7195013934438711,0.26982435421959483,V1_INV_PI,V1,2,0,1.0,200,0.572204,0.443055,0.574146,0.624151,0.442679,0.438767,0.996523,0.388275,0.04639,0.234444,0.398889,0.998889,3.9,0,0,,2026-09-19T02:38:46,
90,run_1789774700_1967,9,89,-0.7201735315850192,0.270496492360743,V1_INV_PI,V1,2,0,1.0,200,0.578543,0.453912,0.574573,0.625508,0.450263,0.453131,0.996958,0.391837,0.050028,0.234444,0.405556,0.996667,3.8,0,0,,2026-09-19T02:38:46,
91,run_1789774700_1967,9,90,-0.7201735315850192,0.26982435421959483,V1_INV_PI,V1,2,0,1.0,200,0.576073,0.449955,0.574535,0.625746,0.445564,0.447895,0.996821,0.388636,0.025462,0.234444,0.405556,0.998889,3.9,0,0,,2026-09-19T02:38:46,
92,run_1789774700_1967,9,91,-0.7200197260753893,0.27022119936407185,V1_INV_PI,V1,2,0,1.0,200,0.577064,0.452246,0.574209,0.625482,0.450754,0.44745,0.995456,0.390854,0.034779,0.234444,0.405556,0.997778,3.8,0,0,,2026-09-19T02:38:46,
93,run_1789774700_1967,10,92,-0.7188156246238202,0.2701604232901689,V1_INV_PI,V1,2,0,1.0,200,0.568519,0.43609,0.574053,0.624139,0.440564,0.429026,0.995529,0.389545,0.018516,0.234444,0.398889,0.998889,4.2,0,0,,2026-09-19T02:38:46,
94,run_1789774700_1967,10,93,-0.7199087535300701,0.2701604232901689,V1_INV_PI,V1,2,0,1.0,200,0.571435,0.441771,0.57359,0.622791,0.443176,0.435959,0.997768,0.391923,0.032636,0.234444,0.41,1.0,3.8,0,0,,2026-09-19T02:38:46,
95,run_1789774700_1967,10,94,-0.7193621890769452,0.27070698774329394,V1_INV_PI,V1,2,0,1.0,200,0.567341,0.433712,0.573817,0.622839,0.441733,0.424202,0.996831,0.390673,0.043522,0.234444,0.401111,0.998889,3.9,0,0,,2026-09-19T02:38:46,
96,run_1789774700_1967,10,95,-0.7193621890769452,0.2696138588370439,V1_INV_PI,V1,2,0,1.0,200,0.568645,0.437231,0.573488,0.622049,0.441351,0.429434,0.995929,0.390147,0.020613,0.234444,0.407778,0.998889,3.8,0,0,,2026-09-19T02:38:46,
97,run_1789774700_1967,10,96,-0.7189757096457849,0.27054690272132914,V1_INV_PI,V1,2,0,1.0,200,0.569071,0.436957,0.573793,0.622811,0.444425,0.427322,0.997192,0.390207,0.042106,0.234444,0.405556,0.998889,3.8,0,0,,2026-09-19T02:38:46,
98,run_1789774700_1967,10,97,-0.7189757096457849,0.2697739438590087,V1_INV_PI,V1,2,0,1.0,200,0.566505,0.432142,0.573456,0.620797,0.442418,0.424063,0.995728,0.393362,0.044626,0.234444,0.405556,0.997778,3.8,0,0,,2026-09-19T02:38:46,
99,run_1789774700_1967,10,98,-0.7197486685081054,0.27054690272132914,V1_INV_PI,V1,2,0,1.0,200,0.571215,0.440326,0.574524,0.623866,0.44277,0.435785,0.997276,0.391194,0.05323,0.234444,0.407778,0.998889,3.8,0,0,,2026-09-19T02:38:46,
100,run_1789774700_1967,10,99,-0.7197486685081054,0.2697739438590087,V1_INV_PI,V1,2,0,1.0,200,0.574887,0.44747,0.574462,0.625794,0.443855,0.445938,0.996746,0.388141,0.043307,0.234444,0.41,0.998889,3.8,0,0,,2026-09-19T02:38:46,
101,run_1789774700_1967,10,100,-0.7190298630549836,0.2699575879349641,V1_INV_PI,V1,2,0,1.0,200,0.569117,0.436859,0.574001,0.622921,0.444589,0.42894,0.995562,0.394045,0.040701,0.234444,0.39,1.0,3.8,0,0,,2026-09-19T02:38:46,
102,run_1789774700_1967,11,101,-0.7190889068503826,0.2701604232901689,V1_INV_PI,V1,2,0,1.0,200,0.571014,0.441174,0.574246,0.623565,0.444826,0.434555,0.99428,0.391915,0.049319,0.234444,0.403333,0.996667,4.0,0,0,,2026-09-19T02:38:46,
103,run_1789774700_1967,11,102,-0.7196354713035077,0.2701604232901689,V1_INV_PI,V1,2,0,1.0,200,0.579218,0.456005,0.574915,0.62464,0.451814,0.453381,0.996692,0.398432,0.056548,0.234444,0.416667,0.997778,3.8,0,1,,2026-09-19T02:38:46,
104,run_1789774700_1967,11,103,-0.7193621890769452,0.2704337055167314,V1_INV_PI,V1,2,0,1.0,200,0.570012,0.440588,0.574257,0.624093,0.430649,0.439576,0.997194,0.3946,0.020249,0.234444,0.414444,1.0,4.7,0,0,,2026-09-19T02:38:46,
105,run_1789774700_1967,11,104,-0.7193621890769452,0.26988714106360645,V1_INV_PI,V1,2,0,1.0,200,0.572373,0.443928,0.574255,0.625018,0.440034,0.441097,0.995537,0.389739,0.055567,0.234444,0.401111,0.998889,3.8,0,0,,2026-09-19T02:38:46,
106,run_1789774700_1967,11,105,-0.7191689493613651,0.27035366300574903,V1_INV_PI,V1,2,0,1.0,200,0.570816,0.439718,0.574191,0.623815,0.447337,0.431484,0.995749,0.391506,0.027938,0.234444,0.403333,1.0,4.0,0,0,,2026-09-19T02:38:46,
107,run_1789774700_1967,11,106,-0.7191689493613651,0.2699671835745888,V1_INV_PI,V1,2,0,1.0,200,0.571814,0.442344,0.574156,0.623715,0.44023,0.440265,0.996486,0.394099,0.035466,0.234444,0.403333,1.0,3.8,0,0,,2026-09-19T02:38:46,
108,run_1789774700_1967,11,107,-0.7195554287925252,0.27035366300574903,V1_INV_PI,V1,2,0,1.0,200,0.578909,0.454491,0.575125,0.62579,0.452368,0.451868,0.99676,0.395885,0.014965,0.234444,0.405556,0.998889,3.8,0,0,,2026-09-19T02:38:46,
109,run_1789774700_1967,11,108,-0.7195554287925252,0.2699671835745888,V1_INV_PI,V1,2,0,1.0,200,0.574846,0.448619,0.574583,0.625006,0.440653,0.447907,0.996461,0.393228,0.04234,0.234444,0.414444,0.998889,3.8,0,0,,2026-09-19T02:38:46,
110,run_1789774700_1967,11,109,-0.7191520678858584,0.27034256516056127,V1_INV_PI,V1,2,0,1.0,200,0.571405,0.440112,0.574219,0.624641,0.445736,0.434521,0.996729,0.389876,0.027798,0.234444,0.39,1.0,4.2,0,0,,2026-09-19T02:38:46,
111,run_1789774700_1967,12,110,-0.7193211967429608,0.2701604232901689,V1_INV_PI,V1,2,0,1.0,200,0.57856,0.45408,0.575181,0.62683,0.44512,0.457353,0.995785,0.39306,0.0316,0.234444,0.418889,0.998889,4.1,0,0,,2026-09-19T02:38:46,
112,run_1789774700_1967,12,111,-0.7199497458640546,0.2701604232901689,V1_INV_PI,V1,2,0,1.0,200,0.574224,0.446171,0.57414,0.623976,0.448008,0.440765,0.997656,0.392384,0.038765,0.234444,0.412222,1.0,3.8,0,0,,2026-09-19T02:38:46,
113,run_1789774700_1967,12,112,-0.7196354713035077,0.2704746978507158,V1_INV_PI,V1,2,0,1.0,200,0.578439,0.453433,0.575345,0.625792,0.44845,0.453894,0.997058,0.393324,0.045414,0.234444,0.405556,0.997778,3.9,0,0,,2026-09-19T02:38:46,
114,run_1789774700_1967,12,113,-0.7196354713035077,0.26984614872962204,V1_INV_PI,V1,2,0,1.0,200,0.575037,0.448395,0.574592,0.624808,0.443665,0.446357,0.996832,0.390337,0.047961,0.234444,0.416667,0.998889,3.9,0,0,,2026-09-19T02:38:46,
115,run_1789774700_1967,12,114,-0.7194132456305906,0.27038264896308606,V1_INV_PI,V1,2,0,1.0,200,0.580778,0.458378,0.575374,0.625287,0.454605,0.457934,0.994693,0.397242,0.022408,0.234444,0.416667,0.997778,3.9,0,1,,2026-09-19T02:38:46,
116,run_1789774700_1967,12,115,-0.7194132456305906,0.2699381976172518,V1_INV_PI,V1,2,0,1.0,200,0.573024,0.444405,0.574466,0.6247,0.441974,0.442052,0.996294,0.390017,0.041544,0.234444,0.403333,0.998889,3.9,0,0,,2026-09-19T02:38:46,
117,run_1789774700_1967,12,116,-0.7198576969764248,0.27038264896308606,V1_INV_PI,V1,2,0,1.0,200,0.572286,0.442326,0.574192,0.622968,0.443919,0.43916,0.997794,0.391989,0.054561,0.234444,0.416667,0.998889,3.8,0,0,,2026-09-19T02:38:46,
118,run_1789774700_1967,12,117,-0.7198576969764248,0.2699381976172518,V1_INV_PI,V1,2,0,1.0,200,0.575551,0.449853,0.574821,0.625387,0.443878,0.447512,0.995656,0.39034,0.04157,0.234444,0.407778,1.0,4.1,0,0,,2026-09-19T02:38:46,
119,run_1789774700_1967,12,118,-0.7194612681120993,0.27031104038833137,V1_INV_PI,V1,2,0,1.0,200,0.579537,0.455375,0.575314,0.626224,0.452628,0.454753,0.995704,0.396265,0.022768,0.234444,0.416667,1.0,3.8,0,0,,2026-09-19T02:38:46,
120,run_1789774700_1967,13,119,-0.7190518298859617,0.27038264896308606,V1_INV_PI,V1,2,0,1.0,200,0.568369,0.435236,0.573881,0.623071,0.442965,0.427337,0.996479,0.390901,0.026803,0.234444,0.396667,1.0,4.3,0,0,,2026-09-19T02:38:46,
121,run_1789774700_1967,13,120,-0.7197746613752195,0.27038264896308606,V1_INV_PI,V1,2,0,1.0,200,0.574841,0.447987,0.574558,0.62341,0.449437,0.441727,0.996495,0.397033,0.061549,0.234444,0.416667,0.998889,3.8,0,0,,2026-09-19T02:38:46,
122,run_1789774700_1967,13,121,-0.7194132456305906,0.27074406470771495,V1_INV_PI,V1,2,0,1.0,200,0.569844,0.438227,0.573825,0.624759,0.438993,0.433999,0.997003,0.386345,0.033666,0.234444,0.401111,0.998889,3.8,0,0,,2026-09-19T02:38:46,
123,run_1789774700_1967,13,122,-0.7194132456305906,0.27002123321845717,V1_INV_PI,V1,2,0,1.0,200,0.573591,0.445817,0.574704,0.624785,0.440043,0.444964,0.996419,0.390441,0.034567,0.234444,0.407778,1.0,4.3,0,0,,2026-09-19T02:38:46,
124,run_1789774700_1967,13,123,-0.7191576861067359,0.27063820848694076,V1_INV_PI,V1,2,0,1.0,200,0.566683,0.434312,0.573542,0.621895,0.435421,0.426466,0.99671,0.392288,0.008253,0.234444,0.396667,0.996667,4.2,0,0,,2026-09-19T02:38:46,
125,run_1789774700_1967,13,124,-0.7191576861067359,0.27012708943923136,V1_INV_PI,V1,2,0,1.0,200,0.573071,0.443487,0.574473,0.623809,0.444686,0.441298,0.997064,0.39387,0.019697,0.234444,0.392222,0.998889,3.9,0,0,,2026-09-19T02:38:46,
126,run_1789774700_1967,13,125,-0.7196688051544453,0.27063820848694076,V1_INV_PI,V1,2,0,1.0,200,0.576599,0.450095,0.575284,0.625948,0.448721,0.447585,0.996296,0.392737,0.050167,0.234444,0.405556,0.997778,3.8,0,0,,2026-09-19T02:38:46,
127,run_1789774700_1967,13,126,-0.7196688051544453,0.27012708943923136,V1_INV_PI,V1,2,0,1.0,200,0.579824,0.456383,0.57517,0.625728,0.452233,0.454644,0.997078,0.395417,0.044285,0.234444,0.421111,0.997778,4.3,0,0,,2026-09-19T02:38:46,
128,run_1789774700_1967,13,127,-0.7196348492308722,0.27060467178618125,V1_INV_PI,V1,2,0,1.0,200,0.578514,0.453579,0.575663,0.625972,0.449648,0.452758,0.996754,0.392188,0.041116,0.234444,0.401111,0.997778,3.8,0,0,,2026-09-19T02:38:46,
129,run_1789774700_1967,14,128,-0.7192325377582761,0.27038264896308606,V1_INV_PI,V1,2,0,1.0,200,0.575668,0.449408,0.574556,0.623978,0.449904,0.445473,0.994862,0.39708,0.034255,0.234444,0.412222,0.997778,4.0,0,0,,2026-09-19T02:38:46,
130,run_1789774700_1967,14,129,-0.7195939535029051,0.27038264896308606,V1_INV_PI,V1,2,0,1.0,200,0.57691,0.451955,0.574768,0.623934,0.449175,0.447696,0.997236,0.39593,0.039931,0.234444,0.41,0.997778,4.0,0,0,,2026-09-19T02:38:46,
131,run_1789774700_1967,14,130,-0.7194132456305906,0.2705633568354005,V1_INV_PI,V1,2,0,1.0,200,0.573107,0.443995,0.574442,0.623212,0.447093,0.4392,0.996777,0.393294,0.026449,0.234444,0.412222,0.998889,3.9,0,0,,2026-09-19T02:38:46,
132,run_1789774700_1967,14,131,-0.7194132456305906,0.2702019410907716,V1_INV_PI,V1,2,0,1.0,200,0.580971,0.458289,0.57547,0.626532,0.452232,0.459752,0.995338,0.393272,0.031551,0.234444,0.412222,1.0,3.9,0,1,,2026-09-19T02:38:46,
133,run_1789774700_1967,14,132,-0.7192854658686633,0.2705104287250134,V1_INV_PI,V1,2,0,1.0,200,0.572074,0.443324,0.574471,0.621956,0.444278,0.436924,0.997324,0.399063,0.020446,0.234444,0.416667,0.998889,3.8,0,0,,2026-09-19T02:38:46,
134,run_1789774700_1967,14,133,-0.7192854658686633,0.2702548692011587,V1_INV_PI,V1,2,0,1.0,200,0.581262,0.45987,0.575306,0.626692,0.451242,0.461793,0.993598,0.394003,0.038707,0.234444,0.407778,0.997778,4.0,0,1,,2026-09-19T02:38:46,
135,run_1789774700_1967,14,134,-0.719541025392518,0.2705104287250134,V1_INV_PI,V1,2,0,1.0,200,0.578529,0.455166,0.575066,0.626215,0.447485,0.455017,0.994471,0.39256,0.058327,0.234444,0.403333,0.996667,3.9,0,0,,2026-09-19T02:38:46,
136,run_1789774700_1967,14,135,-0.719541025392518,0.2702548692011587,V1_INV_PI,V1,2,0,1.0,200,0.578826,0.453918,0.575079,0.625364,0.451807,0.453128,0.996931,0.393217,0.033021,0.234444,0.407778,0.998889,4.3,0,0,,2026-09-19T02:38:46,
137,run_1789774700_1967,14,136,-0.7195873680257651,0.27052898300621825,V1_INV_PI,V1,2,0,1.0,200,0.575965,0.449477,0.575014,0.625406,0.447741,0.446668,0.995809,0.392831,0.048334,0.234444,0.407778,1.0,3.8,0,0,,2026-09-19T02:38:46,
138,run_1789774700_1967,15,137,-0.7190776518155017,0.2702548692011587,V1_INV_PI,V1,2,0,1.0,200,0.568608,0.436161,0.573732,0.623116,0.442502,0.429311,0.995122,0.3916,0.048076,0.234444,0.403333,1.0,4.0,0,0,,2026-09-19T02:38:46,
139,run_1789774700_1967,15,138,-0.7194932799218249,0.2702548692011587,V1_INV_PI,V1,2,0,1.0,200,0.57918,0.454109,0.575334,0.625573,0.454254,0.452751,0.996439,0.394967,0.023621,0.234444,0.41,1.0,3.9,0,0,,2026-09-19T02:38:46,
140,run_1789774700_1967,15,139,-0.7192854658686633,0.2704626832543203,V1_INV_PI,V1,2,0,1.0,200,0.570486,0.441255,0.574072,0.622661,0.436624,0.437669,0.996789,0.395416,0.015176,0.234444,0.418889,0.997778,3.9,0,0,,2026-09-19T02:38:46,
141,run_1789774700_1967,15,140,-0.7192854658686633,0.2700470551479971,V1_INV_PI,V1,2,0,1.0,200,0.576844,0.452517,0.57475,0.624433,0.442874,0.454009,0.995363,0.392742,0.067584,0.234444,0.407778,0.996667,3.8,0,0,,2026-09-19T02:38:46,
142,run_1789774700_1967,15,141,-0.7191385191424469,0.27040181592737517,V1_INV_PI,V1,2,0,1.0,200,0.570429,0.438731,0.574233,0.62446,0.441075,0.434388,0.997486,0.390366,0.02935,0.234444,0.394444,1.0,3.8,0,0,,2026-09-19T02:38:46,
143,run_1789774700_1967,15,142,-0.7191385191424469,0.27010792247494225,V1_INV_PI,V1,2,0,1.0,200,0.574751,0.446758,0.574672,0.624059,0.446499,0.444883,0.996963,0.395886,0.024091,0.234444,0.396667,0.998889,3.8,0,0,,2026-09-19T02:38:46,
144,run_1789774700_1967,15,143,-0.7194324125948797,0.27040181592737517,V1_INV_PI,V1,2,0,1.0,200,0.576415,0.449996,0.575142,0.624101,0.453415,0.444562,0.995551,0.394756,0.02222,0.234444,0.418889,0.997778,3.8,0,0,,2026-09-19T02:38:46,
145,run_1789774700_1967,15,144,-0.7194324125948797,0.27010792247494225,V1_INV_PI,V1,2,0,1.0,200,0.57672,0.451353,0.574914,0.625823,0.442765,0.452562,0.996482,0.390718,0.050822,0.234444,0.41,1.0,3.8,0,0,,2026-09-19T02:38:46,
146,run_1789774700_1967,15,145,-0.7194547841447445,0.27035340216776793,V1_INV_PI,V1,2,0,1.0,200,0.579122,0.454415,0.575398,0.624467,0.455241,0.452306,0.99604,0.397661,0.017788,0.234444,0.416667,0.997778,3.8,0,0,,2026-09-19T02:38:46,
147,run_1789774700_1967,16,146,-0.7191815588420825,0.2702548692011587,V1_INV_PI,V1,2,0,1.0,200,0.575035,0.448266,0.574317,0.624528,0.447623,0.445985,0.994005,0.39412,0.055092,0.234444,0.405556,0.996667,4.0,0,0,,2026-09-19T02:38:46,
148,run_1789774700_1967,16,147,-0.7193893728952441,0.2702548692011587,V1_INV_PI,V1,2,0,1.0,200,0.581694,0.460083,0.575483,0.62651,0.455049,0.460122,0.993992,0.39494,0.042137,0.234444,0.416667,1.0,3.8,0,1,,2026-09-19T02:38:46,
149,run_1789774700_1967,16,148,-0.7192854658686633,0.2703587762277395,V1_INV_PI,V1,2,0,1.0,200,0.577191,0.4514,0.575098,0.625829,0.448989,0.45039,0.995298,0.393136,0.046896,0.234444,0.41,1.0,4.0,0,0,,2026-09-19T02:38:46,
150,run_1789774700_1967,16,149,-0.7192854658686633,0.2701509621745779,V1_INV_PI,V1,2,0,1.0,200,0.57395,0.445696,0.574649,0.625703,0.440806,0.445747,0.996601,0.39208,0.050868,0.234444,0.414444,1.0,3.8,0,0,,2026-09-19T02:38:46,
151,run_1789774700_1967,16,150,-0.719211992505555,0.2703283425642669,V1_INV_PI,V1,2,0,1.0,200,0.575937,0.449766,0.57458,0.625294,0.450613,0.445099,0.994381,0.391666,0.028502,0.234444,0.41,0.998889,3.8,0,0,,2026-09-19T02:38:46,
152,run_1789774700_1967,16,151,-0.719211992505555,0.2701813958380505,V1_INV_PI,V1,2,0,1.0,200,0.571843,0.442909,0.574006,0.623499,0.439419,0.441321,0.99586,0.395002,0.045905,0.234444,0.401111,0.998889,3.8,0,0,,2026-09-19T02:38:46,
153,run_1789774700_1967,16,152,-0.7193589392317715,0.2703283425642669,V1_INV_PI,V1,2,0,1.0,200,0.580002,0.456611,0.575418,0.624811,0.454102,0.455919,0.995412,0.397875,0.048572,0.234444,0.414444,0.998889,4.0,0,0,,2026-09-19T02:38:46,
154,run_1789774700_1967,16,153,-0.7193589392317715,0.2701813958380505,V1_INV_PI,V1,2,0,1.0,200,0.58121,0.458946,0.575751,0.627865,0.447232,0.462931,0.996044,0.39454,0.035013,0.234444,0.416667,0.998889,3.8,0,0,,2026-09-19T02:38:46,
155,run_1789774700_1967,16,154,-0.7191847777397266,0.2702767904610453,V1_INV_PI,V1,2,0,1.0,200,0.577133,0.451834,0.574807,0.626057,0.448193,0.450037,0.995404,0.393137,0.035071,0.234444,0.396667,0.998889,4.7,0,0,,2026-09-19T02:38:46,
156,run_1789774700_1967,17,155,-0.7192698798146762,0.2702548692011587,V1_INV_PI,V1,2,0,1.0,200,0.580415,0.458076,0.57513,0.626267,0.452557,0.457924,0.994094,0.392998,0.047832,0.234444,0.41,0.997778,4.1,0,0,,2026-09-19T02:38:46,
157,run_1789774700_1967,17,156,-0.719508865975812,0.2702548692011587,V1_INV_PI,V1,2,0,1.0,200,0.579263,0.454387,0.575427,0.626526,0.450584,0.455367,0.996538,0.393142,0.031,0.234444,0.41,1.0,3.9,0,0,,2026-09-19T02:38:46,
158,run_1789774700_1967,17,157,-0.7193893728952441,0.2703743622817266,V1_INV_PI,V1,2,0,1.0,200,0.577446,0.451608,0.575208,0.625151,0.451568,0.449399,0.995638,0.397634,0.042372,0.234444,0.416667,0.998889,3.8,0,0,,2026-09-19T02:38:46,
159,run_1789774700_1967,17,158,-0.7193893728952441,0.2701353761205908,V1_INV_PI,V1,2,0,1.0,200,0.579994,0.456368,0.57552,0.625073,0.451632,0.457594,0.996191,0.397218,0.033864,0.234444,0.412222,0.998889,3.8,0,0,,2026-09-19T02:38:46,
160,run_1789774700_1967,17,159,-0.7193048785276697,0.27033936356873317,V1_INV_PI,V1,2,0,1.0,200,0.577834,0.452537,0.57523,0.625411,0.449561,0.451611,0.996189,0.39485,0.040221,0.234444,0.416667,0.998889,4.1,0,0,,2026-09-19T02:38:46,
161,run_1789774700_1967,17,160,-0.7193048785276697,0.27017037483358425,V1_INV_PI,V1,2,0,1.0,200,0.577392,0.452797,0.57496,0.625474,0.446886,0.452416,0.994884,0.394066,0.03815,0.234444,0.412222,0.998889,3.8,0,0,,2026-09-19T02:38:46,
162,run_1789774700_1967,17,161,-0.7194738672628185,0.27033936356873317,V1_INV_PI,V1,2,0,1.0,200,0.576265,0.449254,0.574939,0.624122,0.452701,0.444773,0.996472,0.394083,0.029068,0.234444,0.407778,0.998889,3.9,0,0,,2026-09-19T02:38:46,
163,run_1789774700_1967,17,162,-0.7194738672628185,0.27017037483358425,V1_INV_PI,V1,2,0,1.0,200,0.575096,0.448998,0.574373,0.623251,0.447808,0.444397,0.995811,0.396635,0.052695,0.234444,0.412222,0.997778,3.8,0,0,,2026-09-19T02:38:46,
164,run_1789774700_1967,17,163,-0.719331939458444,0.2703669085599896,V1_INV_PI,V1,2,0,1.0,200,0.574258,0.447346,0.574828,0.625281,0.445843,0.442197,0.994661,0.395658,0.044665,0.234444,0.416667,1.0,3.8,0,0,,2026-09-19T02:38:46,
165,run_1789774700_1967,18,164,-0.7193296263549601,0.2702548692011587,V1_INV_PI,V1,2,0,1.0,200,0.577497,0.453052,0.574847,0.625492,0.448735,0.451634,0.994189,0.393362,0.029219,0.234444,0.412222,0.998889,4.5,0,0,,2026-09-19T02:38:46,
166,run_1789774700_1967,18,165,-0.719449119435528,0.2702548692011587,V1_INV_PI,V1,2,0,1.0,200,0.57938,0.454504,0.575616,0.625537,0.456292,0.451681,0.995904,0.3978,0.041297,0.234444,0.412222,0.997778,4.7,0,0,,2026-09-19T02:38:46,
167,run_1789774700_1967,18,166,-0.7193893728952441,0.27031461574144267,V1_INV_PI,V1,2,0,1.0,200,0.580981,0.458592,0.575612,0.625422,0.457495,0.456256,0.994103,0.396296,0.044023,0.234444,0.41,0.997778,3.9,0,0,,2026-09-19T02:38:46,
168,run_1789774700_1967,18,167,-0.7193893728952441,0.27019512266087475,V1_INV_PI,V1,2,0,1.0,200,0.585058,0.465613,0.575863,0.625384,0.460885,0.467066,0.995165,0.396304,0.037126,0.234444,0.416667,0.995556,3.8,0,1,,2026-09-19T02:38:46,
169,run_1789774700_1967,18,168,-0.7193471257114569,0.2702971163849459,V1_INV_PI,V1,2,0,1.0,200,0.577408,0.452955,0.575402,0.62547,0.447161,0.452078,0.994348,0.394716,0.033711,0.234444,0.412222,0.996667,3.8,0,0,,2026-09-19T02:38:46,
170,run_1789774700_1967,18,169,-0.7193471257114569,0.2702126220173715,V1_INV_PI,V1,2,0,1.0,200,0.581062,0.45873,0.575392,0.62557,0.453182,0.459872,0.995183,0.395562,0.030966,0.234444,0.414444,0.997778,4.3,0,0,,2026-09-19T02:38:46,
171,run_1789774700_1967,18,170,-0.7194316200790313,0.2702971163849459,V1_INV_PI,V1,2,0,1.0,200,0.58509,0.465604,0.575833,0.62729,0.456943,0.46941,0.995119,0.396284,0.032092,0.234444,0.418889,0.998889,3.8,0,1,,2026-09-19T02:38:46,
172,run_1789774700_1967,18,171,-0.7194316200790313,0.2702126220173715,V1_INV_PI,V1,2,0,1.0,200,0.581111,0.458633,0.57556,0.627116,0.451208,0.460541,0.995262,0.389838,0.03576,0.234444,0.41,0.998889,3.8,0,0,,2026-09-19T02:38:46,
173,run_1789774700_1967,18,172,-0.7194305780025955,0.2702185942547268,V1_INV_PI,V1,2,0,1.0,200,0.583008,0.462219,0.575802,0.627287,0.45543,0.463202,0.994635,0.392106,0.04235,0.234444,0.41,0.998889,4.0,0,0,,2026-09-19T02:38:46,
174,run_1789774700_1967,19,173,-0.7193629115577047,0.2702971163849459,V1_INV_PI,V1,2,0,1.0,200,0.584796,0.465742,0.575695,0.627706,0.45532,0.470138,0.993544,0.395079,0.054012,0.234444,0.41,0.997778,4.3,0,0,,2026-09-19T02:38:46,
175,run_1789774700_1967,19,174,-0.7195003286003578,0.2702971163849459,V1_INV_PI,V1,2,0,1.0,200,0.578177,0.453171,0.575078,0.625324,0.451973,0.450639,0.996214,0.394956,0.02631,0.234444,0.414444,0.998889,3.8,0,0,,2026-09-19T02:38:46,
176,run_1789774700_1967,19,175,-0.7194316200790313,0.2703658249062725,V1_INV_PI,V1,2,0,1.0,200,0.577343,0.451244,0.575265,0.62442,0.45295,0.448333,0.995909,0.395698,0.015008,0.234444,0.412222,0.997778,3.8,0,0,,2026-09-19T02:38:46,
177,run_1789774700_1967,19,176,-0.7194316200790313,0.27022840786361935,V1_INV_PI,V1,2,0,1.0,200,0.583641,0.462615,0.5759,0.626651,0.458167,0.463827,0.995371,0.396959,0.043442,0.234444,0.414444,0.998889,3.8,0,0,,2026-09-19T02:38:46,
178,run_1789774700_1967,19,177,-0.7193830358176759,0.2703457006463012,V1_INV_PI,V1,2,0,1.0,200,0.576461,0.450658,0.575247,0.62446,0.452013,0.446152,0.994103,0.396069,0.046483,0.234444,0.414444,0.997778,3.9,0,0,,2026-09-19T02:38:46,
179,run_1789774700_1967,19,178,-0.7193830358176759,0.2702485321235906,V1_INV_PI,V1,2,0,1.0,200,0.579941,0.456792,0.575401,0.625856,0.454048,0.45485,0.994801,0.392666,0.040817,0.234444,0.414444,0.998889,3.9,0,0,,2026-09-19T02:38:46,
180,run_1789774700_1967,19,179,-0.7194802043403866,0.2703457006463012,V1_INV_PI,V1,2,0,1.0,200,0.576115,0.449314,0.574936,0.624136,0.452804,0.444352,0.995679,0.395737,0.025335,0.234444,0.412222,1.0,3.8,0,0,,2026-09-19T02:38:46,
181,run_1789774700_1967,19,180,-0.7194802043403866,0.2702485321235906,V1_INV_PI,V1,2,0,1.0,200,0.578795,0.453752,0.575219,0.62649,0.450437,0.453765,0.996468,0.395358,0.032361,0.234444,0.41,1.0,3.8,0,0,,2026-09-19T02:38:46,
182,run_1789774700_1967,19,181,-0.7194077685052555,0.27034005431114716,V1_INV_PI,V1,2,0,1.0,200,0.578031,0.453035,0.575236,0.624444,0.453536,0.450447,0.994818,0.397714,0.031456,0.234444,0.421111,1.0,3.8,0,0,,2026-09-19T02:38:46,
183,run_1789774700_1967,20,182,-0.719397265818368,0.2702971163849459,V1_INV_PI,V1,2,0,1.0,200,0.5781,0.453432,0.575035,0.625963,0.450418,0.452163,0.994702,0.39326,0.037019,0.234444,0.41,1.0,4.0,0,0,,2026-09-19T02:38:46,
184,run_1789774700_1967,20,183,-0.7194659743396945,0.2702971163849459,V1_INV_PI,V1,2,0,1.0,200,0.580523,0.457792,0.575275,0.625484,0.453926,0.457366,0.995116,0.397548,0.037968,0.234444,0.416667,0.998889,3.8,0,0,,2026-09-19T02:38:46,
185,run_1789774700_1967,20,184,-0.7194316200790313,0.2703314706456092,V1_INV_PI,V1,2,0,1.0,200,0.580503,0.45745,0.575532,0.626179,0.453946,0.457328,0.994615,0.397504,0.028871,0.234444,0.418889,0.997778,3.8,0,0,,2026-09-19T02:38:46,
186,run_1789774700_1967,20,185,-0.7194316200790313,0.27026276212428263,V1_INV_PI,V1,2,0,1.0,200,0.582338,0.460525,0.575657,0.626676,0.455106,0.462367,0.994901,0.395209,0.033961,0.234444,0.416667,0.997778,3.9,0,0,,2026-09-19T02:38:46,
187,run_1789774700_1967,20,186,-0.7194073279483536,0.2703214085156236,V1_INV_PI,V1,2,0,1.0,200,0.581887,0.459809,0.575717,0.626963,0.454539,0.460963,0.994714,0.395496,0.034609,0.234444,0.414444,1.0,3.8,0,0,,2026-09-19T02:38:46,
188,run_1789774700_1967,20,187,-0.7194073279483536,0.27027282425426824,V1_INV_PI,V1,2,0,1.0,200,0.584725,0.464955,0.575781,0.627616,0.457447,0.468399,0.993997,0.395024,0.039445,0.234444,0.416667,0.997778,4.0,0,0,,2026-09-19T02:38:46,
189,run_1789774700_1967,20,188,-0.719455912209709,0.2703214085156236,V1_INV_PI,V1,2,0,1.0,200,0.578649,0.453834,0.575239,0.625721,0.453038,0.45224,0.995029,0.394042,0.027111,0.234444,0.41,0.998889,3.9,0,0,,2026-09-19T02:38:46,
190,run_1789774700_1967,20,189,-0.719455912209709,0.27027282425426824,V1_INV_PI,V1,2,0,1.0,200,0.580399,0.45645,0.575543,0.626002,0.454341,0.45721,0.995482,0.395882,0.020908,0.234444,0.412222,0.998889,3.8,0,0,,2026-09-19T02:38:46,
191,run_1789774700_1967,20,190,-0.7194386788770017,0.2702629307824616,V1_INV_PI,V1,2,0,1.0,200,0.581653,0.459127,0.575714,0.625386,0.456686,0.460012,0.994679,0.395473,0.025265,0.234444,0.421111,0.995556,3.8,0,0,,2026-09-19T02:38:46,
192,run_1789774700_1967,21,191,-0.7194144429486996,0.2702971163849459,V1_INV_PI,V1,2,0,1.0,200,0.5794,0.455343,0.575381,0.625858,0.454269,0.453398,0.994858,0.395751,0.037441,0.234444,0.412222,1.0,4.0,0,0,,2026-09-19T02:38:46,
193,run_1789774700_1967,21,192,-0.719448797209363,0.2702971163849459,V1_INV_PI,V1,2,0,1.0,200,0.582723,0.461399,0.575534,0.625304,0.458443,0.46124,0.9953,0.397904,0.015772,0.234444,0.421111,0.998889,3.8,0,0,,2026-09-19T02:38:46,
194,run_1789774700_1967,21,193,-0.7194316200790313,0.2703142935152775,V1_INV_PI,V1,2,0,1.0,200,0.579334,0.455568,0.575424,0.625379,0.454302,0.453898,0.993941,0.395484,0.028116,0.234444,0.412222,0.997778,3.8,0,0,,2026-09-19T02:38:46,
195,run_1789774700_1967,21,194,-0.7194316200790313,0.2702799392546143,V1_INV_PI,V1,2,0,1.0,200,0.582174,0.459507,0.575965,0.628295,0.453358,0.46225,0.995448,0.394202,0.051037,0.234444,0.418889,1.0,3.8,0,0,,2026-09-19T02:38:46,
196,run_1789774700_1967,21,195,-0.7194194740136924,0.27030926245028475,V1_INV_PI,V1,2,0,1.0,200,0.581267,0.458243,0.575727,0.626797,0.455146,0.458803,0.994906,0.396298,0.029262,0.234444,0.414444,0.998889,4.0,0,0,,2026-09-19T02:38:46,
197,run_1789774700_1967,21,196,-0.7194194740136924,0.2702849703196071,V1_INV_PI,V1,2,0,1.0,200,0.581136,0.45839,0.575649,0.625929,0.456379,0.457732,0.994566,0.394203,0.032787,0.234444,0.41,0.996667,3.8,0,0,,2026-09-19T02:38:46,
198,run_1789774700_1967,21,197,-0.7194437661443701,0.27030926245028475,V1_INV_PI,V1,2,0,1.0,200,0.579564,0.455988,0.575488,0.625124,0.455987,0.452688,0.994491,0.396354,0.02021,0.234444,0.416667,0.998889,3.8,0,0,,2026-09-19T02:38:46,
199,run_1789774700_1967,21,198,-0.7194437661443701,0.2702849703196071,V1_INV_PI,V1,2,0,1.0,200,0.580776,0.458017,0.575614,0.626652,0.451957,0.458968,0.995285,0.396297,0.017844,0.234444,0.418889,0.998889,3.8,0,0,,2026-09-19T02:38:46,
200,run_1789774700_1967,21,199,-0.7194253544302682,0.2702802119589447,V1_INV_PI,V1,2,0,1.0,200,0.582655,0.461015,0.575935,0.625861,0.459036,0.460929,0.994249,0.399157,0.026489,0.234444,0.416667,0.997778,3.9,0,0,,2026-09-19T02:38:46,
201,run_1789774700_1967,22,200,-0.7194216200790313,0.2702971163849459,V1_INV_PI,V1,2,0,1.0,200,0.582384,0.461336,0.575576,0.62591,0.455769,0.461752,0.994662,0.398183,0.034933,0.234444,0.416667,0.997778,5.3,0,0,,2026-09-19T02:38:46,
202,run_1789774700_1967,22,201,-0.7194416200790312,0.2702971163849459,V1_INV_PI,V1,2,0,1.0,200,0.58522,0.465715,0.575931,0.627443,0.458535,0.468587,0.99478,0.397032,0.03629,0.234444,0.421111,1.0,3.8,0,1,,2026-09-19T02:38:46,
203,run_1789774700_1967,22,202,-0.7194316200790313,0.2703071163849459,V1_INV_PI,V1,2,0,1.0,200,0.580713,0.458384,0.575467,0.625931,0.45402,0.457806,0.994223,0.396898,0.031334,0.234444,0.414444,0.996667,3.8,0,0,,2026-09-19T02:38:46,
204,run_1789774700_1967,22,203,-0.7194316200790313,0.2702871163849459,V1_INV_PI,V1,2,0,1.0,200,0.581483,0.459144,0.575753,0.627357,0.451727,0.461014,0.995463,0.396186,0.031047,0.234444,0.416667,1.0,3.8,0,0,,2026-09-19T02:38:46,
205,run_1789774700_1967,22,204,-0.7194245490112194,0.2703041874527578,V1_INV_PI,V1,2,0,1.0,200,0.582108,0.4609,0.575523,0.625888,0.4557,0.460885,0.994554,0.398144,0.039321,0.234444,0.418889,0.998889,3.8,0,0,,2026-09-19T02:38:46,
206,run_1789774700_1967,22,205,-0.7194245490112194,0.270290045317134,V1_INV_PI,V1,2,0,1.0,200,0.582388,0.460593,0.575723,0.627712,0.453896,0.462672,0.994926,0.395244,0.031168,0.234444,0.412222,1.0,3.8,0,0,,2026-09-19T02:38:46,
207,run_1789774700_1967,22,206,-0.7194386911468431,0.2703041874527578,V1_INV_PI,V1,2,0,1.0,200,0.582619,0.46178,0.575656,0.627171,0.455077,0.462686,0.9939,0.394774,0.028657,0.234444,0.418889,0.998889,3.8,0,0,,2026-09-19T02:38:46,
208,run_1789774700_1967,22,207,-0.7194386911468431,0.270290045317134,V1_INV_PI,V1,2,0,1.0,200,0.582373,0.460426,0.575754,0.626796,0.455453,0.461371,0.995737,0.396565,0.02874,0.234444,0.416667,1.0,3.8,0,0,,2026-09-19T02:38:46,
209,run_1789774700_1967,22,208,-0.7194286282259097,0.2702993465541051,V1_INV_PI,V1,2,0,1.0,200,0.583645,0.463346,0.575723,0.626109,0.456256,0.465252,0.995382,0.397586,0.030567,0.234444,0.418889,0.996667,3.9,0,0,,2026-09-19T02:38:46,
210,run_1789774700_1967,23,209,-0.7194301200790312,0.2702971163849459,V1_INV_PI,V1,2,0,1.0,200,0.584113,0.463884,0.575777,0.626524,0.457107,0.466471,0.995066,0.399203,0.031177,0.234444,0.418889,0.998889,5.1,0,0,,2026-09-19T02:38:47,
211,run_1789774700_1967,23,210,-0.7194531200790313,0.2702971163849459,V1_INV_PI,V1,2,0,1.0,200,0.580827,0.458508,0.5753,0.625308,0.4537,0.459069,0.994625,0.39458,0.022931,0.234444,0.414444,0.995556,4.2,0,0,,2026-09-19T02:38:47,
212,run_1789774700_1967,23,211,-0.7194416200790312,0.2703086163849459,V1_INV_PI,V1,2,0,1.0,200,0.581241,0.459225,0.57557,0.625514,0.457815,0.456607,0.994061,0.395544,0.018014,0.234444,0.414444,0.996667,4.7,0,0,,2026-09-19T02:38:47,
213,run_1789774700_1967,23,212,-0.7194416200790312,0.2702856163849459,V1_INV_PI,V1,2,0,1.0,200,0.58097,0.457621,0.575711,0.627232,0.452403,0.459206,0.995878,0.394675,0.034545,0.234444,0.418889,1.0,4.7,0,0,,2026-09-19T02:38:47,
214,run_1789774700_1967,23,213,-0.7194334883510476,0.27030524811292955,V1_INV_PI,V1,2,0,1.0,200,0.579017,0.455233,0.575392,0.625139,0.451925,0.453887,0.99505,0.398623,0.030835,0.234444,0.416667,0.998889,4.2,0,0,,2026-09-19T02:38:47,
215,run_1789774700_1967,23,214,-0.7194334883510476,0.2702889846569623,V1_INV_PI,V1,2,0,1.0,200,0.581388,0.458562,0.57582,0.62735,0.452312,0.460551,0.995618,0.396215,0.03756,0.234444,0.418889,0.998889,4.3,0,0,,2026-09-19T02:38:47,
216,run_1789774700_1967,23,215,-0.7194497518070149,0.27030524811292955,V1_INV_PI,V1,2,0,1.0,200,0.580779,0.457795,0.575475,0.625905,0.455675,0.456442,0.995369,0.396465,0.025716,0.234444,0.414444,0.998889,4.8,0,0,,2026-09-19T02:38:47,
217,run_1789774700_1967,23,216,-0.7194497518070149,0.2702889846569623,V1_INV_PI,V1,2,0,1.0,200,0.579878,0.455551,0.575668,0.626032,0.455066,0.454229,0.99561,0.395649,0.032447,0.234444,0.421111,0.997778,5.2,0,0,,2026-09-19T02:38:47,
218,run_1789774700_1967,23,217,-0.7194524412144034,0.27029630013235556,V1_INV_PI,V1,2,0,1.0,200,0.581676,0.460154,0.57543,0.625761,0.455094,0.460479,0.994155,0.395744,0.030516,0.234444,0.416667,0.997778,4.4,0,0,,2026-09-19T02:38:47,
219,run_1789774700_1967,24,218,-0.7194516200790312,0.2702971163849459,V1_INV_PI,V1,2,0,1.0,200,0.581434,0.459325,0.575441,0.625203,0.45615,0.459501,0.99439,0.39512,0.020792,0.234444,0.412222,0.997778,5.1,0,0,,2026-09-19T02:38:47,
220,run_1789774700_1967,24,219,-0.7194416200790312,0.2703071163849459,V1_INV_PI,V1,2,0,1.0,200,0.582989,0.462453,0.575621,0.626228,0.458349,0.461701,0.993942,0.397711,0.026263,0.234444,0.41,0.998889,3.8,0,0,,2026-09-19T02:38:47,
221,run_1789774700_1967,24,220,-0.7194416200790312,0.2702871163849459,V1_INV_PI,V1,2,0,1.0,200,0.583468,0.462086,0.575848,0.627176,0.456321,0.465055,0.995243,0.396589,0.062423,0.234444,0.416667,1.0,3.9,0,0,,2026-09-19T02:38:47,
222,run_1789774700_1967,24,221,-0.7194345490112194,0.2703041874527578,V1_INV_PI,V1,2,0,1.0,200,0.580939,0.458633,0.575545,0.627098,0.452522,0.458799,0.994571,0.396116,0.037119,0.234444,0.421111,1.0,3.8,0,0,,2026-09-19T02:38:47,
223,run_1789774700_1967,24,222,-0.7194345490112194,0.270290045317134,V1_INV_PI,V1,2,0,1.0,200,0.581899,0.459365,0.575711,0.627046,0.453909,0.460959,0.99609,0.39551,0.028954,0.234444,0.421111,1.0,4.4,0,0,,2026-09-19T02:38:47,
224,run_1789774700_1967,24,223,-0.7194486911468431,0.2703041874527578,V1_INV_PI,V1,2,0,1.0,200,0.578922,0.454935,0.575367,0.624741,0.455748,0.450715,0.994683,0.398463,0.022704,0.234444,0.414444,0.997778,3.8,0,0,,2026-09-19T02:38:47,
225,run_1789774700_1967,24,224,-0.7194486911468431,0.270290045317134,V1_INV_PI,V1,2,0,1.0,200,0.578502,0.453689,0.575406,0.62532,0.452545,0.451505,0.995754,0.396661,0.029183,0.234444,0.423333,0.998889,3.8,0,0,,2026-09-19T02:38:47,
226,run_1789774700_1967,24,225,-0.7194397867620088,0.2702917618526783,V1_INV_PI,V1,2,0,1.0,200,0.584444,0.464347,0.575798,0.62699,0.457073,0.467327,0.995195,0.395767,0.044177,0.234444,0.421111,0.997778,3.8,0,0,,2026-09-19T02:38:47,
227,run_1789774700_1967,25,226,-0.7194469131094384,0.27028919886993935,V1_INV_PI,V1,2,0,1.0,200,0.582412,0.460498,0.575701,0.626295,0.455724,0.462241,0.995288,0.394983,0.016845,0.234444,0.418889,0.996667,4.1,0,0,,2026-09-19T02:38:47,
228,run_1789774700_1967,26,227,-0.7194341941487554,0.2703059717396272,V1_INV_PI,V1,2,0,1.0,200,0.579289,0.455638,0.575423,0.626217,0.450833,0.455188,0.994872,0.395745,0.036066,0.234444,0.418889,0.997778,4.0,0,0,,2026-09-19T02:38:47,
229,run_1789774700_1967,27,228,-0.719436217636569,0.27029483215207933,V1_INV_PI,V1,2,0,1.0,200,0.584773,0.464897,0.575886,0.627245,0.457008,0.468543,0.994977,0.397025,0.018584,0.234444,0.423333,0.998889,4.0,0,0,,2026-09-19T02:38:47,
230,run_1789774700_1967,28,229,-0.7194336748531531,0.2702909882469944,V1_INV_PI,V1,2,0,1.0,200,0.584799,0.464791,0.575796,0.62719,0.457339,0.468367,0.995315,0.39775,0.045253,0.234444,0.421111,0.997778,4.2,0,0,,2026-09-19T02:38:47,
231,run_1789774700_1967,29,230,-0.719441838782223,0.2703007858001536,V1_INV_PI,V1,2,0,1.0,200,0.584557,0.464929,0.575781,0.626528,0.459692,0.465965,0.994199,0.396579,0.024159,0.234444,0.421111,0.996667,4.0,0,0,,2026-09-19T02:38:47,
232,run_1789774700_1967,30,231,-0.7194346640286374,0.2703026458176633,V1_INV_PI,V1,2,0,1.0,200,0.583159,0.46301,0.575618,0.626982,0.455554,0.46407,0.993822,0.39665,0.044211,0.234444,0.421111,0.996667,4.0,0,0,,2026-09-19T02:38:47,
233,run_1789774700_1967,31,232,-0.7194459360893876,0.2702987005642145,V1_INV_PI,V1,2,0,1.0,200,0.582125,0.459985,0.575598,0.62638,0.456699,0.459818,0.995699,0.395286,0.02339,0.234444,0.421111,0.998889,4.1,0,0,,2026-09-19T02:38:47,
234,run_1789774700_1967,32,233,-0.719433262290588,0.2702941081461377,V1_INV_PI,V1,2,0,1.0,200,0.583913,0.463443,0.575763,0.626308,0.457263,0.465557,0.995456,0.396319,0.018479,0.234444,0.421111,0.997778,4.0,0,0,,2026-09-19T02:38:47,
235,run_1789774700_1967,33,234,-0.7194451330616197,0.27030287495780386,V1_INV_PI,V1,2,0,1.0,200,0.579689,0.456288,0.575455,0.62596,0.454262,0.453941,0.994498,0.394896,0.033578,0.234444,0.418889,0.997778,4.0,0,0,,2026-09-19T02:38:47,
236,run_1789774700_1967,34,235,-0.7194356414784344,0.27028735952070837,V1_INV_PI,V1,2,0,1.0,200,0.584124,0.463814,0.575832,0.627271,0.455095,0.467411,0.995527,0.397489,0.031281,0.234444,0.421111,1.0,4.3,0,0,,2026-09-19T02:38:47,
237,run_1789774700_1967,35,236,-0.7194445712342457,0.27029132247486565,V1_INV_PI,V1,2,0,1.0,200,0.582552,0.460515,0.575816,0.627019,0.456097,0.461681,0.995544,0.395262,0.027255,0.234444,0.418889,0.998889,4.5,0,0,,2026-09-19T02:38:47,
238,run_1789774700_1967,36,237,-0.7194500465675259,0.2703052241909786,V1_INV_PI,V1,2,0,1.0,200,0.580779,0.457795,0.575475,0.625905,0.455675,0.456442,0.995369,0.396465,0.025716,0.234444,0.414444,0.998889,4.0,0,0,,2026-09-19T02:38:47,
239,run_1789774700_1967,37,238,-0.7194506347309567,0.27029021775102163,V1_INV_PI,V1,2,0,1.0,200,0.579801,0.455747,0.575525,0.625259,0.455824,0.453762,0.995391,0.396428,0.049117,0.234444,0.418889,0.996667,4.0,0,0,,2026-09-19T02:38:47,
240,run_1789774700_1967,38,239,-0.7194322606767086,0.27029571511432465,V1_INV_PI,V1,2,0,1.0,200,0.585306,0.465906,0.575853,0.626282,0.459285,0.468968,0.99514,0.398308,0.027877,0.234444,0.421111,0.997778,4.0,0,1,,2026-09-19T02:38:47,
241,run_1789774700_1967,39,240,-0.7194207606767086,0.27029571511432465,V1_INV_PI,V1,2,0,1.0,200,0.581373,0.459174,0.575533,0.625699,0.454843,0.45925,0.995208,0.397878,0.021154,0.234444,0.416667,0.997778,4.0,0,0,,2026-09-19T02:38:47,
242,run_1789774700_1967,39,241,-0.7194437606767087,0.27029571511432465,V1_INV_PI,V1,2,0,1.0,200,0.582901,0.461305,0.575704,0.626554,0.458307,0.461171,0.995431,0.395864,0.038197,0.234444,0.423333,0.997778,4.8,0,0,,2026-09-19T02:38:47,
243,run_1789774700_1967,39,242,-0.7194322606767086,0.27030721511432465,V1_INV_PI,V1,2,0,1.0,200,0.580713,0.458384,0.575467,0.625931,0.45402,0.457806,0.994223,0.396898,0.031334,0.234444,0.414444,0.996667,3.8,0,0,,2026-09-19T02:38:47,
244,run_1789774700_1967,39,243,-0.7194322606767086,0.27028421511432466,V1_INV_PI,V1,2,0,1.0,200,0.582887,0.461637,0.575741,0.627061,0.453961,0.464027,0.995731,0.395807,0.033811,0.234444,0.418889,0.996667,4.2,0,0,,2026-09-19T02:38:47,
245,run_1789774700_1967,39,244,-0.719424128948725,0.2703038468423083,V1_INV_PI,V1,2,0,1.0,200,0.58173,0.460149,0.575563,0.626303,0.454929,0.459911,0.994581,0.39745,0.035612,0.234444,0.416667,0.997778,3.8,0,0,,2026-09-19T02:38:47,
246,run_1789774700_1967,39,245,-0.719424128948725,0.270287583386341,V1_INV_PI,V1,2,0,1.0,200,0.582169,0.46025,0.575656,0.626697,0.455653,0.461358,0.994679,0.397355,0.030247,0.234444,0.412222,0.997778,3.8,0,0,,2026-09-19T02:38:47,
247,run_1789774700_1967,39,246,-0.7194403924046923,0.2703038468423083,V1_INV_PI,V1,2,0,1.0,200,0.582567,0.46132,0.575695,0.627545,0.454438,0.462727,0.994509,0.396124,0.026959,0.234444,0.418889,1.0,3.8,0,0,,2026-09-19T02:38:47,
248,run_1789774700_1967,39,247,-0.7194403924046923,0.270287583386341,V1_INV_PI,V1,2,0,1.0,200,0.583229,0.461746,0.575819,0.627876,0.454351,0.464796,0.995774,0.395565,0.034573,0.234444,0.416667,1.0,4.0,0,0,,2026-09-19T02:38:47,
249,run_1789774700_1967,39,248,-0.7194248296041558,0.2702914548999169,V1_INV_PI,V1,2,0,1.0,200,0.58278,0.461532,0.57563,0.626834,0.456468,0.462575,0.994476,0.397202,0.041448,0.234444,0.414444,0.998889,3.8,0,0,,2026-09-19T02:38:47,
250,run_1789774700_1967,40,249,-0.7194222606767087,0.27029571511432465,V1_INV_PI,V1,2,0,1.0,200,0.583028,0.461722,0.575664,0.625815,0.457374,0.4632,0.995263,0.397316,0.027299,0.234444,0.416667,0.997778,4.2,0,0,,2026-09-19T02:38:47,
251,run_1789774700_1967,40,250,-0.7194422606767086,0.27029571511432465,V1_INV_PI,V1,2,0,1.0,200,0.581149,0.458789,0.575688,0.626345,0.453468,0.4587,0.995477,0.396809,0.024707,0.234444,0.421111,0.997778,3.8,0,0,,2026-09-19T02:38:47,
252,run_1789774700_1967,40,251,-0.7194322606767086,0.27030571511432466,V1_INV_PI,V1,2,0,1.0,200,0.581212,0.45925,0.575513,0.626163,0.453699,0.459636,0.99432,0.397566,0.031778,0.234444,0.414444,0.997778,3.8,0,0,,2026-09-19T02:38:47,
253,run_1789774700_1967,40,252,-0.7194322606767086,0.27028571511432464,V1_INV_PI,V1,2,0,1.0,200,0.580711,0.457405,0.575723,0.627298,0.451013,0.459124,0.995907,0.395368,0.033379,0.234444,0.416667,1.0,3.8,0,0,,2026-09-19T02:38:47,
254,run_1789774700_1967,40,253,-0.7194251896088968,0.27030278618213655,V1_INV_PI,V1,2,0,1.0,200,0.581514,0.460022,0.575462,0.6253,0.455293,0.45968,0.994325,0.398792,0.043244,0.234444,0.418889,0.998889,3.8,0,0,,2026-09-19T02:38:47,
255,run_1789774700_1967,40,254,-0.7194251896088968,0.27028864404651276,V1_INV_PI,V1,2,0,1.0,200,0.581675,0.459238,0.575615,0.62673,0.454235,0.460683,0.995175,0.396052,0.029352,0.234444,0.412222,0.997778,3.8,0,0,,2026-09-19T02:38:47,
256,run_1789774700_1967,40,255,-0.7194393317445205,0.27030278618213655,V1_INV_PI,V1,2,0,1.0,200,0.580969,0.458602,0.575508,0.626576,0.454534,0.45786,0.99431,0.39656,0.027498,0.234444,0.418889,0.998889,3.8,0,0,,2026-09-19T02:38:47,
257,run_1789774700_1967,40,256,-0.7194393317445205,0.27028864404651276,V1_INV_PI,V1,2,0,1.0,200,0.582185,0.459806,0.575754,0.627026,0.45418,0.46186,0.996068,0.395446,0.029965,0.234444,0.418889,1.0,4.4,0,0,,2026-09-19T02:38:47,
258,run_1789774700_1967,40,257,-0.719436417930111,0.27028760850344874,V1_INV_PI,V1,2,0,1.0,200,0.581729,0.459131,0.575768,0.627631,0.451831,0.461886,0.995857,0.393178,0.031759,0.234444,0.421111,1.0,3.8,0,0,,2026-09-19T02:38:47,
259,run_1789774700_1967,41,258,-0.719438956450804,0.2702912105534094,V1_INV_PI,V1,2,0,1.0,200,0.582159,0.460097,0.57572,0.62677,0.454812,0.461213,0.995717,0.395879,0.032216,0.234444,0.418889,1.0,4.4,0,0,,2026-09-19T02:38:47,
260,run_1789774700_1967,42,259,-0.7194387983524531,0.27029545485390977,V1_INV_PI,V1,2,0,1.0,200,0.581982,0.45984,0.575713,0.626922,0.453851,0.461412,0.995581,0.394401,0.029773,0.234444,0.418889,1.0,4.0,0,0,,2026-09-19T02:38:47,
261,run_1789774700_1967,43,260,-0.719434351084495,0.2702998175699542,V1_INV_PI,V1,2,0,1.0,200,0.583478,0.462902,0.575707,0.626031,0.45659,0.464617,0.995406,0.39691,0.040065,0.234444,0.418889,0.996667,4.0,0,0,,2026-09-19T02:38:47,
262,run_1789774700_1967,44,261,-0.7194296363995543,0.27030469398821283,V1_INV_PI,V1,2,0,1.0,200,0.582309,0.461167,0.57558,0.625672,0.455209,0.462414,0.994572,0.395417,0.029679,0.234444,0.418889,0.998889,4.0,0,0,,2026-09-19T02:38:47,
263,run_1789774700_1967,45,262,-0.719437878093024,0.27029770967071753,V1_INV_PI,V1,2,0,1.0,200,0.585413,0.466865,0.575822,0.627147,0.45814,0.469943,0.993594,0.394935,0.029873,0.234444,0.416667,0.996667,4.0,0,1,,2026-09-19T02:38:47,
264,run_1789774700_1967,46,263,-0.7194263780930239,0.27029770967071753,V1_INV_PI,V1,2,0,1.0,200,0.580357,0.456993,0.575541,0.6264,0.453602,0.45651,0.995341,0.396112,0.038541,0.234444,0.416667,1.0,4.0,0,0,,2026-09-19T02:38:47,
265,run_1789774700_1967,46,264,-0.719449378093024,0.27029770967071753,V1_INV_PI,V1,2,0,1.0,200,0.581058,0.458161,0.575485,0.626245,0.454638,0.458447,0.995301,0.395554,0.020105,0.234444,0.421111,1.0,3.8,0,0,,2026-09-19T02:38:47,
266,run_1789774700_1967,46,265,-0.719437878093024,0.27030920967071753,V1_INV_PI,V1,2,0,1.0,200,0.579946,0.456493,0.575598,0.626359,0.453149,0.455686,0.994695,0.396641,0.032739,0.234444,0.407778,0.998889,4.4,0,0,,2026-09-19T02:38:47,
267,run_1789774700_1967,46,266,-0.719437878093024,0.27028620967071754,V1_INV_PI,V1,2,0,1.0,200,0.584228,0.464198,0.575779,0.627672,0.454169,0.467774,0.995799,0.396476,0.026711,0.234444,0.418889,0.997778,3.8,0,0,,2026-09-19T02:38:47,
268,run_1789774700_1967,46,267,-0.7194297463650403,0.2703058413987012,V1_INV_PI,V1,2,0,1.0,200,0.584499,0.465031,0.57567,0.626391,0.457064,0.467884,0.994598,0.397447,0.045323,0.234444,0.416667,0.998889,3.8,0,0,,2026-09-19T02:38:47,
269,run_1789774700_1967,46,268,-0.7194297463650403,0.2702895779427339,V1_INV_PI,V1,2,0,1.0,200,0.582651,0.460423,0.575829,0.626312,0.457675,0.461543,0.995613,0.39761,0.039997,0.234444,0.414444,1.0,3.8,0,0,,2026-09-19T02:38:47,
270,run_1789774700_1967,46,269,-0.7194460098210076,0.2703058413987012,V1_INV_PI,V1,2,0,1.0,200,0.578594,0.454636,0.575374,0.62481,0.456418,0.449222,0.993744,0.395901,0.011956,0.234444,0.414444,0.996667,3.8,0,0,,2026-09-19T02:38:47,
271,run_1789774700_1967,46,270,-0.7194460098210076,0.2702895779427339,V1_INV_PI,V1,2,0,1.0,200,0.583738,0.46273,0.575832,0.627349,0.456212,0.465562,0.995414,0.395122,0.022465,0.234444,0.421111,0.997778,3.8,0,0,,2026-09-19T02:38:47,
272,run_1789774700_1967,46,271,-0.7194271196816597,0.27030909827149596,V1_INV_PI,V1,2,0,1.0,200,0.581173,0.458686,0.575586,0.626669,0.453362,0.459267,0.995123,0.395528,0.038707,0.234444,0.414444,0.998889,3.8,0,0,,2026-09-19T02:38:47,
273,run_1789774700_1967,47,272,-0.719427878093024,0.27029770967071753,V1_INV_PI,V1,2,0,1.0,200,0.583812,0.463593,0.575678,0.626068,0.457102,0.465241,0.995335,0.399511,0.032772,0.234444,0.416667,0.998889,4.0,0,0,,2026-09-19T02:38:47,
274,run_1789774700_1967,47,273,-0.7194478780930239,0.27029770967071753,V1_INV_PI,V1,2,0,1.0,200,0.581561,0.45885,0.575599,0.626555,0.454912,0.459547,0.995708,0.395149,0.026174,0.234444,0.418889,1.0,3.9,0,0,,2026-09-19T02:38:47,
275,run_1789774700_1967,47,274,-0.719437878093024,0.27030770967071754,V1_INV_PI,V1,2,0,1.0,200,0.576631,0.450779,0.575242,0.625493,0.451745,0.445966,0.994459,0.395391,0.028806,0.234444,0.412222,0.998889,4.0,0,0,,2026-09-19T02:38:47,
276,run_1789774700_1967,47,275,-0.719437878093024,0.2702877096707175,V1_INV_PI,V1,2,0,1.0,200,0.583413,0.462271,0.575834,0.627792,0.453882,0.465475,0.995985,0.395446,0.026599,0.234444,0.421111,1.0,3.8,0,0,,2026-09-19T02:38:47,
277,run_1789774700_1967,47,276,-0.7194308070252121,0.2703047807385294,V1_INV_PI,V1,2,0,1.0,200,0.583892,0.464122,0.575601,0.626503,0.456058,0.46633,0.994586,0.396314,0.035612,0.234444,0.416667,0.996667,3.9,0,0,,2026-09-19T02:38:47,
278,run_1789774700_1967,47,277,-0.7194308070252121,0.27029063860290564,V1_INV_PI,V1,2,0,1.0,200,0.584617,0.464771,0.575938,0.627026,0.458049,0.467535,0.994282,0.39553,0.027884,0.234444,0.416667,0.996667,3.8,0,0,,2026-09-19T02:38:47,
279,run_1789774700_1967,47,278,-0.7194449491608358,0.2703047807385294,V1_INV_PI,V1,2,0,1.0,200,0.578897,0.454665,0.575407,0.625542,0.454507,0.451266,0.994817,0.396281,0.024886,0.234444,0.416667,1.0,3.8,0,0,,2026-09-19T02:38:47,
280,run_1789774700_1967,47,279,-0.7194449491608358,0.27029063860290564,V1_INV_PI,V1,2,0,1.0,200,0.582552,0.460515,0.575816,0.627019,0.456097,0.461681,0.995544,0.395262,0.027255,0.234444,0.418889,0.998889,4.1,0,0,,2026-09-19T02:38:47,
281,run_1789774700_1967,47,280,-0.7194297259290964,0.27030151259132074,V1_INV_PI,V1,2,0,1.0,200,0.581516,0.459712,0.575566,0.626023,0.453235,0.460767,0.994995,0.397732,0.038499,0.234444,0.416667,0.997778,3.9,0,0,,2026-09-19T02:38:47,
282,run_1789774700_1967,48,281,-0.719441328106058,0.2702922434714746,V1_INV_PI,V1,2,0,1.0,200,0.582451,0.460769,0.575713,0.62595,0.457285,0.460598,0.995511,0.396623,0.02966,0.234444,0.421111,0.997778,4.0,0,0,,2026-09-19T02:38:47,
283,run_1789774700_1967,49,282,-0.7194319856014909,0.27028946008353827,V1_INV_PI,V1,2,0,1.0,200,0.58201,0.459956,0.575746,0.627111,0.454352,0.461261,0.995004,0.393684,0.038157,0.234444,0.414444,0.998889,4.0,0,0,,2026-09-19T02:38:47,
284,run_1789774700_1967,50,283,-0.7194288686167365,0.27029158176954204,V1_INV_PI,V1,2,0,1.0,200,0.584099,0.463336,0.575847,0.626753,0.457629,0.466034,0.995501,0.396448,0.03159,0.234444,0.414444,0.998889,4.4,0,0,,2026-09-19T02:38:47,
285,run_1789774700_1967,51,284,-0.7194471700576313,0.2702932651241036,V1_INV_PI,V1,2,0,1.0,200,0.583913,0.463158,0.575803,0.626816,0.458094,0.464541,0.99557,0.39631,0.028934,0.234444,0.423333,0.997778,4.0,0,0,,2026-09-19T02:38:47,
286,run_1789774700_1967,52,285,-0.7194373425087611,0.2702935416867648,V1_INV_PI,V1,2,0,1.0,200,0.584991,0.465248,0.57588,0.626869,0.457738,0.468847,0.995193,0.397428,0.023716,0.234444,0.416667,1.0,4.0,0,0,,2026-09-19T02:38:47,
287,run_1789774700_1967,53,286,-0.7194321214627059,0.2702941247918222,V1_INV_PI,V1,2,0,1.0,200,0.584296,0.463973,0.575857,0.627588,0.455882,0.467306,0.995382,0.395069,0.029499,0.234444,0.418889,0.998889,4.0,0,0,,2026-09-19T02:38:47,
288,run_1789774700_1967,54,287,-0.719433009223785,0.2703044380925755,V1_INV_PI,V1,2,0,1.0,200,0.580764,0.458192,0.575553,0.626951,0.451883,0.458973,0.994745,0.395381,0.042281,0.234444,0.414444,1.0,4.0,0,0,,2026-09-19T02:38:47,
289,run_1789774700_1967,55,288,-0.7194356689271669,0.27030304977022623,V1_INV_PI,V1,2,0,1.0,200,0.582443,0.461537,0.57562,0.627172,0.453527,0.462773,0.994638,0.395341,0.034659,0.234444,0.416667,0.997778,4.0,0,0,,2026-09-19T02:38:47,
290,run_1789774700_1967,56,289,-0.7194423190499307,0.2703045633324428,V1_INV_PI,V1,2,0,1.0,200,0.583476,0.462785,0.575704,0.626675,0.45825,0.463433,0.994468,0.397584,0.047731,0.234444,0.418889,1.0,4.0,0,0,,2026-09-19T02:38:47,
291,run_1789774700_1967,57,290,-0.7194425752684832,0.2702938344157861,V1_INV_PI,V1,2,0,1.0,200,0.583756,0.462866,0.575789,0.627662,0.456771,0.464586,0.995453,0.395948,0.038699,0.234444,0.423333,1.0,4.0,0,0,,2026-09-19T02:38:47,
292,run_1789774700_1967,58,291,-0.7194435169224221,0.27029813981756634,V1_INV_PI,V1,2,0,1.0,200,0.582689,0.46108,0.575681,0.626928,0.455728,0.462711,0.995075,0.394136,0.030368,0.234444,0.421111,1.0,4.0,0,0,,2026-09-19T02:38:47,
293,run_1789774700_1967,59,292,-0.719430987464434,0.27030388961254104,V1_INV_PI,V1,2,0,1.0,200,0.5827,0.462145,0.575583,0.626273,0.454621,0.463842,0.994103,0.398495,0.043339,0.234444,0.416667,0.997778,4.1,0,0,,2026-09-19T02:38:47,
294,run_1789774700_1967,60,293,-0.7194388509937488,0.2703063509890436,V1_INV_PI,V1,2,0,1.0,200,0.582056,0.460586,0.575673,0.627434,0.453729,0.461748,0.99415,0.396133,0.037504,0.234444,0.418889,0.998889,4.0,0,0,,2026-09-19T02:38:47,
295,run_1789774700_1967,61,294,-0.7194449453058528,0.2702917229103385,V1_INV_PI,V1,2,0,1.0,200,0.58303,0.461522,0.575788,0.626857,0.456707,0.463083,0.995227,0.396477,0.026543,0.234444,0.423333,0.998889,4.0,0,0,,2026-09-19T02:38:47,
296,run_1789774700_1967,62,295,-0.7194312668103822,0.27030384627135695,V1_INV_PI,V1,2,0,1.0,200,0.5827,0.462145,0.575583,0.626273,0.454621,0.463842,0.994103,0.398495,0.043339,0.234444,0.416667,0.997778,4.0,0,0,,2026-09-19T02:38:47,
297,run_1789774700_1967,63,296,-0.7194455909878931,0.2702957987505746,V1_INV_PI,V1,2,0,1.0,200,0.582876,0.461115,0.575636,0.626787,0.456577,0.462288,0.996029,0.394481,0.028135,0.234444,0.421111,0.997778,4.0,0,0,,2026-09-19T02:38:47,
298,run_1789774700_1967,64,297,-0.7194352816239804,0.2703070456943235,V1_INV_PI,V1,2,0,1.0,200,0.582964,0.462591,0.575522,0.625485,0.457117,0.463226,0.994089,0.398777,0.026668,0.234444,0.418889,0.996667,4.0,0,0,,2026-09-19T02:38:47,
299,run_1789774700_1967,65,298,-0.7194464271572859,0.27030552247053913,V1_INV_PI,V1,2,0,1.0,200,0.578594,0.454636,0.575374,0.62481,0.456418,0.449222,0.993744,0.395901,0.011956,0.234444,0.414444,0.996667,4.0,0,0,,2026-09-19T02:38:47,
300,run_1789774700_1967,66,420,1.0,0.0,V1_INV_PI,V1,2,0,1.0,200,0.828899,0.890177,0.889214,0.602576,0.639704,0.911595,0.999274,0.0,0.035278,0.471111,0.001111,1.0,3.9,0,0,,2026-09-19T02:38:48,
301,run_1789774700_1967,66,421,0.98,0.0,V1_INV_PI,V1,2,0,1.0,200,0.829923,0.891274,0.890733,0.602714,0.64174,0.912899,0.999276,0.0,0.0316,0.46,0.001111,1.0,3.7,0,1,,2026-09-19T02:38:48,
302,run_1789774700_1967,66,422,1.0,0.02,V1_INV_PI,V1,2,0,1.0,200,0.827869,0.88892,0.888918,0.602583,0.6355,0.911332,0.999257,0.0,0.036397,0.472222,0.001111,1.0,3.7,0,0,,2026-09-19T02:38:48,
303,run_1789774700_1967,66,423,1.0,-0.02,V1_INV_PI,V1,2,0,1.0,200,0.827869,0.88892,0.888918,0.602583,0.6355,0.911332,0.999257,0.0,0.036397,0.472222,0.001111,1.0,3.7,0,0,,2026-09-19T02:38:48,
304,run_1789774700_1967,66,424,1.0,0.014142135623730949,V1_INV_PI,V1,2,0,1.0,200,0.82856,0.889724,0.889206,0.602579,0.638303,0.911506,0.999265,0.0,0.036166,0.472222,0.001111,1.0,3.7,0,0,,2026-09-19T02:38:48,
305,run_1789774700_1967,66,425,1.0,-0.014142135623730949,V1_INV_PI,V1,2,0,1.0,200,0.82856,0.889724,0.889206,0.602579,0.638303,0.911506,0.999265,0.0,0.036166,0.472222,0.001111,1.0,3.7,0,0,,2026-09-19T02:38:48,
306,run_1789774700_1967,66,426,0.9858578643762691,0.014142135623730949,V1_INV_PI,V1,2,0,1.0,200,0.829709,0.891118,0.889887,0.602669,0.641983,0.912378,0.999279,0.0,0.033985,0.465556,0.001111,1.0,3.7,0,0,,2026-09-19T02:38:48,
307,run_1789774700_1967,66,427,0.9858578643762691,-0.014142135623730949,V1_INV_PI,V1,2,0,1.0,200,0.829709,0.891118,0.889887,0.602669,0.641983,0.912378,0.999279,0.0,0.033985,0.465556,0.001111,1.0,3.7,0,0,,2026-09-19T02:38:48,
308,run_1789774700_1967,66,428,1.0,-0.009825306557196788,V1_INV_PI,V1,2,0,1.0,200,0.828767,0.890002,0.8892,0.602576,0.639203,0.911523,0.999271,0.0,0.036272,0.472222,0.001111,1.0,3.7,0,0,,2026-09-19T02:38:48,
309,run_1789774700_1967,67,429,0.957,0.0,V1_INV_PI,V1,2,0,1.0,200,0.826158,0.886589,0.890829,0.602921,0.623858,0.913279,0.999184,0.0,0.031134,0.453333,0.001111,1.0,3.8,0,0,,2026-09-19T02:38:48,
310,run_1789774700_1967,67,430,0.98,0.023,V1_INV_PI,V1,2,0,1.0,200,0.829911,0.891194,0.890722,0.602714,0.641989,0.912711,0.999282,0.0,0.033168,0.461111,0.001111,1.0,3.7,0,0,,2026-09-19T02:38:48,
311,run_1789774700_1967,67,431,0.98,-0.023,V1_INV_PI,V1,2,0,1.0,200,0.829911,0.891194,0.890722,0.602714,0.641989,0.912711,0.999282,0.0,0.033168,0.461111,0.001111,1.0,4.4,0,0,,2026-09-19T02:38:48,
312,run_1789774700_1967,67,432,0.9962634559672906,0.01626345596729059,V1_INV_PI,V1,2,0,1.0,200,0.828506,0.889637,0.889122,0.602608,0.638237,0.911417,0.999261,0.0,0.035918,0.472222,0.001111,1.0,3.6,0,0,,2026-09-19T02:38:48,
313,run_1789774700_1967,67,433,0.9962634559672906,-0.01626345596729059,V1_INV_PI,V1,2,0,1.0,200,0.828506,0.889637,0.889121,0.602608,0.638237,0.911417,0.999261,0.0,0.035918,0.472222,0.001111,1.0,3.6,0,0,,2026-09-19T02:38:48,
314,run_1789774700_1967,67,434,0.9637365440327094,0.01626345596729059,V1_INV_PI,V1,2,0,1.0,200,0.825865,0.886058,0.891302,0.602871,0.622382,0.91325,0.999197,0.0,0.032022,0.454444,0.001111,1.0,3.7,0,0,,2026-09-19T02:38:48,
315,run_1789774700_1967,67,435,0.9637365440327094,-0.01626345596729059,V1_INV_PI,V1,2,0,1.0,200,0.825865,0.886058,0.891302,0.602871,0.622382,0.91325,0.999197,0.0,0.032022,0.454444,0.001111,1.0,3.6,0,0,,2026-09-19T02:38:48,
316,run_1789774700_1967,67,436,0.9715381175970461,0.01081814640228252,V1_INV_PI,V1,2,0,1.0,200,0.828589,0.889734,0.890907,0.602792,0.635172,0.912915,0.999252,0.0,0.03115,0.456667,0.001111,1.0,3.6,0,0,,2026-09-19T02:38:48,
317,run_1789774700_1967,68,437,0.9914999999999999,0.0,V1_INV_PI,V1,2,0,1.0,200,0.82931,0.89043,0.889542,0.602632,0.641494,0.911749,0.999264,0.0,0.034131,0.471111,0.001111,1.0,3.8,0,0,,2026-09-19T02:38:48,
318,run_1789774700_1967,68,438,0.9685,0.0,V1_INV_PI,V1,2,0,1.0,200,0.827419,0.888311,0.891327,0.602818,0.628869,0.91336,0.999231,0.0,0.030235,0.455556,0.001111,1.0,3.7,0,0,,2026-09-19T02:38:48,
319,run_1789774700_1967,68,439,0.98,0.0115,V1_INV_PI,V1,2,0,1.0,200,0.83008,0.891457,0.89078,0.602714,0.64247,0.912862,0.99928,0.0,0.032527,0.46,0.001111,1.0,3.7,0,1,,2026-09-19T02:38:48,
320,run_1789774700_1967,68,440,0.98,-0.0115,V1_INV_PI,V1,2,0,1.0,200,0.83008,0.891457,0.89078,0.602714,0.64247,0.912862,0.99928,0.0,0.032527,0.46,0.001111,1.0,3.7,0,0,,2026-09-19T02:38:48,
321,run_1789774700_1967,68,441,0.9881317279836452,0.008131727983645295,V1_INV_PI,V1,2,0,1.0,200,0.829499,0.890827,0.88949,0.602655,0.641781,0.912081,0.999274,0.0,0.034315,0.471111,0.001111,1.0,3.7,0,0,,2026-09-19T02:38:48,
322,run_1789774700_1967,68,442,0.9881317279836452,-0.008131727983645295,V1_INV_PI,V1,2,0,1.0,200,0.829499,0.890827,0.88949,0.602655,0.641781,0.912081,0.999274,0.0,0.034315,0.471111,0.001111,1.0,3.7,0,0,,2026-09-19T02:38:48,
323,run_1789774700_1967,68,443,0.9718682720163547,0.008131727983645295,V1_INV_PI,V1,2,0,1.0,200,0.82848,0.889579,0.89082,0.602788,0.634837,0.912882,0.999244,0.0,0.031035,0.456667,0.001111,1.0,3.9,0,0,,2026-09-19T02:38:48,
324,run_1789774700_1967,68,444,0.9718682720163547,-0.008131727983645295,V1_INV_PI,V1,2,0,1.0,200,0.82848,0.889579,0.89082,0.602788,0.634837,0.912882,0.999244,0.0,0.031035,0.456667,0.001111,1.0,3.7,0,0,,2026-09-19T02:38:48,
325,run_1789774700_1967,68,445,0.990121577397414,0.00616986971109466,V1_INV_PI,V1,2,0,1.0,200,0.82935,0.890487,0.889445,0.602645,0.641764,0.911732,0.999268,0.0,0.034579,0.471111,0.001111,1.0,3.8,0,0,,2026-09-19T02:38:48,
326,run_1789774700_1967,69,446,0.993225,0.0115,V1_INV_PI,V1,2,0,1.0,200,0.82916,0.890316,0.889454,0.602629,0.640825,0.911691,0.999271,0.0,0.035161,0.472222,0.001111,1.0,4.3,0,0,,2026-09-19T02:38:48,
327,run_1789774700_1967,69,447,0.9667749999999999,0.0115,V1_INV_PI,V1,2,0,1.0,200,0.824368,0.883876,0.891405,0.602852,0.615926,0.913292,0.999181,0.0,0.030935,0.455556,0.001111,1.0,3.7,0,0,,2026-09-19T02:38:48,
328,run_1789774700_1967,69,448,0.98,0.024724999999999997,V1_INV_PI,V1,2,0,1.0,200,0.829816,0.89106,0.890733,0.602717,0.641554,0.912722,0.999282,0.0,0.033226,0.461111,0.001111,1.0,3.8,0,0,,2026-09-19T02:38:48,
329,run_1789774700_1967,69,449,0.98,-0.001724999999999999,V1_INV_PI,V1,2,0,1.0,200,0.829968,0.891314,0.890793,0.602714,0.641909,0.912903,0.999278,0.0,0.03166,0.46,0.001111,1.0,3.7,0,0,,2026-09-19T02:38:48,
330,run_1789774700_1967,69,450,0.989351487181192,0.02085148718119209,V1_INV_PI,V1,2,0,1.0,200,0.828755,0.88987,0.889632,0.602653,0.638471,0.911895,0.999266,0.0,0.034766,0.471111,0.001111,1.0,4.1,0,0,,2026-09-19T02:38:48,
331,run_1789774700_1967,69,451,0.989351487181192,0.0021485128188079104,V1_INV_PI,V1,2,0,1.0,200,0.829379,0.890583,0.889411,0.602647,0.641714,0.911846,0.999269,0.0,0.033729,0.471111,0.001111,1.0,3.8,0,0,,2026-09-19T02:38:48,
332,run_1789774700_1967,69,452,0.9706485128188079,0.02085148718119209,V1_INV_PI,V1,2,0,1.0,200,0.829492,0.890705,0.890808,0.602795,0.639736,0.912833,0.999266,0.0,0.032004,0.456667,0.001111,1.0,3.8,0,0,,2026-09-19T02:38:48,
333,run_1789774700_1967,69,453,0.9706485128188079,0.0021485128188079104,V1_INV_PI,V1,2,0,1.0,200,0.827785,0.888803,0.890745,0.6028,0.631563,0.912883,0.999239,0.0,0.030216,0.455556,0.001111,1.0,3.7,0,0,,2026-09-19T02:38:48,
334,run_1789774700_1967,69,454,0.9761394107546391,0.020801938291280353,V1_INV_PI,V1,2,0,1.0,200,0.829943,0.891219,0.891033,0.602748,0.641573,0.912959,0.999275,0.0,0.032672,0.458889,0.001111,1.0,4.0,0,0,,2026-09-19T02:38:48,
335,run_1789774700_1967,70,455,0.9866125,0.0115,V1_INV_PI,V1,2,0,1.0,200,0.829743,0.891146,0.889998,0.602662,0.642059,0.912378,0.999279,0.0,0.034073,0.466667,0.001111,1.0,4.8,0,0,,2026-09-19T02:38:48,
336,run_1789774700_1967,70,456,0.9733875,0.0115,V1_INV_PI,V1,2,0,1.0,200,0.829266,0.890502,0.890913,0.602769,0.63845,0.912882,0.999258,0.0,0.031512,0.456667,0.001111,1.0,3.9,0,0,,2026-09-19T02:38:48,
337,run_1789774700_1967,70,457,0.98,0.0181125,V1_INV_PI,V1,2,0,1.0,200,0.830251,0.891645,0.890793,0.602712,0.643331,0.912809,0.999287,0.0,0.033053,0.458889,0.001111,1.0,4.5,0,1,,2026-09-19T02:38:48,
338,run_1789774700_1967,70,458,0.98,0.0048875,V1_INV_PI,V1,2,0,1.0,200,0.82998,0.891367,0.890802,0.602714,0.64193,0.912867,0.99928,0.0,0.032291,0.458889,0.001111,1.0,3.7,0,0,,2026-09-19T02:38:48,
339,run_1789774700_1967,70,459,0.9846757435905961,0.016175743590596044,V1_INV_PI,V1,2,0,1.0,200,0.83016,0.891482,0.890614,0.602674,0.643329,0.9127,0.99928,0.0,0.033844,0.464444,0.001111,1.0,5.2,0,0,,2026-09-19T02:38:48,
340,run_1789774700_1967,70,460,0.9846757435905961,0.006824256409403955,V1_INV_PI,V1,2,0,1.0,200,0.830368,0.891716,0.890808,0.602673,0.644019,0.912808,0.999282,0.0,0.033632,0.463333,0.001111,1.0,3.8,0,1,,2026-09-19T02:38:48,
341,run_1789774700_1967,70,461,0.9753242564094039,0.016175743590596044,V1_INV_PI,V1,2,0,1.0,200,0.829866,0.891207,0.891015,0.602752,0.641099,0.912959,0.999273,0.0,0.032106,0.457778,0.001111,1.0,3.7,0,0,,2026-09-19T02:38:48,
342,run_1789774700_1967,70,462,0.9753242564094039,0.006824256409403955,V1_INV_PI,V1,2,0,1.0,200,0.829555,0.890842,0.890905,0.602751,0.639798,0.912913,0.999264,0.0,0.031628,0.456667,0.001111,1.0,3.7,0,0,,2026-09-19T02:38:48,
343,run_1789774700_1967,70,463,0.9838299509439616,0.00824168701160263,V1_INV_PI,V1,2,0,1.0,200,0.830392,0.89178,0.890849,0.602679,0.643975,0.912859,0.999284,0.0,0.033442,0.462222,0.001111,1.0,3.7,0,1,,2026-09-19T02:38:48,
344,run_1789774700_1967,71,464,0.9914343259439616,0.00824168701160263,V1_INV_PI,V1,2,0,1.0,200,0.829393,0.890532,0.889745,0.602638,0.641604,0.911818,0.999265,0.0,0.0348,0.471111,0.001111,1.0,4.1,0,0,,2026-09-19T02:38:48,
345,run_1789774700_1967,71,465,0.9762255759439616,0.00824168701160263,V1_INV_PI,V1,2,0,1.0,200,0.829738,0.891093,0.891013,0.602747,0.640344,0.913059,0.999272,0.0,0.031715,0.458889,0.001111,1.0,3.7,0,0,,2026-09-19T02:38:48,
346,run_1789774700_1967,71,466,0.9838299509439616,0.01584606201160263,V1_INV_PI,V1,2,0,1.0,200,0.830247,0.891598,0.8907,0.602681,0.64354,0.912781,0.999283,0.0,0.03367,0.462222,0.001111,1.0,3.7,0,0,,2026-09-19T02:38:48,
347,run_1789774700_1967,71,467,0.9838299509439616,0.0006373120116026304,V1_INV_PI,V1,2,0,1.0,200,0.83038,0.89176,0.890862,0.602677,0.64389,0.912887,0.999282,0.0,0.032711,0.462222,0.001111,1.0,3.7,0,0,,2026-09-19T02:38:48,
348,run_1789774700_1967,71,468,0.9892070560731471,0.01361879214078808,V1_INV_PI,V1,2,0,1.0,200,0.829315,0.890503,0.889533,0.602651,0.641283,0.911857,0.999268,0.0,0.034568,0.472222,0.001111,1.0,3.9,0,0,,2026-09-19T02:38:48,
349,run_1789774700_1967,71,469,0.9892070560731471,0.002864581882417178,V1_INV_PI,V1,2,0,1.0,200,0.82943,0.890679,0.889499,0.602647,0.641702,0.911949,0.999269,0.0,0.033722,0.471111,0.001111,1.0,3.7,0,0,,2026-09-19T02:38:48,
350,run_1789774700_1967,71,470,0.9784528458147762,0.01361879214078808,V1_INV_PI,V1,2,0,1.0,200,0.82995,0.891277,0.890683,0.602726,0.642088,0.912763,0.999276,0.0,0.032358,0.458889,0.001111,1.0,3.7,0,0,,2026-09-19T02:38:48,
351,run_1789774700_1967,71,471,0.9784528458147762,0.002864581882417178,V1_INV_PI,V1,2,0,1.0,200,0.829786,0.891116,0.890751,0.602728,0.641084,0.912877,0.999276,0.0,0.031345,0.458889,0.001111,1.0,3.7,0,0,,2026-09-19T02:38:48,
352,run_1789774700_1967,71,472,0.9827855161143202,0.0028494924195221344,V1_INV_PI,V1,2,0,1.0,200,0.830409,0.891791,0.890897,0.602686,0.643991,0.912885,0.999284,0.0,0.032564,0.461111,0.001111,1.0,3.7,0,1,,2026-09-19T02:38:48,
353,run_1789774700_1967,72,473,0.9915305473643202,0.0028494924195221344,V1_INV_PI,V1,2,0,1.0,200,0.829371,0.890526,0.889638,0.602634,0.641573,0.911819,0.999264,0.0,0.034067,0.471111,0.001111,1.0,4.0,0,0,,2026-09-19T02:38:48,
354,run_1789774700_1967,72,474,0.9740404848643202,0.0028494924195221344,V1_INV_PI,V1,2,0,1.0,200,0.829194,0.890434,0.890923,0.602764,0.637991,0.912968,0.999258,0.0,0.03066,0.457778,0.001111,1.0,3.7,0,0,,2026-09-19T02:38:48,
355,run_1789774700_1967,72,475,0.9827855161143202,0.011594523669522133,V1_INV_PI,V1,2,0,1.0,200,0.830353,0.89173,0.89084,0.602688,0.643829,0.91283,0.999284,0.0,0.033323,0.461111,0.001111,1.0,3.7,0,0,,2026-09-19T02:38:48,
356,run_1789774700_1967,72,476,0.9827855161143202,-0.005895538830477864,V1_INV_PI,V1,2,0,1.0,200,0.830423,0.891797,0.890895,0.602688,0.644077,0.912879,0.999284,0.0,0.033224,0.461111,0.001111,1.0,3.7,0,1,,2026-09-19T02:38:48,
357,run_1789774700_1967,72,477,0.9889691870128835,0.009033163318085402,V1_INV_PI,V1,2,0,1.0,200,0.829445,0.890703,0.889546,0.602651,0.641683,0.911977,0.999271,0.0,0.034482,0.471111,0.001111,1.0,3.7,0,0,,2026-09-19T02:38:48,
358,run_1789774700_1967,72,478,0.9889691870128835,-0.003334178479041134,V1_INV_PI,V1,2,0,1.0,200,0.829436,0.890712,0.889459,0.602648,0.64169,0.911985,0.99927,0.0,0.033694,0.471111,0.001111,1.0,3.9,0,0,,2026-09-19T02:38:48,
359,run_1789774700_1967,72,479,0.9766018452157569,0.009033163318085402,V1_INV_PI,V1,2,0,1.0,200,0.829713,0.89105,0.890816,0.602743,0.640605,0.912898,0.999273,0.0,0.031804,0.457778,0.001111,1.0,3.7,0,0,,2026-09-19T02:38:48,
360,run_1789774700_1967,72,480,0.9766018452157569,-0.003334178479041134,V1_INV_PI,V1,2,0,1.0,200,0.829589,0.890899,0.891003,0.60274,0.639745,0.913007,0.999268,0.0,0.031019,0.457778,0.001111,1.0,3.8,0,0,,2026-09-19T02:38:48,
361,run_1789774700_1967,72,481,0.9885214809688883,0.011289680116792237,V1_INV_PI,V1,2,0,1.0,200,0.829445,0.890733,0.889544,0.602653,0.641566,0.912044,0.999272,0.0,0.034463,0.471111,0.001111,1.0,3.7,0,0,,2026-09-19T02:38:48,
362,run_1789774700_1967,73,482,0.9928423020518202,-0.005895538830477864,V1_INV_PI,V1,2,0,1.0,200,0.829191,0.890318,0.889487,0.60263,0.641054,0.911644,0.999262,0.0,0.034869,0.471111,0.001111,1.0,3.9,0,0,,2026-09-19T02:38:48,
363,run_1789774700_1967,73,483,0.9727287301768202,-0.005895538830477864,V1_INV_PI,V1,2,0,1.0,200,0.828833,0.890027,0.890829,0.602779,0.636391,0.912923,0.999253,0.0,0.031121,0.456667,0.001111,1.0,3.7,0,0,,2026-09-19T02:38:48,
364,run_1789774700_1967,73,484,0.9827855161143202,0.004161247107022134,V1_INV_PI,V1,2,0,1.0,200,0.830403,0.891787,0.890872,0.602686,0.643981,0.912885,0.999284,0.0,0.032572,0.461111,0.001111,1.0,3.6,0,0,,2026-09-19T02:38:48,
365,run_1789774700_1967,73,485,0.9827855161143202,-0.015952324767977862,V1_INV_PI,V1,2,0,1.0,200,0.830292,0.891663,0.890776,0.602689,0.643593,0.912832,0.999283,0.0,0.033459,0.461111,0.001111,1.0,3.7,0,0,,2026-09-19T02:38:48,
366,run_1789774700_1967,73,486,0.989896737647668,0.0012156827028698943,V1_INV_PI,V1,2,0,1.0,200,0.82933,0.890489,0.889363,0.602644,0.641686,0.911756,0.999267,0.0,0.033817,0.471111,0.001111,1.0,3.6,0,0,,2026-09-19T02:38:48,
367,run_1789774700_1967,73,487,0.989896737647668,-0.013006760363825622,V1_INV_PI,V1,2,0,1.0,200,0.82928,0.890386,0.889588,0.602649,0.641326,0.91173,0.999265,0.0,0.034631,0.472222,0.001111,1.0,3.7,0,0,,2026-09-19T02:38:48,
368,run_1789774700_1967,73,488,0.9756742945809724,0.0012156827028698943,V1_INV_PI,V1,2,0,1.0,200,0.829607,0.890899,0.890923,0.60275,0.639932,0.91301,0.999267,0.0,0.031,0.457778,0.001111,1.0,4.2,0,0,,2026-09-19T02:38:48,
369,run_1789774700_1967,73,489,0.9756742945809724,-0.013006760363825622,V1_INV_PI,V1,2,0,1.0,200,0.829702,0.891019,0.891003,0.602749,0.640339,0.912961,0.999266,0.0,0.031923,0.457778,0.001111,1.0,3.7,0,0,,2026-09-19T02:38:48,
370,run_1789774700_1967,73,490,0.9846769821940435,-0.010175155296651622,V1_INV_PI,V1,2,0,1.0,200,0.830348,0.891706,0.890819,0.602673,0.643893,0.912812,0.999283,0.0,0.033662,0.463333,0.001111,1.0,4.5,0,0,,2026-09-19T02:38:48,
371,run_1789774700_1967,74,491,0.9878139090830702,-0.005895538830477864,V1_INV_PI,V1,2,0,1.0,200,0.829545,0.89092,0.889474,0.602657,0.641878,0.912151,0.999275,0.0,0.034211,0.471111,0.001111,1.0,3.9,0,0,,2026-09-19T02:38:48,
372,run_1789774700_1967,74,492,0.9777571231455702,-0.005895538830477864,V1_INV_PI,V1,2,0,1.0,200,0.829707,0.891033,0.890711,0.602735,0.640792,0.912816,0.999273,0.0,0.031883,0.458889,0.001111,1.0,3.7,0,0,,2026-09-19T02:38:48,
373,run_1789774700_1967,74,493,0.9827855161143202,-0.000867145861727865,V1_INV_PI,V1,2,0,1.0,200,0.830371,0.891756,0.890857,0.602685,0.64384,0.91288,0.999283,0.0,0.0325,0.461111,0.001111,1.0,3.7,0,0,,2026-09-19T02:38:48,
374,run_1789774700_1967,74,494,0.9827855161143202,-0.010923931799227862,V1_INV_PI,V1,2,0,1.0,200,0.830358,0.891738,0.890833,0.602688,0.643856,0.91283,0.999284,0.0,0.033303,0.461111,0.001111,1.0,3.7,0,0,,2026-09-19T02:38:48,
375,run_1789774700_1967,74,495,0.9863411268809941,-0.002339928063803985,V1_INV_PI,V1,2,0,1.0,200,0.829706,0.891077,0.88973,0.602664,0.642275,0.912299,0.999277,0.0,0.0332,0.468889,0.001111,1.0,3.7,0,0,,2026-09-19T02:38:48,
376,run_1789774700_1967,74,496,0.9863411268809941,-0.009451149597151744,V1_INV_PI,V1,2,0,1.0,200,0.829772,0.891165,0.889941,0.602665,0.642276,0.912379,0.999278,0.0,0.034001,0.466667,0.001111,1.0,3.7,0,0,,2026-09-19T02:38:48,
377,run_1789774700_1967,74,497,0.9792299053476463,-0.002339928063803985,V1_INV_PI,V1,2,0,1.0,200,0.829878,0.891219,0.890759,0.602721,0.641518,0.91288,0.999277,0.0,0.031503,0.458889,0.001111,1.0,3.8,0,0,,2026-09-19T02:38:48,
378,run_1789774700_1967,74,498,0.9792299053476463,-0.009451149597151744,V1_INV_PI,V1,2,0,1.0,200,0.829991,0.891371,0.890792,0.602721,0.642,0.912863,0.999279,0.0,0.032285,0.458889,0.001111,1.0,3.7,0,0,,2026-09-19T02:38:48,
379,run_1789774700_1967,74,499,0.9804362698935084,-0.007149623236750576,V1_INV_PI,V1,2,0,1.0,200,0.830043,0.891423,0.8908,0.602711,0.64226,0.912866,0.99928,0.0,0.03245,0.46,0.001111,1.0,3.7,0,0,,2026-09-19T02:38:48,
380,run_1789774700_1967,75,500,0.9852997125986952,-0.005895538830477864,V1_INV_PI,V1,2,0,1.0,200,0.829988,0.891379,0.890225,0.602671,0.642917,0.912524,0.999281,0.0,0.03371,0.464444,0.001111,1.0,3.8,0,0,,2026-09-19T02:38:48,
381,run_1789774700_1967,75,501,0.9802713196299452,-0.005895538830477864,V1_INV_PI,V1,2,0,1.0,200,0.830013,0.891403,0.890793,0.602711,0.6421,0.912867,0.99928,0.0,0.032377,0.458889,0.001111,1.0,3.7,0,0,,2026-09-19T02:38:48,
382,run_1789774700_1967,75,502,0.9827855161143202,-0.0033813423461028645,V1_INV_PI,V1,2,0,1.0,200,0.830409,0.89179,0.890905,0.602686,0.643987,0.912885,0.999284,0.0,0.032567,0.461111,0.001111,1.0,3.7,0,0,,2026-09-19T02:38:48,
383,run_1789774700_1967,75,503,0.9827855161143202,-0.008409735314852864,V1_INV_PI,V1,2,0,1.0,200,0.830385,0.891771,0.890831,0.602689,0.643959,0.912852,0.999284,0.0,0.033237,0.462222,0.001111,1.0,3.8,0,0,,2026-09-19T02:38:48,
384,run_1789774700_1967,75,504,0.9845633214976571,-0.004117733447140924,V1_INV_PI,V1,2,0,1.0,200,0.830399,0.891764,0.890852,0.602672,0.644041,0.912871,0.999283,0.0,0.032934,0.463333,0.001111,1.0,3.9,0,0,,2026-09-19T02:38:48,
385,run_1789774700_1967,75,505,0.9845633214976571,-0.007673344213814804,V1_INV_PI,V1,2,0,1.0,200,0.830363,0.891708,0.89081,0.602674,0.643997,0.912807,0.999282,0.0,0.033628,0.463333,0.001111,1.0,5.0,0,0,,2026-09-19T02:38:48,
386,run_1789774700_1967,75,506,0.9810077107309833,-0.004117733447140924,V1_INV_PI,V1,2,0,1.0,200,0.830066,0.891422,0.890847,0.602704,0.642336,0.912902,0.999279,0.0,0.031897,0.46,0.001111,1.0,4.0,0,0,,2026-09-19T02:38:48,
387,run_1789774700_1967,75,507,0.9810077107309833,-0.007673344213814804,V1_INV_PI,V1,2,0,1.0,200,0.830249,0.891645,0.890809,0.602703,0.643267,0.912854,0.999283,0.0,0.032774,0.46,0.001111,1.0,3.9,0,0,,2026-09-19T02:38:48,
388,run_1789774700_1967,75,508,0.982115460757461,-0.008245128297410748,V1_INV_PI,V1,2,0,1.0,200,0.830393,0.891792,0.890862,0.602693,0.643919,0.912873,0.999284,0.0,0.033102,0.461111,0.001111,1.0,3.8,0,0,,2026-09-19T02:38:48,
389,run_1789774700_1967,76,509,0.9840426143565076,-0.005895538830477864,V1_INV_PI,V1,2,0,1.0,200,0.830405,0.891775,0.890884,0.602678,0.644043,0.912857,0.999283,0.0,0.033483,0.462222,0.001111,1.0,3.9,0,0,,2026-09-19T02:38:48,
390,run_1789774700_1967,76,510,0.9815284178721327,-0.005895538830477864,V1_INV_PI,V1,2,0,1.0,200,0.830279,0.891645,0.890843,0.6027,0.643411,0.91288,0.999282,0.0,0.032861,0.461111,0.001111,1.0,3.7,0,0,,2026-09-19T02:38:48,
391,run_1789774700_1967,76,511,0.9827855161143202,-0.004638440588290364,V1_INV_PI,V1,2,0,1.0,200,0.830422,0.891804,0.89086,0.602688,0.644096,0.91288,0.999284,0.0,0.033199,0.461111,0.001111,1.0,3.7,0,0,,2026-09-19T02:38:48,
392,run_1789774700_1967,76,512,0.9827855161143202,-0.007152637072665364,V1_INV_PI,V1,2,0,1.0,200,0.83041,0.89181,0.890891,0.602687,0.643972,0.912879,0.999284,0.0,0.03321,0.461111,0.001111,1.0,3.9,0,0,,2026-09-19T02:38:48,
393,run_1789774700_1967,76,513,0.9836744188059887,-0.005006636138809395,V1_INV_PI,V1,2,0,1.0,200,0.830405,0.891778,0.890855,0.602681,0.64406,0.912855,0.999283,0.0,0.03339,0.462222,0.001111,1.0,3.8,0,0,,2026-09-19T02:38:48,
394,run_1789774700_1967,76,514,0.9836744188059887,-0.0067844415221463335,V1_INV_PI,V1,2,0,1.0,200,0.830399,0.891766,0.890878,0.602681,0.644022,0.912854,0.999283,0.0,0.033427,0.462222,0.001111,1.0,4.1,0,0,,2026-09-19T02:38:48,
395,run_1789774700_1967,76,515,0.9818966134226517,-0.005006636138809395,V1_INV_PI,V1,2,0,1.0,200,0.830405,0.891785,0.890829,0.602696,0.644042,0.912874,0.999284,0.0,0.033031,0.461111,0.001111,1.0,3.7,0,0,,2026-09-19T02:38:48,
396,run_1789774700_1967,76,516,0.9818966134226517,-0.0067844415221463335,V1_INV_PI,V1,2,0,1.0,200,0.830395,0.891798,0.890854,0.602695,0.643933,0.912873,0.999284,0.0,0.033027,0.461111,0.001111,1.0,3.8,0,0,,2026-09-19T02:38:48,
397,run_1789774700_1967,76,517,0.9820735786647052,-0.005357090005700844,V1_INV_PI,V1,2,0,1.0,200,0.83041,0.891787,0.890855,0.602694,0.64405,0.912875,0.999284,0.0,0.033072,0.461111,0.001111,1.0,3.8,0,0,,2026-09-19T02:38:48,
398,run_1789774700_1967,77,518,0.983414065235414,-0.005895538830477864,V1_INV_PI,V1,2,0,1.0,200,0.830402,0.89177,0.890869,0.602683,0.64404,0.912852,0.999283,0.0,0.033355,0.462222,0.001111,1.0,3.9,0,0,,2026-09-19T02:38:48,
399,run_1789774700_1967,77,519,0.9821569669932264,-0.005895538830477864,V1_INV_PI,V1,2,0,1.0,200,0.830412,0.891786,0.890869,0.602694,0.644047,0.912875,0.999284,0.0,0.033099,0.461111,0.001111,1.0,3.7,0,0,,2026-09-19T02:38:48,
400,run_1789774700_1967,77,520,0.9827855161143202,-0.0052669897093841145,V1_INV_PI,V1,2,0,1.0,200,0.830421,0.891801,0.890868,0.602688,0.644087,0.91288,0.999284,0.0,0.033211,0.461111,0.001111,1.0,3.7,0,0,,2026-09-19T02:38:48,
401,run_1789774700_1967,77,521,0.9827855161143202,-0.006524087951571614,V1_INV_PI,V1,2,0,1.0,200,0.830421,0.891793,0.890903,0.602688,0.644066,0.912879,0.999284,0.0,0.033237,0.461111,0.001111,1.0,3.7,0,0,,2026-09-19T02:38:48,
402,run_1789774700_1967,77,522,0.9832299674601545,-0.005451087484643629,V1_INV_PI,V1,2,0,1.0,200,0.830416,0.891801,0.890897,0.602684,0.644029,0.912877,0.999284,0.0,0.03331,0.461111,0.001111,1.0,3.8,0,0,,2026-09-19T02:38:48,
403,run_1789774700_1967,77,523,0.9832299674601545,-0.006339990176312099,V1_INV_PI,V1,2,0,1.0,200,0.830409,0.89177,0.890852,0.602685,0.644098,0.912856,0.999283,0.0,0.03332,0.462222,0.001111,1.0,4.5,0,0,,2026-09-19T02:38:48,
404,run_1789774700_1967,77,524,0.9823410647684859,-0.005451087484643629,V1_INV_PI,V1,2,0,1.0,200,0.830415,0.891792,0.890861,0.602692,0.644064,0.912877,0.999284,0.0,0.033126,0.461111,0.001111,1.0,3.7,0,0,,2026-09-19T02:38:48,
405,run_1789774700_1967,77,525,0.9823410647684859,-0.006339990176312099,V1_INV_PI,V1,2,0,1.0,200,0.830414,0.891787,0.890881,0.602692,0.64405,0.912876,0.999284,0.0,0.033145,0.461111,0.001111,1.0,3.7,0,0,,2026-09-19T02:38:48,
406,run_1789774700_1967,77,526,0.9822478856175387,-0.0065224521570911,V1_INV_PI,V1,2,0,1.0,200,0.830412,0.891784,0.890877,0.602693,0.644042,0.912875,0.999284,0.0,0.03313,0.461111,0.001111,1.0,3.8,0,0,,2026-09-19T02:38:48,
407,run_1789774700_1967,78,527,0.9830997906748671,-0.005895538830477864,V1_INV_PI,V1,2,0,1.0,200,0.830428,0.891801,0.890911,0.602685,0.644087,0.912882,0.999284,0.0,0.033286,0.461111,0.001111,1.0,3.9,0,1,,2026-09-19T02:38:49,
408,run_1789774700_1967,78,528,0.9824712415537733,-0.005895538830477864,V1_INV_PI,V1,2,0,1.0,200,0.830417,0.891792,0.890876,0.602691,0.644064,0.912877,0.999284,0.0,0.033161,0.461111,0.001111,1.0,3.7,0,0,,2026-09-19T02:38:49,
409,run_1789774700_1967,78,529,0.9827855161143202,-0.005581264269930989,V1_INV_PI,V1,2,0,1.0,200,0.830423,0.891799,0.890889,0.602688,0.644082,0.91288,0.999284,0.0,0.033217,0.461111,0.001111,1.0,3.7,0,0,,2026-09-19T02:38:49,
410,run_1789774700_1967,78,530,0.9827855161143202,-0.006209813391024739,V1_INV_PI,V1,2,0,1.0,200,0.83042,0.891795,0.890889,0.602688,0.644072,0.912879,0.999284,0.0,0.03323,0.461111,0.001111,1.0,3.7,0,0,,2026-09-19T02:38:49,
411,run_1789774700_1967,78,531,0.9830077417872373,-0.005673313157560747,V1_INV_PI,V1,2,0,1.0,200,0.830425,0.891801,0.890894,0.602686,0.644088,0.912881,0.999284,0.0,0.033263,0.461111,0.001111,1.0,3.7,0,0,,2026-09-19T02:38:49,
412,run_1789774700_1967,78,532,0.9830077417872373,-0.0061177645033949814,V1_INV_PI,V1,2,0,1.0,200,0.830426,0.891799,0.89091,0.602686,0.644081,0.912881,0.999284,0.0,0.033272,0.461111,0.001111,1.0,3.7,0,0,,2026-09-19T02:38:49,
413,run_1789774700_1967,78,533,0.9825632904414031,-0.005673313157560747,V1_INV_PI,V1,2,0,1.0,200,0.83042,0.891795,0.890886,0.60269,0.644072,0.912878,0.999284,0.0,0.033175,0.461111,0.001111,1.0,3.7,0,0,,2026-09-19T02:38:49,
414,run_1789774700_1967,78,534,0.9825632904414031,-0.0061177645033949814,V1_INV_PI,V1,2,0,1.0,200,0.83042,0.891792,0.890896,0.60269,0.644065,0.912878,0.999284,0.0,0.033184,0.461111,0.001111,1.0,3.7,0,0,,2026-09-19T02:38:49,
415,run_1789774700_1967,78,535,0.9826997531744478,-0.005969095695333598,V1_INV_PI,V1,2,0,1.0,200,0.830422,0.891795,0.8909,0.602689,0.644073,0.912879,0.999284,0.0,0.033208,0.461111,0.001111,1.0,3.7,0,0,,2026-09-19T02:38:49,
416,run_1789774700_1967,79,536,0.983461206419496,-0.005895538830477864,V1_INV_PI,V1,2,0,1.0,200,0.830401,0.891771,0.890866,0.602683,0.644041,0.912853,0.999283,0.0,0.033365,0.462222,0.001111,1.0,3.9,0,0,,2026-09-19T02:38:49,
417,run_1789774700_1967,79,537,0.9827383749302382,-0.005895538830477864,V1_INV_PI,V1,2,0,1.0,200,0.830422,0.891796,0.890894,0.602688,0.644076,0.912879,0.999284,0.0,0.033214,0.461111,0.001111,1.0,3.7,0,0,,2026-09-19T02:38:49,
418,run_1789774700_1967,79,538,0.9830997906748671,-0.005534123085848958,V1_INV_PI,V1,2,0,1.0,200,0.830427,0.891803,0.8909,0.602685,0.644093,0.912882,0.999284,0.0,0.033279,0.461111,0.001111,1.0,3.6,0,0,,2026-09-19T02:38:49,
419,run_1789774700_1967,79,539,0.9830997906748671,-0.00625695457510677,V1_INV_PI,V1,2,0,1.0,200,0.830425,0.891799,0.890905,0.602685,0.64408,0.912881,0.999284,0.0,0.033294,0.461111,0.001111,1.0,3.6,0,0,,2026-09-19T02:38:49,
420,run_1789774700_1967,79,540,0.9833553501987218,-0.005639979306623179,V1_INV_PI,V1,2,0,1.0,200,0.830399,0.891771,0.890846,0.602684,0.644044,0.912852,0.999283,0.0,0.033338,0.462222,0.001111,1.0,3.7,0,0,,2026-09-19T02:38:49,
421,run_1789774700_1967,79,541,0.9833553501987218,-0.006151098354332549,V1_INV_PI,V1,2,0,1.0,200,0.8304,0.891768,0.890866,0.602684,0.644034,0.912852,0.999283,0.0,0.033349,0.462222,0.001111,1.0,3.7,0,0,,2026-09-19T02:38:49,
422,run_1789774700_1967,79,542,0.9828442311510124,-0.005639979306623179,V1_INV_PI,V1,2,0,1.0,200,0.830424,0.891799,0.890892,0.602687,0.644084,0.91288,0.999284,0.0,0.03323,0.461111,0.001111,1.0,3.6,0,0,,2026-09-19T02:38:49,
423,run_1789774700_1967,79,543,0.9828442311510124,-0.006151098354332549,V1_INV_PI,V1,2,0,1.0,200,0.830422,0.891796,0.890897,0.602687,0.644075,0.91288,0.999284,0.0,0.03324,0.461111,0.001111,1.0,3.6,0,0,,2026-09-19T02:38:49,
424,run_1789774700_1967,79,544,0.9829400610557804,-0.005744101678703751,V1_INV_PI,V1,2,0,1.0,200,0.830424,0.8918,0.890894,0.602687,0.644085,0.912881,0.999284,0.0,0.033251,0.461111,0.001111,1.0,3.7,0,0,,2026-09-19T02:38:49,
425,run_1789774700_1967,80,545,0.9832804985471816,-0.005895538830477864,V1_INV_PI,V1,2,0,1.0,200,0.830401,0.891769,0.890869,0.602684,0.644038,0.912851,0.999283,0.0,0.033328,0.462222,0.001111,1.0,4.6,0,0,,2026-09-19T02:38:49,
426,run_1789774700_1967,80,546,0.9829190828025526,-0.005895538830477864,V1_INV_PI,V1,2,0,1.0,200,0.830425,0.891799,0.890904,0.602687,0.644082,0.91288,0.999284,0.0,0.03325,0.461111,0.001111,1.0,3.9,0,0,,2026-09-19T02:38:49,
427,run_1789774700_1967,80,547,0.9830997906748671,-0.005714830958163411,V1_INV_PI,V1,2,0,1.0,200,0.830426,0.891802,0.890897,0.602685,0.64409,0.912882,0.999284,0.0,0.033283,0.461111,0.001111,1.0,4.8,0,0,,2026-09-19T02:38:49,
428,run_1789774700_1967,80,548,0.9830997906748671,-0.006076246702792317,V1_INV_PI,V1,2,0,1.0,200,0.830427,0.8918,0.89091,0.602685,0.644084,0.912882,0.999284,0.0,0.03329,0.461111,0.001111,1.0,3.8,0,0,,2026-09-19T02:38:49,
429,run_1789774700_1967,80,549,0.9832275704367944,-0.005767759068550522,V1_INV_PI,V1,2,0,1.0,200,0.830416,0.891799,0.89091,0.602684,0.644023,0.912877,0.999284,0.0,0.033316,0.461111,0.001111,1.0,4.6,0,0,,2026-09-19T02:38:49,
430,run_1789774700_1967,80,550,0.9832275704367944,-0.006023318592405206,V1_INV_PI,V1,2,0,1.0,200,0.83041,0.891772,0.890854,0.602685,0.644104,0.912857,0.999283,0.0,0.033313,0.462222,0.001111,1.0,3.7,0,0,,2026-09-19T02:38:49,
431,run_1789774700_1967,80,551,0.9829720109129397,-0.005767759068550522,V1_INV_PI,V1,2,0,1.0,200,0.830425,0.8918,0.890896,0.602686,0.644086,0.912881,0.999284,0.0,0.033258,0.461111,0.001111,1.0,3.8,0,0,,2026-09-19T02:38:49,
432,run_1789774700_1967,80,552,0.9829720109129397,-0.006023318592405206,V1_INV_PI,V1,2,0,1.0,200,0.830426,0.891799,0.890912,0.602686,0.644081,0.912881,0.999284,0.0,0.033263,0.461111,0.001111,1.0,3.6,0,0,,2026-09-19T02:38:49,
433,run_1789774700_1967,80,553,0.9831880807715164,-0.0058667288803120905,V1_INV_PI,V1,2,0,1.0,200,0.830429,0.891802,0.890916,0.602684,0.64409,0.912882,0.999284,0.0,0.033303,0.461111,0.001111,1.0,4.3,0,1,,2026-09-19T02:38:49,
434,run_1789774700_1967,81,554,0.983395894824678,-0.0058667288803120905,V1_INV_PI,V1,2,0,1.0,200,0.830402,0.89177,0.890869,0.602683,0.64404,0.912852,0.999283,0.0,0.033351,0.462222,0.001111,1.0,3.9,0,0,,2026-09-19T02:38:49,
435,run_1789774700_1967,81,555,0.9829802667183548,-0.0058667288803120905,V1_INV_PI,V1,2,0,1.0,200,0.830426,0.8918,0.890906,0.602686,0.644084,0.912881,0.999284,0.0,0.033262,0.461111,0.001111,1.0,3.7,0,0,,2026-09-19T02:38:49,
436,run_1789774700_1967,81,556,0.9831880807715164,-0.00565891482715047,V1_INV_PI,V1,2,0,1.0,200,0.830415,0.891799,0.890901,0.602684,0.644024,0.912877,0.999284,0.0,0.033306,0.461111,0.001111,1.0,3.8,0,0,,2026-09-19T02:38:49,
437,run_1789774700_1967,81,557,0.9831880807715164,-0.006074542933473711,V1_INV_PI,V1,2,0,1.0,200,0.83041,0.891771,0.890856,0.602685,0.644102,0.912856,0.999283,0.0,0.033306,0.462222,0.001111,1.0,3.7,0,0,,2026-09-19T02:38:49,
438,run_1789774700_1967,81,558,0.9833350274977328,-0.0057197821540956465,V1_INV_PI,V1,2,0,1.0,200,0.8304,0.891771,0.890853,0.602684,0.644042,0.912852,0.999283,0.0,0.033336,0.462222,0.001111,1.0,3.7,0,0,,2026-09-19T02:38:49,
439,run_1789774700_1967,81,559,0.9833350274977328,-0.0060136756065285344,V1_INV_PI,V1,2,0,1.0,200,0.8304,0.891769,0.890861,0.602684,0.644036,0.912852,0.999283,0.0,0.033342,0.462222,0.001111,1.0,3.7,0,0,,2026-09-19T02:38:49,
440,run_1789774700_1967,81,560,0.9830411340453,-0.0057197821540956465,V1_INV_PI,V1,2,0,1.0,200,0.830426,0.891801,0.890897,0.602686,0.644088,0.912881,0.999284,0.0,0.033271,0.461111,0.001111,1.0,3.7,0,0,,2026-09-19T02:38:49,
441,run_1789774700_1967,81,561,0.9830411340453,-0.0060136756065285344,V1_INV_PI,V1,2,0,1.0,200,0.830427,0.8918,0.890913,0.602686,0.644083,0.912881,0.999284,0.0,0.033277,0.461111,0.001111,1.0,4.1,0,0,,2026-09-19T02:38:49,
442,run_1789774700_1967,81,562,0.9832029094255635,-0.005896846212182311,V1_INV_PI,V1,2,0,1.0,200,0.830429,0.891802,0.890918,0.602684,0.644089,0.912882,0.999284,0.0,0.033307,0.461111,0.001111,1.0,3.8,0,0,,2026-09-19T02:38:49,
443,run_1789774700_1967,82,563,0.9832919877980972,-0.0058667288803120905,V1_INV_PI,V1,2,0,1.0,200,0.830401,0.891769,0.890868,0.602684,0.644039,0.912852,0.999283,0.0,0.03333,0.462222,0.001111,1.0,3.9,0,0,,2026-09-19T02:38:49,
444,run_1789774700_1967,82,564,0.9830841737449356,-0.0058667288803120905,V1_INV_PI,V1,2,0,1.0,200,0.830428,0.891801,0.890912,0.602685,0.644087,0.912882,0.999284,0.0,0.033282,0.461111,0.001111,1.0,3.7,0,0,,2026-09-19T02:38:49,
445,run_1789774700_1967,82,565,0.9831880807715164,-0.00576282185373128,V1_INV_PI,V1,2,0,1.0,200,0.830428,0.891803,0.890904,0.602684,0.644091,0.912882,0.999284,0.0,0.033301,0.461111,0.001111,1.0,3.7,0,0,,2026-09-19T02:38:49,
446,run_1789774700_1967,82,566,0.9831880807715164,-0.005970635906892901,V1_INV_PI,V1,2,0,1.0,200,0.830428,0.891802,0.890914,0.602684,0.644088,0.912882,0.999284,0.0,0.033305,0.461111,0.001111,1.0,3.8,0,0,,2026-09-19T02:38:49,
447,run_1789774700_1967,82,567,0.9832615541346247,-0.005793255517203869,V1_INV_PI,V1,2,0,1.0,200,0.8304,0.891769,0.890861,0.602684,0.644039,0.912851,0.999283,0.0,0.033322,0.462222,0.001111,1.0,3.9,0,0,,2026-09-19T02:38:49,
448,run_1789774700_1967,82,568,0.9832615541346247,-0.005940202243420312,V1_INV_PI,V1,2,0,1.0,200,0.830412,0.891773,0.890863,0.602685,0.644106,0.912857,0.999283,0.0,0.033318,0.462222,0.001111,1.0,4.1,0,0,,2026-09-19T02:38:49,
449,run_1789774700_1967,82,569,0.9831146074084082,-0.005793255517203869,V1_INV_PI,V1,2,0,1.0,200,0.830427,0.891802,0.890906,0.602685,0.644089,0.912882,0.999284,0.0,0.033287,0.461111,0.001111,1.0,4.0,0,0,,2026-09-19T02:38:49,
450,run_1789774700_1967,82,570,0.9831146074084082,-0.005940202243420312,V1_INV_PI,V1,2,0,1.0,200,0.830428,0.891801,0.890912,0.602685,0.644087,0.912882,0.999284,0.0,0.03329,0.461111,0.001111,1.0,4.5,0,0,,2026-09-19T02:38:49,
451,run_1789774700_1967,82,571,0.9830946043592916,-0.005911413870575927,V1_INV_PI,V1,2,0,1.0,200,0.830427,0.891801,0.890911,0.602685,0.644087,0.912882,0.999284,0.0,0.033286,0.461111,0.001111,1.0,3.9,0,0,,2026-09-19T02:38:49,
452,run_1789774700_1967,83,572,0.9832400342848069,-0.0058667288803120905,V1_INV_PI,V1,2,0,1.0,200,0.830412,0.891773,0.890862,0.602685,0.644107,0.912857,0.999283,0.0,0.033312,0.462222,0.001111,1.0,4.1,0,0,,2026-09-19T02:38:49,
453,run_1789774700_1967,83,573,0.983136127258226,-0.0058667288803120905,V1_INV_PI,V1,2,0,1.0,200,0.830429,0.891802,0.890916,0.602685,0.644088,0.912882,0.999284,0.0,0.033293,0.461111,0.001111,1.0,3.7,0,0,,2026-09-19T02:38:49,
454,run_1789774700_1967,83,574,0.9831880807715164,-0.005814775367021685,V1_INV_PI,V1,2,0,1.0,200,0.830429,0.891803,0.890912,0.602684,0.64409,0.912882,0.999284,0.0,0.033302,0.461111,0.001111,1.0,3.7,0,0,,2026-09-19T02:38:49,
455,run_1789774700_1967,83,575,0.9831880807715164,-0.005918682393602496,V1_INV_PI,V1,2,0,1.0,200,0.830428,0.891802,0.890912,0.602684,0.644089,0.912882,0.999284,0.0,0.033304,0.461111,0.001111,1.0,3.7,0,0,,2026-09-19T02:38:49,
456,run_1789774700_1967,83,576,0.9832248174530706,-0.00582999219875798,V1_INV_PI,V1,2,0,1.0,200,0.830429,0.891803,0.890916,0.602684,0.644091,0.912883,0.999284,0.0,0.03331,0.461111,0.001111,1.0,3.8,0,0,,2026-09-19T02:38:49,
457,run_1789774700_1967,83,577,0.9832248174530706,-0.005903465561866201,V1_INV_PI,V1,2,0,1.0,200,0.830412,0.891773,0.890863,0.602685,0.644106,0.912857,0.999283,0.0,0.03331,0.462222,0.001111,1.0,3.7,0,0,,2026-09-19T02:38:49,
458,run_1789774700_1967,83,578,0.9831513440899623,-0.00582999219875798,V1_INV_PI,V1,2,0,1.0,200,0.830428,0.891802,0.890912,0.602685,0.644089,0.912882,0.999284,0.0,0.033295,0.461111,0.001111,1.0,4.3,0,0,,2026-09-19T02:38:49,
459,run_1789774700_1967,83,579,0.9831513440899623,-0.005903465561866201,V1_INV_PI,V1,2,0,1.0,200,0.830428,0.891802,0.890911,0.602685,0.644088,0.912882,0.999284,0.0,0.033297,0.461111,0.001111,1.0,4.6,0,0,,2026-09-19T02:38:49,
460,run_1789774700_1967,83,580,0.9832123493763092,-0.005864222537331706,V1_INV_PI,V1,2,0,1.0,200,0.830429,0.891803,0.890916,0.602684,0.64409,0.912882,0.999284,0.0,0.033308,0.461111,0.001111,1.0,3.9,0,0,,2026-09-19T02:38:49,
461,run_1789774700_1967,84,581,0.9832140575281616,-0.0058667288803120905,V1_INV_PI,V1,2,0,1.0,200,0.830429,0.891803,0.890916,0.602684,0.64409,0.912882,0.999284,0.0,0.033309,0.461111,0.001111,1.0,3.9,0,0,,2026-09-19T02:38:49,
462,run_1789774700_1967,84,582,0.9831621040148713,-0.0058667288803120905,V1_INV_PI,V1,2,0,1.0,200,0.830429,0.891802,0.890916,0.602685,0.644089,0.912882,0.999284,0.0,0.033298,0.461111,0.001111,1.0,3.7,0,0,,2026-09-19T02:38:49,
463,run_1789774700_1967,84,583,0.9831880807715164,-0.005840752123666888,V1_INV_PI,V1,2,0,1.0,200,0.830429,0.891803,0.890916,0.602684,0.64409,0.912882,0.999284,0.0,0.033303,0.461111,0.001111,1.0,3.7,0,0,,2026-09-19T02:38:49,
464,run_1789774700_1967,84,584,0.9831880807715164,-0.005892705636957293,V1_INV_PI,V1,2,0,1.0,200,0.830429,0.891802,0.890916,0.602684,0.644089,0.912882,0.999284,0.0,0.033304,0.461111,0.001111,1.0,3.9,0,0,,2026-09-19T02:38:49,
465,run_1789774700_1967,84,585,0.9832064491122935,-0.005848360539535035,V1_INV_PI,V1,2,0,1.0,200,0.830429,0.891803,0.890916,0.602684,0.64409,0.912882,0.999284,0.0,0.033307,0.461111,0.001111,1.0,4.3,0,0,,2026-09-19T02:38:49,
466,run_1789774700_1967,84,586,0.9832064491122935,-0.005885097221089146,V1_INV_PI,V1,2,0,1.0,200,0.830429,0.891802,0.890916,0.602684,0.64409,0.912882,0.999284,0.0,0.033307,0.461111,0.001111,1.0,4.0,0,0,,2026-09-19T02:38:49,
467,run_1789774700_1967,84,587,0.9831697124307394,-0.005848360539535035,V1_INV_PI,V1,2,0,1.0,200,0.830429,0.891802,0.890916,0.602685,0.64409,0.912882,0.999284,0.0,0.033299,0.461111,0.001111,1.0,4.4,0,0,,2026-09-19T02:38:49,
468,run_1789774700_1967,84,588,0.9831697124307394,-0.005885097221089146,V1_INV_PI,V1,2,0,1.0,200,0.830429,0.891802,0.890916,0.602685,0.644089,0.912882,0.999284,0.0,0.0333,0.461111,0.001111,1.0,3.9,0,0,,2026-09-19T02:38:49,
469,run_1789774700_1967,84,589,0.9831820306949681,-0.005886593497859499,V1_INV_PI,V1,2,0,1.0,200,0.830429,0.891802,0.890916,0.602684,0.644089,0.912882,0.999284,0.0,0.033303,0.461111,0.001111,1.0,4.3,0,0,,2026-09-19T02:38:49,
470,run_1789774700_1967,85,590,0.9832010691498391,-0.0058667288803120905,V1_INV_PI,V1,2,0,1.0,200,0.830429,0.891803,0.890916,0.602684,0.64409,0.912882,0.999284,0.0,0.033306,0.461111,0.001111,1.0,3.8,0,0,,2026-09-19T02:38:49,
471,run_1789774700_1967,85,591,0.9831750923931938,-0.0058667288803120905,V1_INV_PI,V1,2,0,1.0,200,0.830429,0.891802,0.890916,0.602685,0.644089,0.912882,0.999284,0.0,0.033301,0.461111,0.001111,1.0,3.7,0,0,,2026-09-19T02:38:49,
472,run_1789774700_1967,85,592,0.9831880807715164,-0.0058537405019894895,V1_INV_PI,V1,2,0,1.0,200,0.830429,0.891802,0.890916,0.602684,0.64409,0.912882,0.999284,0.0,0.033303,0.461111,0.001111,1.0,3.7,0,0,,2026-09-19T02:38:49,
473,run_1789774700_1967,85,593,0.9831880807715164,-0.005879717258634691,V1_INV_PI,V1,2,0,1.0,200,0.830429,0.891802,0.890916,0.602684,0.644089,0.912882,0.999284,0.0,0.033304,0.461111,0.001111,1.0,3.7,0,0,,2026-09-19T02:38:49,
474,run_1789774700_1967,85,594,0.983197264941905,-0.005857544709923563,V1_INV_PI,V1,2,0,1.0,200,0.830429,0.891803,0.890916,0.602684,0.64409,0.912882,0.999284,0.0,0.033305,0.461111,0.001111,1.0,3.7,0,0,,2026-09-19T02:38:49,
475,run_1789774700_1967,85,595,0.983197264941905,-0.005875913050700618,V1_INV_PI,V1,2,0,1.0,200,0.830429,0.891802,0.890916,0.602684,0.64409,0.912882,0.999284,0.0,0.033305,0.461111,0.001111,1.0,3.7,0,0,,2026-09-19T02:38:49,
476,run_1789774700_1967,85,596,0.9831788966011279,-0.005857544709923563,V1_INV_PI,V1,2,0,1.0,200,0.830429,0.891802,0.890916,0.602684,0.64409,0.912882,0.999284,0.0,0.033301,0.461111,0.001111,1.0,3.8,0,0,,2026-09-19T02:38:49,
477,run_1789774700_1967,85,597,0.9831788966011279,-0.005875913050700618,V1_INV_PI,V1,2,0,1.0,200,0.830429,0.891802,0.890916,0.602684,0.644089,0.912882,0.999284,0.0,0.033302,0.461111,0.001111,1.0,3.7,0,0,,2026-09-19T02:38:49,
478,run_1789774700_1967,85,598,0.9831878187709416,-0.005872895509829668,V1_INV_PI,V1,2,0,1.0,200,0.830429,0.891802,0.890916,0.602684,0.644089,0.912882,0.999284,0.0,0.033303,0.461111,0.001111,1.0,3.8,0,0,,2026-09-19T02:38:49,
479,run_1789774700_1967,86,599,0.9831980807715164,-0.0058667288803120905,V1_INV_PI,V1,2,0,1.0,200,0.830429,0.891802,0.890916,0.602684,0.64409,0.912882,0.999284,0.0,0.033305,0.461111,0.001111,1.0,3.9,0,0,,2026-09-19T02:38:49,
480,run_1789774700_1967,86,600,0.9831780807715165,-0.0058667288803120905,V1_INV_PI,V1,2,0,1.0,200,0.830429,0.891802,0.890916,0.602684,0.644089,0.912882,0.999284,0.0,0.033301,0.461111,0.001111,1.0,3.7,0,0,,2026-09-19T02:38:49,
481,run_1789774700_1967,86,601,0.9831880807715164,-0.005856728880312091,V1_INV_PI,V1,2,0,1.0,200,0.830429,0.891802,0.890916,0.602684,0.64409,0.912882,0.999284,0.0,0.033303,0.461111,0.001111,1.0,3.8,0,0,,2026-09-19T02:38:49,
482,run_1789774700_1967,86,602,0.9831880807715164,-0.00587672888031209,V1_INV_PI,V1,2,0,1.0,200,0.830429,0.891802,0.890916,0.602684,0.644089,0.912882,0.999284,0.0,0.033304,0.461111,0.001111,1.0,3.7,0,0,,2026-09-19T02:38:49,
483,run_1789774700_1967,86,603,0.9831951518393283,-0.005859657812500225,V1_INV_PI,V1,2,0,1.0,200,0.830429,0.891802,0.890916,0.602684,0.64409,0.912882,0.999284,0.0,0.033305,0.461111,0.001111,1.0,3.7,0,0,,2026-09-19T02:38:49,
484,run_1789774700_1967,86,604,0.9831951518393283,-0.005873799948123956,V1_INV_PI,V1,2,0,1.0,200,0.830429,0.891802,0.890916,0.602684,0.64409,0.912882,0.999284,0.0,0.033305,0.461111,0.001111,1.0,3.7,0,0,,2026-09-19T02:38:49,
485,run_1789774700_1967,86,605,0.9831810097037046,-0.005859657812500225,V1_INV_PI,V1,2,0,1.0,200,0.830429,0.891802,0.890916,0.602684,0.64409,0.912882,0.999284,0.0,0.033302,0.461111,0.001111,1.0,3.7,0,0,,2026-09-19T02:38:49,
486,run_1789774700_1967,86,606,0.9831810097037046,-0.005873799948123956,V1_INV_PI,V1,2,0,1.0,200,0.830429,0.891802,0.890916,0.602684,0.644089,0.912882,0.999284,0.0,0.033302,0.461111,0.001111,1.0,3.8,0,0,,2026-09-19T02:38:49,
487,run_1789774700_1967,86,607,0.9831817326215604,-0.0058646337259761795,V1_INV_PI,V1,2,0,1.0,200,0.830429,0.891802,0.890916,0.602684,0.644089,0.912882,0.999284,0.0,0.033302,0.461111,0.001111,1.0,3.7,0,0,,2026-09-19T02:38:49,
488,run_1789774700_1967,87,608,0.983194531626338,-0.005870917027657007,V1_INV_PI,V1,2,0,1.0,200,0.830429,0.891802,0.890916,0.602684,0.64409,0.912882,0.999284,0.0,0.033305,0.461111,0.001111,1.0,4.2,0,0,,2026-09-19T02:38:49,
489,run_1789774700_1967,88,609,0.9831794420813449,-0.0058599547536117595,V1_INV_PI,V1,2,0,1.0,200,0.830429,0.891802,0.890916,0.602684,0.644089,0.912882,0.999284,0.0,0.033301,0.461111,0.001111,1.0,3.9,0,0,,2026-09-19T02:38:49,
490,run_1789774700_1967,89,610,0.9831843700727858,-0.005871618387258926,V1_INV_PI,V1,2,0,1.0,200,0.830429,0.891802,0.890916,0.602684,0.644089,0.912882,0.999284,0.0,0.033303,0.461111,0.001111,1.0,3.8,0,0,,2026-09-19T02:38:49,
491,run_1789774700_1967,90,611,0.9831786025760905,-0.005865533745051698,V1_INV_PI,V1,2,0,1.0,200,0.830429,0.891802,0.890916,0.602684,0.644089,0.912882,0.999284,0.0,0.033301,0.461111,0.001111,1.0,4.2,0,0,,2026-09-19T02:38:49,
492,run_1789774700_1967,91,612,0.9831874359687458,-0.005867661367923484,V1_INV_PI,V1,2,0,1.0,200,0.830429,0.891802,0.890916,0.602684,0.64409,0.912882,0.999284,0.0,0.033303,0.461111,0.001111,1.0,4.0,0,0,,2026-09-19T02:38:49,
493,run_1789774700_1967,92,613,0.9831830138558261,-0.005865156282008618,V1_INV_PI,V1,2,0,1.0,200,0.830429,0.891802,0.890916,0.602684,0.644089,0.912882,0.999284,0.0,0.033302,0.461111,0.001111,1.0,4.2,0,0,,2026-09-19T02:38:49,
494,run_1789774700_1967,93,614,0.9831937363959559,-0.005870866085694853,V1_INV_PI,V1,2,0,1.0,200,0.830429,0.891802,0.890916,0.602684,0.64409,0.912882,0.999284,0.0,0.033305,0.461111,0.001111,1.0,3.9,0,0,,2026-09-19T02:38:49,
495,run_1789774700_1967,94,615,0.9831912007794766,-0.005862181288530844,V1_INV_PI,V1,2,0,1.0,200,0.830429,0.891802,0.890916,0.602684,0.64409,0.912882,0.999284,0.0,0.033304,0.461111,0.001111,1.0,4.2,0,0,,2026-09-19T02:38:49,
496,run_1789774700_1967,95,616,0.9831964383316656,-0.005857848156725438,V1_INV_PI,V1,2,0,1.0,200,0.830429,0.891803,0.890916,0.602684,0.64409,0.912882,0.999284,0.0,0.033305,0.461111,0.001111,1.0,3.8,0,0,,2026-09-19T02:38:49,
497,run_1789774700_1967,96,617,0.9831871332499548,-0.005873738923509253,V1_INV_PI,V1,2,0,1.0,200,0.830429,0.891802,0.890916,0.602684,0.644089,0.912882,0.999284,0.0,0.033303,0.461111,0.001111,1.0,3.8,0,0,,2026-09-19T02:38:49,
498,run_1789774700_1967,97,618,0.9831921540823962,-0.005870762450486603,V1_INV_PI,V1,2,0,1.0,200,0.830429,0.891802,0.890916,0.602684,0.64409,0.912882,0.999284,0.0,0.033304,0.461111,0.001111,1.0,4.5,0,0,,2026-09-19T02:38:49,
499,run_1789774700_1967,98,619,0.983181177113671,-0.005862214127704468,V1_INV_PI,V1,2,0,1.0,200,0.830429,0.891802,0.890916,0.602684,0.64409,0.912882,0.999284,0.0,0.033302,0.461111,0.001111,1.0,4.1,0,0,,2026-09-19T02:38:49,
500,run_1789774700_1967,99,620,0.9831803273624721,-0.00586599225968044,V1_INV_PI,V1,2,0,1.0,200,0.830429,0.891802,0.890916,0.602684,0.644089,0.912882,0.999284,0.0,0.033302,0.461111,0.001111,1.0,4.0,0,0,,2026-09-19T02:38:49,
501,run_1789774700_1967,0,621,-0.6799999999999999,0.27015,V4_PRIME_RESIDUAL,V4,2,0,1.0,200,0.54979,0.427805,0.585247,0.5189,0.408659,0.439996,0.999454,0.239422,0.018411,0.252222,0.132222,0.747778,4.6,0,0,,2026-09-19T02:38:49,
502,run_1789774700_1967,0,622,-0.72,0.27015,V4_PRIME_RESIDUAL,V4,2,0,1.0,200,0.576417,0.450799,0.574313,0.624527,0.44836,0.447543,0.996705,0.394346,0.034423,0.234444,0.412222,0.995556,4.5,0,0,,2026-09-19T02:38:49,
503,run_1789774700_1967,0,623,-0.7,0.29015,V4_PRIME_RESIDUAL,V4,2,0,1.0,200,0.569391,0.444781,0.581449,0.582171,0.449761,0.44356,0.9977,0.406274,0.040053,0.233333,0.436667,0.913333,4.7,0,0,,2026-09-19T02:38:49,
504,run_1789774700_1967,0,624,-0.7,0.25015,V4_PRIME_RESIDUAL,V4,2,0,1.0,200,0.546956,0.425229,0.579639,0.520297,0.403875,0.435031,0.998817,0.254245,0.016744,0.244444,0.152222,0.755556,4.4,0,0,,2026-09-19T02:38:49,
505,run_1789774700_1967,0,625,-0.685857864376269,0.28429213562373096,V4_PRIME_RESIDUAL,V4,2,0,1.0,200,0.548145,0.424036,0.582887,0.52291,0.408393,0.434306,0.999075,0.255085,0.034529,0.233333,0.132222,0.766667,4.7,0,0,,2026-09-19T02:38:49,
506,run_1789774700_1967,0,626,-0.685857864376269,0.25600786437626905,V4_PRIME_RESIDUAL,V4,2,0,1.0,200,0.550138,0.430704,0.5849,0.517674,0.40217,0.445514,0.999487,0.234999,0.015599,0.261111,0.118889,0.738889,4.5,0,0,,2026-09-19T02:38:49,
507,run_1789774700_1967,0,627,-0.7141421356237309,0.28429213562373096,V4_PRIME_RESIDUAL,V4,2,0,1.0,200,0.569009,0.438203,0.575829,0.606938,0.448833,0.43292,0.998532,0.421013,0.012984,0.237778,0.443333,0.983333,4.6,0,0,,2026-09-19T02:38:49,
508,run_1789774700_1967,0,628,-0.7141421356237309,0.25600786437626905,V4_PRIME_RESIDUAL,V4,2,0,1.0,200,0.570044,0.438984,0.576018,0.617319,0.441392,0.437327,0.996595,0.435775,0.009451,0.232222,0.452222,0.992222,4.4,0,0,,2026-09-19T02:38:49,
509,run_1789774700_1967,0,629,-0.7058703281405063,0.27945983264941193,V4_PRIME_RESIDUAL,V4,2,0,1.0,200,0.557265,0.429302,0.577243,0.563606,0.434854,0.425628,0.998268,0.365699,0.0049,0.233333,0.387778,0.875556,5.1,0,0,,2026-09-19T02:38:49,
510,run_1789774700_1967,1,630,-0.697,0.27015,V4_PRIME_RESIDUAL,V4,2,0,1.0,200,0.561495,0.438901,0.583151,0.551656,0.428267,0.449427,0.999297,0.369123,0.035405,0.234444,0.347778,0.844444,4.6,0,0,,2026-09-19T02:38:49,
511,run_1789774700_1967,1,631,-0.743,0.27015,V4_PRIME_RESIDUAL,V4,2,0,1.0,200,0.573536,0.446967,0.571907,0.623599,0.438169,0.448604,0.996348,0.296712,0.034665,0.234444,0.218889,1.0,3.8,0,0,,2026-09-19T02:38:49,
512,run_1789774700_1967,1,632,-0.72,0.29315,V4_PRIME_RESIDUAL,V4,2,0,1.0,200,0.567529,0.433354,0.574737,0.623239,0.440051,0.42696,0.996281,0.365261,0.031516,0.236667,0.405556,0.997778,3.8,0,0,,2026-09-19T02:38:49,
513,run_1789774700_1967,1,633,-0.72,0.24715,V4_PRIME_RESIDUAL,V4,2,0,1.0,200,0.565026,0.433865,0.57361,0.60698,0.433096,0.431788,0.99826,0.442078,0.015021,0.233333,0.467778,0.978889,3.9,0,0,,2026-09-19T02:38:49,
514,run_1789774700_1967,1,634,-0.7037365440327094,0.2864134559672906,V4_PRIME_RESIDUAL,V4,2,0,1.0,200,0.568752,0.445469,0.580913,0.572921,0.451382,0.445791,0.998225,0.380196,0.0132,0.235556,0.394444,0.887778,3.9,0,0,,2026-09-19T02:38:49,
515,run_1789774700_1967,1,635,-0.7037365440327094,0.2538865440327094,V4_PRIME_RESIDUAL,V4,2,0,1.0,200,0.557193,0.434333,0.579696,0.550261,0.418421,0.443462,0.998893,0.368806,0.01685,0.233333,0.343333,0.842222,4.4,0,0,,2026-09-19T02:38:49,
516,run_1789774700_1967,1,636,-0.7362634559672906,0.2864134559672906,V4_PRIME_RESIDUAL,V4,2,0,1.0,200,0.57067,0.440088,0.571196,0.624202,0.443343,0.434898,0.997352,0.311762,0.068409,0.235556,0.301111,1.0,3.7,0,0,,2026-09-19T02:38:49,
517,run_1789774700_1967,1,637,-0.7362634559672906,0.2538865440327094,V4_PRIME_RESIDUAL,V4,2,0,1.0,200,0.572317,0.443621,0.571545,0.625396,0.443709,0.439478,0.995953,0.347876,0.037189,0.233333,0.325556,1.0,3.8,0,0,,2026-09-19T02:38:49,
518,run_1789774700_1967,1,638,-0.703476854462422,0.2883320753566645,V4_PRIME_RESIDUAL,V4,2,0,1.0,200,0.568454,0.442326,0.580398,0.585935,0.4473,0.441318,0.997534,0.407473,0.017823,0.236667,0.423333,0.924444,4.0,0,0,,2026-09-19T02:38:49,
519,run_1789774700_1967,2,639,-0.7085,0.27015,V4_PRIME_RESIDUAL,V4,2,0,1.0,200,0.56634,0.437521,0.577063,0.597699,0.442445,0.431693,0.997495,0.437856,0.002816,0.233333,0.487778,0.961111,4.4,0,0,,2026-09-19T02:38:49,
520,run_1789774700_1967,2,640,-0.7314999999999999,0.27015,V4_PRIME_RESIDUAL,V4,2,0,1.0,200,0.574194,0.44717,0.5733,0.62498,0.443639,0.445899,0.994859,0.344243,0.030361,0.235556,0.285556,1.0,5.1,0,0,,2026-09-19T02:38:49,
521,run_1789774700_1967,2,641,-0.72,0.28165,V4_PRIME_RESIDUAL,V4,2,0,1.0,200,0.570013,0.440931,0.573803,0.618025,0.448663,0.428971,0.99574,0.402475,0.034212,0.236667,0.407778,0.993333,4.4,0,0,,2026-09-19T02:38:49,
522,run_1789774700_1967,2,642,-0.72,0.25865,V4_PRIME_RESIDUAL,V4,2,0,1.0,200,0.569576,0.435799,0.574895,0.622918,0.446142,0.430993,0.995894,0.403146,0.035294,0.232222,0.416667,1.0,4.7,0,0,,2026-09-19T02:38:49,
523,run_1789774700_1967,2,643,-0.7118682720163547,0.2782817279836453,V4_PRIME_RESIDUAL,V4,2,0,1.0,200,0.566978,0.437913,0.575386,0.60504,0.431533,0.43964,0.9984,0.428308,0.023492,0.233333,0.452222,0.976667,4.3,0,0,,2026-09-19T02:38:49,
524,run_1789774700_1967,2,644,-0.7118682720163547,0.2620182720163547,V4_PRIME_RESIDUAL,V4,2,0,1.0,200,0.570667,0.438946,0.57689,0.619999,0.445842,0.433158,0.996979,0.431496,0.02408,0.232222,0.458889,0.993333,4.5,0,0,,2026-09-19T02:38:49,
525,run_1789774700_1967,2,645,-0.7281317279836452,0.2782817279836453,V4_PRIME_RESIDUAL,V4,2,0,1.0,200,0.570495,0.441035,0.572513,0.622614,0.444916,0.43116,0.997038,0.366373,0.017391,0.235556,0.365556,0.996667,3.8,0,0,,2026-09-19T02:38:49,
526,run_1789774700_1967,2,646,-0.7281317279836452,0.2620182720163547,V4_PRIME_RESIDUAL,V4,2,0,1.0,200,0.574406,0.446461,0.573516,0.626724,0.447765,0.443086,0.994183,0.37064,0.014279,0.233333,0.383333,1.0,3.8,0,0,,2026-09-19T02:38:49,
527,run_1789774700_1967,2,647,-0.722962504373839,0.2794560586230048,V4_PRIME_RESIDUAL,V4,2,0,1.0,200,0.57428,0.448582,0.574334,0.621593,0.446022,0.443073,0.995873,0.390225,0.012891,0.237778,0.385556,0.994444,3.8,0,0,,2026-09-19T02:38:49,
528,run_1789774700_1967,3,648,-0.7142499999999999,0.27015,V4_PRIME_RESIDUAL,V4,2,0,1.0,200,0.572183,0.441205,0.574861,0.623902,0.443822,0.438576,0.998051,0.411701,0.016959,0.234444,0.436667,0.997778,4.0,0,0,,2026-09-19T02:38:49,
529,run_1789774700_1967,3,649,-0.72575,0.27015,V4_PRIME_RESIDUAL,V4,2,0,1.0,200,0.573036,0.442909,0.574177,0.62597,0.449918,0.4364,0.995594,0.364779,0.038665,0.233333,0.376667,0.998889,3.8,0,0,,2026-09-19T02:38:49,
530,run_1789774700_1967,3,650,-0.72,0.2759,V4_PRIME_RESIDUAL,V4,2,0,1.0,200,0.561707,0.425769,0.571903,0.617872,0.436431,0.411761,0.997129,0.395176,0.00585,0.234444,0.427778,0.994444,3.9,0,0,,2026-09-19T02:38:49,
531,run_1789774700_1967,3,651,-0.72,0.2644,V4_PRIME_RESIDUAL,V4,2,0,1.0,200,0.571507,0.43908,0.574096,0.625454,0.453499,0.42982,0.995379,0.389895,0.028908,0.233333,0.412222,1.0,4.4,0,0,,2026-09-19T02:38:49,
532,run_1789774700_1967,3,652,-0.7159341360081773,0.27421586399182263,V4_PRIME_RESIDUAL,V4,2,0,1.0,200,0.565253,0.429691,0.57314,0.617969,0.438768,0.423587,0.998737,0.408637,0.013984,0.234444,0.436667,0.995556,3.8,0,0,,2026-09-19T02:38:49,
533,run_1789774700_1967,3,653,-0.7159341360081773,0.2660841360081774,V4_PRIME_RESIDUAL,V4,2,0,1.0,200,0.565497,0.431526,0.573728,0.618318,0.440219,0.421654,0.996848,0.410947,0.017447,0.233333,0.416667,0.996667,4.0,0,0,,2026-09-19T02:38:49,
534,run_1789774700_1967,3,654,-0.7240658639918226,0.27421586399182263,V4_PRIME_RESIDUAL,V4,2,0,1.0,200,0.57058,0.440259,0.573029,0.621521,0.445551,0.433555,0.996444,0.378712,0.022735,0.233333,0.378889,0.997778,3.9,0,0,,2026-09-19T02:38:49,
535,run_1789774700_1967,3,655,-0.7240658639918226,0.2660841360081774,V4_PRIME_RESIDUAL,V4,2,0,1.0,200,0.574085,0.444376,0.573646,0.625605,0.449403,0.44089,0.997065,0.371244,0.012561,0.234444,0.383333,1.0,3.9,0,0,,2026-09-19T02:38:49,
536,run_1789774700_1967,3,656,-0.7154220377183922,0.2648332888728362,V4_PRIME_RESIDUAL,V4,2,0,1.0,200,0.563373,0.428612,0.573502,0.619634,0.428504,0.423143,0.996685,0.413054,0.021547,0.233333,0.432222,0.996667,3.8,0,0,,2026-09-19T02:38:49,
537,run_1789774700_1967,4,657,-0.717125,0.27015,V4_PRIME_RESIDUAL,V4,2,0,1.0,200,0.565643,0.432619,0.573035,0.620606,0.440351,0.419865,0.996064,0.395689,0.016582,0.234444,0.412222,0.996667,4.0,0,0,,2026-09-19T02:38:49,
538,run_1789774700_1967,4,658,-0.7228749999999999,0.27015,V4_PRIME_RESIDUAL,V4,2,0,1.0,200,0.570731,0.439377,0.573395,0.625092,0.447206,0.430929,0.995957,0.37478,0.024473,0.233333,0.387778,0.998889,3.8,0,0,,2026-09-19T02:38:49,
539,run_1789774700_1967,4,659,-0.72,0.273025,V4_PRIME_RESIDUAL,V4,2,0,1.0,200,0.564715,0.430318,0.572412,0.618668,0.442254,0.417492,0.99674,0.40086,0.010259,0.234444,0.418889,1.0,3.8,0,0,,2026-09-19T02:38:49,
540,run_1789774700_1967,4,660,-0.72,0.267275,V4_PRIME_RESIDUAL,V4,2,0,1.0,200,0.570366,0.438281,0.573581,0.624933,0.445381,0.430759,0.997319,0.383065,0.027781,0.233333,0.405556,1.0,3.8,0,0,,2026-09-19T02:38:49,
541,run_1789774700_1967,4,661,-0.7179670680040886,0.2721829319959113,V4_PRIME_RESIDUAL,V4,2,0,1.0,200,0.564384,0.42862,0.572884,0.620334,0.445338,0.412125,0.997513,0.402245,0.021521,0.234444,0.416667,0.997778,3.8,0,0,,2026-09-19T02:38:49,
542,run_1789774700_1967,4,662,-0.7179670680040886,0.2681170680040887,V4_PRIME_RESIDUAL,V4,2,0,1.0,200,0.572576,0.442544,0.573615,0.62637,0.444195,0.437744,0.997676,0.392251,0.01913,0.235556,0.396667,1.0,3.8,0,0,,2026-09-19T02:38:49,
543,run_1789774700_1967,4,663,-0.7220329319959113,0.2721829319959113,V4_PRIME_RESIDUAL,V4,2,0,1.0,200,0.568706,0.435578,0.573481,0.623911,0.440668,0.429522,0.997825,0.382296,0.028813,0.234444,0.414444,1.0,3.9,0,0,,2026-09-19T02:38:49,
544,run_1789774700_1967,4,664,-0.7220329319959113,0.2681170680040887,V4_PRIME_RESIDUAL,V4,2,0,1.0,200,0.572139,0.44071,0.573865,0.624951,0.4474,0.436255,0.997274,0.380239,0.011692,0.234444,0.394444,1.0,3.8,0,0,,2026-09-19T02:38:49,
545,run_1789774700_1967,4,665,-0.7185374162158417,0.2721075450345202,V4_PRIME_RESIDUAL,V4,2,0,1.0,200,0.569469,0.437424,0.573983,0.619947,0.45081,0.425006,0.997676,0.399784,0.025636,0.234444,0.423333,0.996667,3.8,0,0,,2026-09-19T02:38:49,
546,run_1789774700_1967,5,666,-0.7185625,0.27015,V4_PRIME_RESIDUAL,V4,2,0,1.0,200,0.57057,0.440261,0.574219,0.623937,0.440387,0.435931,0.995559,0.391886,0.020603,0.234444,0.407778,0.997778,4.0,0,0,,2026-09-19T02:38:49,
547,run_1789774700_1967,5,667,-0.7214375,0.27015,V4_PRIME_RESIDUAL,V4,2,0,1.0,200,0.571553,0.441797,0.573927,0.625862,0.438456,0.440204,0.995575,0.378866,0.046279,0.233333,0.405556,1.0,3.9,0,0,,2026-09-19T02:38:49,
548,run_1789774700_1967,5,668,-0.72,0.2715875,V4_PRIME_RESIDUAL,V4,2,0,1.0,200,0.56521,0.43212,0.572856,0.619907,0.438584,0.420131,0.996392,0.392944,0.051875,0.234444,0.401111,0.997778,3.8,0,0,,2026-09-19T02:38:49,
549,run_1789774700_1967,5,669,-0.72,0.2687125,V4_PRIME_RESIDUAL,V4,2,0,1.0,200,0.573478,0.444925,0.573601,0.624278,0.45062,0.437567,0.995581,0.387462,0.017784,0.234444,0.41,1.0,3.8,0,0,,2026-09-19T02:38:49,
550,run_1789774700_1967,5,670,-0.7189835340020443,0.2711664659979557,V4_PRIME_RESIDUAL,V4,2,0,1.0,200,0.567353,0.433103,0.573325,0.621291,0.447513,0.421045,0.997344,0.393758,0.033782,0.234444,0.398889,0.998889,3.8,0,0,,2026-09-19T02:38:49,
551,run_1789774700_1967,5,671,-0.7189835340020443,0.2691335340020443,V4_PRIME_RESIDUAL,V4,2,0,1.0,200,0.568097,0.435101,0.572892,0.622043,0.441613,0.428486,0.99711,0.389521,0.005045,0.235556,0.412222,0.998889,3.8,0,0,,2026-09-19T02:38:49,
552,run_1789774700_1967,5,672,-0.7210164659979557,0.2711664659979557,V4_PRIME_RESIDUAL,V4,2,0,1.0,200,0.572717,0.444339,0.574418,0.624893,0.441811,0.440407,0.996021,0.384847,0.056135,0.234444,0.398889,1.0,4.0,0,0,,2026-09-19T02:38:49,
553,run_1789774700_1967,5,673,-0.7210164659979557,0.2691335340020443,V4_PRIME_RESIDUAL,V4,2,0,1.0,200,0.576009,0.449115,0.574785,0.627234,0.446203,0.44774,0.995575,0.382892,0.021182,0.234444,0.412222,1.0,3.8,0,0,,2026-09-19T02:38:49,
554,run_1789774700_1967,5,674,-0.7208294507606484,0.2697594428327608,V4_PRIME_RESIDUAL,V4,2,0,1.0,200,0.570181,0.438831,0.573633,0.624673,0.440656,0.433366,0.997492,0.382963,0.029096,0.233333,0.387778,1.0,3.8,0,0,,2026-09-19T02:38:49,
555,run_1789774700_1967,6,675,-0.71928125,0.27015,V4_PRIME_RESIDUAL,V4,2,0,1.0,200,0.575382,0.448208,0.5748,0.624831,0.44439,0.448357,0.996491,0.393885,0.055716,0.234444,0.412222,0.997778,4.4,0,0,,2026-09-19T02:38:49,
556,run_1789774700_1967,6,676,-0.72071875,0.27015,V4_PRIME_RESIDUAL,V4,2,0,1.0,200,0.574153,0.446115,0.574002,0.625111,0.44666,0.441831,0.996555,0.380037,0.021283,0.233333,0.405556,1.0,3.8,0,0,,2026-09-19T02:38:49,
557,run_1789774700_1967,6,677,-0.72,0.27086875,V4_PRIME_RESIDUAL,V4,2,0,1.0,200,0.573218,0.443318,0.574374,0.624022,0.449991,0.436467,0.997737,0.385852,0.045297,0.234444,0.412222,0.996667,4.1,0,0,,2026-09-19T02:38:49,
558,run_1789774700_1967,6,678,-0.72,0.26943125,V4_PRIME_RESIDUAL,V4,2,0,1.0,200,0.570687,0.440843,0.57403,0.624321,0.436677,0.438141,0.996672,0.384173,0.020659,0.235556,0.412222,1.0,3.8,0,0,,2026-09-19T02:38:49,
559,run_1789774700_1967,6,679,-0.7194917670010221,0.27065823299897784,V4_PRIME_RESIDUAL,V4,2,0,1.0,200,0.575904,0.449282,0.574658,0.624942,0.447679,0.445971,0.997307,0.388031,0.034373,0.234444,0.403333,0.998889,3.9,0,0,,2026-09-19T02:38:49,
560,run_1789774700_1967,6,680,-0.7194917670010221,0.26964176700102216,V4_PRIME_RESIDUAL,V4,2,0,1.0,200,0.569468,0.438789,0.573548,0.623473,0.441301,0.431414,0.995404,0.388093,0.027354,0.234444,0.403333,0.997778,3.9,0,0,,2026-09-19T02:38:49,
561,run_1789774700_1967,6,681,-0.7205082329989778,0.27065823299897784,V4_PRIME_RESIDUAL,V4,2,0,1.0,200,0.576078,0.449816,0.574522,0.626384,0.449352,0.444493,0.996073,0.385125,0.030403,0.234444,0.41,1.0,4.1,0,0,,2026-09-19T02:38:49,
562,run_1789774700_1967,6,682,-0.7205082329989778,0.26964176700102216,V4_PRIME_RESIDUAL,V4,2,0,1.0,200,0.574619,0.447692,0.574442,0.62437,0.443113,0.445673,0.99704,0.388731,0.034345,0.233333,0.398889,1.0,3.8,0,0,,2026-09-19T02:38:49,
563,run_1789774700_1967,6,683,-0.7195311994534285,0.27007599487705053,V4_PRIME_RESIDUAL,V4,2,0,1.0,200,0.581688,0.459552,0.575445,0.62698,0.451502,0.462197,0.995878,0.393557,0.051981,0.234444,0.414444,1.0,3.8,0,0,,2026-09-19T02:38:49,
564,run_1789774700_1967,7,684,-0.7187046369534285,0.27007599487705053,V4_PRIME_RESIDUAL,V4,2,0,1.0,200,0.568204,0.435519,0.57385,0.622925,0.439625,0.429979,0.995783,0.39311,0.021447,0.234444,0.401111,1.0,5.0,0,0,,2026-09-19T02:38:50,
565,run_1789774700_1967,7,685,-0.7203577619534285,0.27007599487705053,V4_PRIME_RESIDUAL,V4,2,0,1.0,200,0.570187,0.43993,0.573591,0.623241,0.441236,0.432971,0.996989,0.384473,0.032527,0.234444,0.407778,0.998889,4.3,0,0,,2026-09-19T02:38:50,
566,run_1789774700_1967,7,686,-0.7195311994534285,0.27090255737705055,V4_PRIME_RESIDUAL,V4,2,0,1.0,200,0.571646,0.441186,0.573932,0.624495,0.444132,0.435796,0.997309,0.387671,0.023309,0.234444,0.405556,0.998889,4.4,0,0,,2026-09-19T02:38:50,
567,run_1789774700_1967,7,687,-0.7195311994534285,0.2692494323770505,V4_PRIME_RESIDUAL,V4,2,0,1.0,200,0.569087,0.438514,0.57345,0.623369,0.441474,0.430414,0.994347,0.387039,0.046324,0.235556,0.396667,1.0,3.8,0,0,,2026-09-19T02:38:50,
568,run_1789774700_1967,7,688,-0.718946731504604,0.270660462825875,V4_PRIME_RESIDUAL,V4,2,0,1.0,200,0.568246,0.436048,0.573741,0.621262,0.446564,0.423795,0.996202,0.395661,0.044589,0.234444,0.394444,0.997778,4.9,0,0,,2026-09-19T02:38:50,
569,run_1789774700_1967,7,689,-0.718946731504604,0.26949152692822603,V4_PRIME_RESIDUAL,V4,2,0,1.0,200,0.567214,0.434839,0.573361,0.621777,0.443812,0.423066,0.994682,0.39251,0.02162,0.234444,0.396667,0.997778,3.8,0,0,,2026-09-19T02:38:50,
570,run_1789774700_1967,7,690,-0.720115667402253,0.270660462825875,V4_PRIME_RESIDUAL,V4,2,0,1.0,200,0.577685,0.452115,0.574552,0.624807,0.451268,0.449661,0.997418,0.391892,0.025578,0.234444,0.412222,0.997778,4.9,0,0,,2026-09-19T02:38:50,
571,run_1789774700_1967,7,691,-0.720115667402253,0.26949152692822603,V4_PRIME_RESIDUAL,V4,2,0,1.0,200,0.572892,0.44454,0.574102,0.62402,0.444806,0.440051,0.995403,0.38667,0.017828,0.234444,0.403333,0.998889,3.8,0,0,,2026-09-19T02:38:50,
572,run_1789774700_1967,7,692,-0.7188371846572181,0.2702366755227621,V4_PRIME_RESIDUAL,V4,2,0,1.0,200,0.570704,0.439626,0.574265,0.623775,0.444415,0.432558,0.996969,0.391649,0.020171,0.234444,0.401111,1.0,3.9,0,0,,2026-09-19T02:38:50,
573,run_1789774700_1967,8,693,-0.7191179182034285,0.27007599487705053,V4_PRIME_RESIDUAL,V4,2,0,1.0,200,0.572056,0.442076,0.574327,0.622914,0.446002,0.438238,0.995436,0.392909,0.041214,0.234444,0.396667,0.997778,4.0,0,0,,2026-09-19T02:38:50,
574,run_1789774700_1967,8,694,-0.7199444807034284,0.27007599487705053,V4_PRIME_RESIDUAL,V4,2,0,1.0,200,0.577688,0.453288,0.574512,0.624569,0.448957,0.450718,0.997017,0.396527,0.033035,0.234444,0.403333,0.997778,3.8,0,0,,2026-09-19T02:38:50,
575,run_1789774700_1967,8,695,-0.7195311994534285,0.27048927612705054,V4_PRIME_RESIDUAL,V4,2,0,1.0,200,0.575917,0.450208,0.574974,0.626052,0.443632,0.449015,0.995426,0.392863,0.049244,0.234444,0.416667,1.0,3.8,0,0,,2026-09-19T02:38:50,
576,run_1789774700_1967,8,696,-0.7195311994534285,0.2696627136270505,V4_PRIME_RESIDUAL,V4,2,0,1.0,200,0.568556,0.43746,0.573404,0.622512,0.440385,0.429398,0.995573,0.391679,0.029002,0.234444,0.407778,0.998889,3.8,0,0,,2026-09-19T02:38:50,
577,run_1789774700_1967,8,697,-0.7192389654790162,0.2703682288514628,V4_PRIME_RESIDUAL,V4,2,0,1.0,200,0.574611,0.446736,0.574763,0.624405,0.448212,0.442534,0.996266,0.395108,0.021341,0.234444,0.414444,0.998889,3.9,0,0,,2026-09-19T02:38:50,
578,run_1789774700_1967,8,698,-0.7192389654790162,0.2697837609026383,V4_PRIME_RESIDUAL,V4,2,0,1.0,200,0.57016,0.440225,0.573872,0.622675,0.43975,0.434369,0.996693,0.391992,0.047452,0.234444,0.403333,0.997778,4.5,0,0,,2026-09-19T02:38:50,
579,run_1789774700_1967,8,699,-0.7198234334278407,0.2703682288514628,V4_PRIME_RESIDUAL,V4,2,0,1.0,200,0.570171,0.439116,0.574047,0.623166,0.438428,0.435863,0.997777,0.392102,0.058206,0.234444,0.418889,1.0,4.2,0,0,,2026-09-19T02:38:50,
580,run_1789774700_1967,8,700,-0.7198234334278407,0.2697837609026383,V4_PRIME_RESIDUAL,V4,2,0,1.0,200,0.570096,0.439663,0.573984,0.622739,0.44377,0.430633,0.996743,0.392871,0.028118,0.234444,0.407778,1.0,4.1,0,0,,2026-09-19T02:38:50,
581,run_1789774700_1967,8,701,-0.7196978722711022,0.27036741410862614,V4_PRIME_RESIDUAL,V4,2,0,1.0,200,0.573416,0.446444,0.57421,0.622561,0.443866,0.441355,0.996706,0.397325,0.055914,0.234444,0.412222,0.998889,4.3,0,0,,2026-09-19T02:38:50,
582,run_1789774700_1967,9,702,-0.7193245588284285,0.27007599487705053,V4_PRIME_RESIDUAL,V4,2,0,1.0,200,0.573628,0.446302,0.574628,0.624638,0.439798,0.44537,0.995917,0.391961,0.05714,0.234444,0.41,1.0,4.5,0,0,,2026-09-19T02:38:50,
583,run_1789774700_1967,9,703,-0.7197378400784284,0.27007599487705053,V4_PRIME_RESIDUAL,V4,2,0,1.0,200,0.575534,0.448582,0.574757,0.624535,0.448745,0.444061,0.997161,0.39121,0.051245,0.234444,0.418889,1.0,3.8,0,0,,2026-09-19T02:38:50,
584,run_1789774700_1967,9,704,-0.7195311994534285,0.2702826355020505,V4_PRIME_RESIDUAL,V4,2,0,1.0,200,0.578459,0.45381,0.575073,0.625783,0.450955,0.452414,0.995818,0.394399,0.034861,0.234444,0.403333,0.997778,3.8,0,0,,2026-09-19T02:38:50,
585,run_1789774700_1967,9,705,-0.7195311994534285,0.26986935425205055,V4_PRIME_RESIDUAL,V4,2,0,1.0,200,0.572107,0.443382,0.574132,0.623113,0.445282,0.435958,0.996594,0.392343,0.044208,0.234444,0.405556,0.997778,4.1,0,0,,2026-09-19T02:38:50,
586,run_1789774700_1967,9,706,-0.7193850824662223,0.27022211186425665,V4_PRIME_RESIDUAL,V4,2,0,1.0,200,0.57953,0.455615,0.575503,0.627344,0.44925,0.456547,0.995531,0.38966,0.03213,0.234444,0.407778,1.0,3.8,0,0,,2026-09-19T02:38:50,
587,run_1789774700_1967,9,707,-0.7193850824662223,0.2699298778898444,V4_PRIME_RESIDUAL,V4,2,0,1.0,200,0.573143,0.444846,0.574293,0.623601,0.443415,0.441089,0.997143,0.393367,0.031447,0.234444,0.403333,0.998889,3.8,0,0,,2026-09-19T02:38:50,
588,run_1789774700_1967,9,708,-0.7196773164406346,0.27022211186425665,V4_PRIME_RESIDUAL,V4,2,0,1.0,200,0.5781,0.45335,0.57492,0.626344,0.448579,0.452067,0.996506,0.392683,0.040692,0.234444,0.41,0.998889,3.8,0,0,,2026-09-19T02:38:50,
589,run_1789774700_1967,9,709,-0.7196773164406346,0.2699298778898444,V4_PRIME_RESIDUAL,V4,2,0,1.0,200,0.569081,0.439231,0.574194,0.622811,0.440351,0.428598,0.995866,0.394112,0.070429,0.234444,0.425556,0.997778,3.9,0,0,,2026-09-19T02:38:50,
590,run_1789774700_1967,9,710,-0.7193320563845419,0.26991289572045096,V4_PRIME_RESIDUAL,V4,2,0,1.0,200,0.573261,0.44556,0.574128,0.62488,0.439918,0.444164,0.996052,0.390825,0.041464,0.234444,0.405556,0.998889,4.0,0,0,,2026-09-19T02:38:50,
591,run_1789774700_1967,10,711,-0.7194278791409284,0.27007599487705053,V4_PRIME_RESIDUAL,V4,2,0,1.0,200,0.577162,0.451526,0.575136,0.626393,0.444381,0.45304,0.996255,0.389348,0.04548,0.234444,0.407778,1.0,4.1,0,0,,2026-09-19T02:38:50,
592,run_1789774700_1967,10,712,-0.7196345197659285,0.27007599487705053,V4_PRIME_RESIDUAL,V4,2,0,1.0,200,0.578173,0.453646,0.574684,0.625085,0.44847,0.452995,0.997175,0.394002,0.050481,0.234444,0.418889,1.0,3.9,0,0,,2026-09-19T02:38:50,
593,run_1789774700_1967,10,713,-0.7195311994534285,0.2701793151895505,V4_PRIME_RESIDUAL,V4,2,0,1.0,200,0.576271,0.450707,0.574627,0.623945,0.447272,0.448738,0.996048,0.396657,0.033027,0.234444,0.412222,0.998889,3.9,0,0,,2026-09-19T02:38:50,
594,run_1789774700_1967,10,714,-0.7195311994534285,0.26997267456455054,V4_PRIME_RESIDUAL,V4,2,0,1.0,200,0.572696,0.44463,0.574207,0.623915,0.439953,0.441927,0.996924,0.392162,0.039652,0.234444,0.414444,1.0,3.9,0,0,,2026-09-19T02:38:50,
595,run_1789774700_1967,10,715,-0.7194581409598254,0.2701490533706536,V4_PRIME_RESIDUAL,V4,2,0,1.0,200,0.578191,0.453909,0.574915,0.624805,0.450229,0.45238,0.995763,0.392597,0.058967,0.234444,0.405556,0.996667,3.9,0,0,,2026-09-19T02:38:50,
596,run_1789774700_1967,10,716,-0.7194581409598254,0.27000293638344747,V4_PRIME_RESIDUAL,V4,2,0,1.0,200,0.575869,0.449951,0.574548,0.625475,0.445138,0.448868,0.995181,0.392084,0.051762,0.234444,0.412222,0.998889,3.8,0,0,,2026-09-19T02:38:50,
597,run_1789774700_1967,10,717,-0.7196042579470315,0.2701490533706536,V4_PRIME_RESIDUAL,V4,2,0,1.0,200,0.576671,0.4507,0.574753,0.624779,0.448699,0.448142,0.996934,0.393249,0.043065,0.234444,0.414444,0.998889,3.9,0,0,,2026-09-19T02:38:50,
598,run_1789774700_1967,10,718,-0.7196042579470315,0.27000293638344747,V4_PRIME_RESIDUAL,V4,2,0,1.0,200,0.574773,0.447813,0.574517,0.625129,0.443149,0.445791,0.996877,0.392645,0.04704,0.234444,0.418889,1.0,3.8,0,0,,2026-09-19T02:38:50,
599,run_1789774700_1967,10,719,-0.7195641307170414,0.270173751392487,V4_PRIME_RESIDUAL,V4,2,0,1.0,200,0.580252,0.458639,0.574918,0.623752,0.452278,0.458081,0.994921,0.396813,0.057955,0.234444,0.405556,0.996667,3.9,0,0,,2026-09-19T02:38:50,
600,run_1789774700_1967,11,720,-0.7194795392971784,0.27007599487705053,V4_PRIME_RESIDUAL,V4,2,0,1.0,200,0.583186,0.462818,0.575714,0.627035,0.452376,0.466306,0.995112,0.394614,0.041686,0.234444,0.41,0.997778,4.1,0,0,,2026-09-19T02:38:50,
601,run_1789774700_1967,11,721,-0.7195828596096785,0.27007599487705053,V4_PRIME_RESIDUAL,V4,2,0,1.0,200,0.578115,0.453197,0.575154,0.626305,0.446491,0.454181,0.996638,0.392801,0.055211,0.234444,0.414444,0.998889,3.9,0,0,,2026-09-19T02:38:50,
602,run_1789774700_1967,11,722,-0.7195311994534285,0.27012765503330055,V4_PRIME_RESIDUAL,V4,2,0,1.0,200,0.577623,0.452741,0.57496,0.625457,0.446288,0.452778,0.996769,0.393864,0.036372,0.234444,0.405556,1.0,4.1,0,0,,2026-09-19T02:38:50,
603,run_1789774700_1967,11,723,-0.7195311994534285,0.2700243347208005,V4_PRIME_RESIDUAL,V4,2,0,1.0,200,0.575022,0.447886,0.574859,0.625537,0.442987,0.44679,0.996831,0.388304,0.049143,0.234444,0.414444,0.997778,4.0,0,0,,2026-09-19T02:38:50,
604,run_1789774700_1967,11,724,-0.7194946702066269,0.27011252412385206,V4_PRIME_RESIDUAL,V4,2,0,1.0,200,0.578769,0.45476,0.575252,0.625669,0.448788,0.454568,0.996251,0.393799,0.053845,0.234444,0.403333,0.997778,3.9,0,0,,2026-09-19T02:38:50,
605,run_1789774700_1967,11,725,-0.7194946702066269,0.270039465630249,V4_PRIME_RESIDUAL,V4,2,0,1.0,200,0.576281,0.450474,0.575199,0.626166,0.442441,0.451052,0.996226,0.391596,0.042889,0.234444,0.412222,1.0,3.8,0,0,,2026-09-19T02:38:50,
606,run_1789774700_1967,11,726,-0.71956772870023,0.27011252412385206,V4_PRIME_RESIDUAL,V4,2,0,1.0,200,0.574236,0.447003,0.574842,0.624815,0.446575,0.441338,0.995662,0.394632,0.04912,0.234444,0.412222,0.998889,4.3,0,0,,2026-09-19T02:38:50,
607,run_1789774700_1967,11,727,-0.71956772870023,0.270039465630249,V4_PRIME_RESIDUAL,V4,2,0,1.0,200,0.575455,0.449241,0.57456,0.62306,0.448816,0.444922,0.99627,0.394971,0.038295,0.234444,0.423333,0.995556,3.8,0,0,,2026-09-19T02:38:50,
608,run_1789774700_1967,11,728,-0.7195404822178852,0.27004995959286004,V4_PRIME_RESIDUAL,V4,2,0,1.0,200,0.576034,0.449829,0.575049,0.624627,0.445593,0.448872,0.996366,0.393395,0.064886,0.234444,0.418889,0.997778,4.0,0,0,,2026-09-19T02:38:50,
609,run_1789774700_1967,12,729,-0.719420130117491,0.27007599487705053,V4_PRIME_RESIDUAL,V4,2,0,1.0,200,0.576022,0.450062,0.575139,0.625117,0.446463,0.447526,0.995801,0.394075,0.063982,0.234444,0.41,0.997778,4.1,0,0,,2026-09-19T02:38:50,
610,run_1789774700_1967,12,730,-0.719538948476866,0.27007599487705053,V4_PRIME_RESIDUAL,V4,2,0,1.0,200,0.57873,0.454722,0.575181,0.626962,0.447739,0.455108,0.995338,0.391961,0.06231,0.234444,0.414444,1.0,4.1,0,0,,2026-09-19T02:38:50,
611,run_1789774700_1967,12,731,-0.7194795392971784,0.270135404056738,V4_PRIME_RESIDUAL,V4,2,0,1.0,200,0.578445,0.453924,0.575361,0.625936,0.44883,0.4534,0.99623,0.393636,0.05643,0.234444,0.407778,0.998889,3.9,0,0,,2026-09-19T02:38:50,
612,run_1789774700_1967,12,732,-0.7194795392971784,0.27001658569736303,V4_PRIME_RESIDUAL,V4,2,0,1.0,200,0.576418,0.451494,0.574741,0.625059,0.446595,0.449315,0.994586,0.393647,0.056853,0.234444,0.414444,0.998889,3.8,0,0,,2026-09-19T02:38:50,
613,run_1789774700_1967,12,733,-0.7194375306633567,0.2701180035108723,V4_PRIME_RESIDUAL,V4,2,0,1.0,200,0.579324,0.456808,0.574814,0.625366,0.446279,0.459114,0.995242,0.392613,0.057134,0.234444,0.405556,0.997778,3.9,0,0,,2026-09-19T02:38:50,
614,run_1789774700_1967,12,734,-0.7194375306633567,0.2700339862432288,V4_PRIME_RESIDUAL,V4,2,0,1.0,200,0.575324,0.449349,0.574776,0.625553,0.445267,0.445914,0.995067,0.392595,0.049145,0.234444,0.403333,0.997778,3.9,0,0,,2026-09-19T02:38:50,
615,run_1789774700_1967,12,735,-0.7195215479310002,0.2701180035108723,V4_PRIME_RESIDUAL,V4,2,0,1.0,200,0.578471,0.454392,0.575274,0.626399,0.445763,0.455396,0.996324,0.394057,0.044572,0.234444,0.407778,0.998889,3.8,0,0,,2026-09-19T02:38:50,
616,run_1789774700_1967,12,736,-0.7195215479310002,0.2700339862432288,V4_PRIME_RESIDUAL,V4,2,0,1.0,200,0.577146,0.452014,0.575139,0.62598,0.445308,0.451736,0.996118,0.39062,0.058223,0.234444,0.416667,0.998889,3.8,0,0,,2026-09-19T02:38:50,
617,run_1789774700_1967,12,737,-0.7194535134180609,0.27009233219409295,V4_PRIME_RESIDUAL,V4,2,0,1.0,200,0.579288,0.45634,0.575066,0.626007,0.446485,0.458095,0.995701,0.390718,0.050485,0.234444,0.405556,0.997778,3.8,0,0,,2026-09-19T02:38:50,
618,run_1789774700_1967,13,738,-0.7194498347073347,0.27007599487705053,V4_PRIME_RESIDUAL,V4,2,0,1.0,200,0.579197,0.456428,0.575107,0.623071,0.454472,0.453164,0.994787,0.395672,0.0491,0.234444,0.407778,0.998889,4.1,0,0,,2026-09-19T02:38:50,
619,run_1789774700_1967,13,739,-0.7195092438870222,0.27007599487705053,V4_PRIME_RESIDUAL,V4,2,0,1.0,200,0.579256,0.455388,0.575604,0.626909,0.447151,0.457294,0.995767,0.391707,0.048785,0.234444,0.412222,0.997778,3.8,0,0,,2026-09-19T02:38:50,
620,run_1789774700_1967,13,740,-0.7194795392971784,0.2701056994668943,V4_PRIME_RESIDUAL,V4,2,0,1.0,200,0.581558,0.45937,0.575498,0.626235,0.451459,0.461693,0.996553,0.394063,0.04362,0.234444,0.407778,0.998889,3.8,0,0,,2026-09-19T02:38:50,
621,run_1789774700_1967,13,741,-0.7194795392971784,0.2700462902872068,V4_PRIME_RESIDUAL,V4,2,0,1.0,200,0.574943,0.448272,0.575049,0.625268,0.44681,0.443186,0.995521,0.392609,0.049997,0.234444,0.412222,0.998889,4.4,0,0,,2026-09-19T02:38:50,
622,run_1789774700_1967,13,742,-0.7194585349802676,0.2700969991939614,V4_PRIME_RESIDUAL,V4,2,0,1.0,200,0.576839,0.452356,0.574893,0.625265,0.442249,0.453483,0.995777,0.392412,0.062038,0.234444,0.41,0.998889,3.9,0,0,,2026-09-19T02:38:50,
623,run_1789774700_1967,13,743,-0.7194585349802676,0.27005499056013965,V4_PRIME_RESIDUAL,V4,2,0,1.0,200,0.575022,0.448946,0.574767,0.623801,0.44728,0.443711,0.995675,0.393404,0.055783,0.234444,0.403333,1.0,5.2,0,0,,2026-09-19T02:38:50,
624,run_1789774700_1967,13,744,-0.7195005436140893,0.2700969991939614,V4_PRIME_RESIDUAL,V4,2,0,1.0,200,0.578813,0.455103,0.575345,0.626561,0.446274,0.456347,0.995723,0.392816,0.045205,0.234444,0.414444,0.998889,3.8,0,0,,2026-09-19T02:38:50,
625,run_1789774700_1967,13,745,-0.7195005436140893,0.27005499056013965,V4_PRIME_RESIDUAL,V4,2,0,1.0,200,0.577357,0.452038,0.575197,0.626081,0.445518,0.452659,0.996194,0.392357,0.047977,0.234444,0.414444,1.0,3.8,0,0,,2026-09-19T02:38:50,
626,run_1789774700_1967,13,746,-0.7194537643951643,0.2700531571662312,V4_PRIME_RESIDUAL,V4,2,0,1.0,200,0.578558,0.454259,0.575063,0.625982,0.448329,0.454689,0.995891,0.393078,0.047086,0.234444,0.41,0.998889,3.8,0,0,,2026-09-19T02:38:50,
627,run_1789774700_1967,14,747,-0.7194646870022565,0.27007599487705053,V4_PRIME_RESIDUAL,V4,2,0,1.0,200,0.580004,0.458139,0.575107,0.624771,0.448175,0.459201,0.995872,0.392194,0.059668,0.234444,0.414444,0.995556,4.0,0,0,,2026-09-19T02:38:50,
628,run_1789774700_1967,14,748,-0.7194943915921004,0.27007599487705053,V4_PRIME_RESIDUAL,V4,2,0,1.0,200,0.579868,0.456828,0.575418,0.627099,0.446695,0.459147,0.996045,0.392136,0.041049,0.234444,0.41,1.0,4.1,0,0,,2026-09-19T02:38:50,
629,run_1789774700_1967,14,749,-0.7194795392971784,0.2700908471719724,V4_PRIME_RESIDUAL,V4,2,0,1.0,200,0.580748,0.458388,0.5756,0.626368,0.448639,0.460893,0.996171,0.395238,0.037256,0.234444,0.41,0.997778,3.8,0,0,,2026-09-19T02:38:50,
630,run_1789774700_1967,14,750,-0.7194795392971784,0.27006114258212865,V4_PRIME_RESIDUAL,V4,2,0,1.0,200,0.581898,0.460507,0.575573,0.625886,0.453469,0.461914,0.994966,0.395002,0.049047,0.234444,0.412222,0.997778,3.8,0,0,,2026-09-19T02:38:50,
631,run_1789774700_1967,14,751,-0.719469037138723,0.27008649703550597,V4_PRIME_RESIDUAL,V4,2,0,1.0,200,0.577155,0.453347,0.574992,0.624238,0.446757,0.451221,0.994911,0.394896,0.046872,0.234444,0.41,0.995556,3.9,0,0,,2026-09-19T02:38:50,
632,run_1789774700_1967,14,752,-0.719469037138723,0.2700654927185951,V4_PRIME_RESIDUAL,V4,2,0,1.0,200,0.579199,0.455784,0.57521,0.625288,0.450956,0.454743,0.99549,0.393693,0.047998,0.234444,0.407778,1.0,4.4,0,0,,2026-09-19T02:38:50,
633,run_1789774700_1967,14,753,-0.7194900414556339,0.27008649703550597,V4_PRIME_RESIDUAL,V4,2,0,1.0,200,0.57869,0.454361,0.575485,0.625908,0.447487,0.455039,0.996746,0.393776,0.04031,0.234444,0.412222,0.998889,3.8,0,0,,2026-09-19T02:38:50,
634,run_1789774700_1967,14,754,-0.7194900414556339,0.2700654927185951,V4_PRIME_RESIDUAL,V4,2,0,1.0,200,0.581577,0.459832,0.575547,0.62634,0.451413,0.461916,0.99558,0.393904,0.040389,0.234444,0.412222,0.997778,4.0,0,0,,2026-09-19T02:38:50,
635,run_1789774700_1967,14,755,-0.7194764823848105,0.2700717923375474,V4_PRIME_RESIDUAL,V4,2,0,1.0,200,0.582213,0.460661,0.575754,0.627066,0.451371,0.463461,0.995996,0.393629,0.037476,0.234444,0.41,0.998889,3.8,0,0,,2026-09-19T02:38:50,
636,run_1789774700_1967,15,756,-0.7194695392971785,0.27007599487705053,V4_PRIME_RESIDUAL,V4,2,0,1.0,200,0.578355,0.454635,0.575113,0.62478,0.447709,0.45459,0.995786,0.394079,0.04061,0.234444,0.412222,0.998889,4.6,0,0,,2026-09-19T02:38:50,
637,run_1789774700_1967,15,757,-0.7194895392971784,0.27007599487705053,V4_PRIME_RESIDUAL,V4,2,0,1.0,200,0.582294,0.461533,0.575487,0.627005,0.449901,0.465118,0.995227,0.391449,0.044858,0.234444,0.407778,0.997778,4.1,0,0,,2026-09-19T02:38:50,
638,run_1789774700_1967,15,758,-0.7194795392971784,0.27008599487705054,V4_PRIME_RESIDUAL,V4,2,0,1.0,200,0.582603,0.462038,0.57565,0.626324,0.450918,0.465153,0.995912,0.393412,0.041868,0.234444,0.412222,0.995556,4.4,0,0,,2026-09-19T02:38:50,
639,run_1789774700_1967,15,759,-0.7194795392971784,0.2700659948770505,V4_PRIME_RESIDUAL,V4,2,0,1.0,200,0.583879,0.463665,0.575914,0.62754,0.453003,0.46802,0.995277,0.394207,0.042912,0.234444,0.41,1.0,4.1,0,0,,2026-09-19T02:38:50,
640,run_1789774700_1967,15,760,-0.7194724682293666,0.2700830659448624,V4_PRIME_RESIDUAL,V4,2,0,1.0,200,0.580272,0.45802,0.575264,0.626164,0.447875,0.460245,0.995568,0.393313,0.043306,0.234444,0.407778,1.0,4.4,0,0,,2026-09-19T02:38:50,
641,run_1789774700_1967,15,761,-0.7194724682293666,0.27006892380923864,V4_PRIME_RESIDUAL,V4,2,0,1.0,200,0.580547,0.458735,0.575327,0.625164,0.450008,0.460133,0.995124,0.393483,0.048793,0.234444,0.407778,0.996667,4.2,0,0,,2026-09-19T02:38:50,
642,run_1789774700_1967,15,762,-0.7194866103649903,0.2700830659448624,V4_PRIME_RESIDUAL,V4,2,0,1.0,200,0.57944,0.455741,0.575442,0.625095,0.450111,0.455853,0.996866,0.395589,0.031853,0.234444,0.41,0.998889,4.8,0,0,,2026-09-19T02:38:50,
643,run_1789774700_1967,15,763,-0.7194866103649903,0.27006892380923864,V4_PRIME_RESIDUAL,V4,2,0,1.0,200,0.580795,0.458727,0.575446,0.626182,0.450004,0.460652,0.99514,0.393543,0.041058,0.234444,0.412222,1.0,4.1,0,0,,2026-09-19T02:38:50,
644,run_1789774700_1967,15,764,-0.7194742141537562,0.27007108400592594,V4_PRIME_RESIDUAL,V4,2,0,1.0,200,0.582325,0.461352,0.575681,0.626552,0.450276,0.46456,0.99618,0.395107,0.044232,0.234444,0.407778,0.998889,4.5,0,0,,2026-09-19T02:38:50,
645,run_1789774700_1967,16,765,-0.7194680392971784,0.2700659948770505,V4_PRIME_RESIDUAL,V4,2,0,1.0,200,0.577972,0.4539,0.575006,0.624991,0.448078,0.452986,0.995588,0.393164,0.051039,0.234444,0.405556,0.997778,4.0,0,0,,2026-09-19T02:38:50,
646,run_1789774700_1967,16,766,-0.7194910392971785,0.2700659948770505,V4_PRIME_RESIDUAL,V4,2,0,1.0,200,0.582417,0.460962,0.575643,0.625779,0.454232,0.4631,0.995754,0.393865,0.037783,0.234444,0.41,0.997778,4.2,0,0,,2026-09-19T02:38:50,
647,run_1789774700_1967,16,767,-0.7194795392971784,0.2700774948770505,V4_PRIME_RESIDUAL,V4,2,0,1.0,200,0.582542,0.461477,0.575768,0.627061,0.450932,0.464996,0.995732,0.392453,0.041501,0.234444,0.407778,0.996667,3.8,0,0,,2026-09-19T02:38:50,
648,run_1789774700_1967,16,768,-0.7194795392971784,0.2700544948770505,V4_PRIME_RESIDUAL,V4,2,0,1.0,200,0.582259,0.461002,0.575509,0.626562,0.452017,0.463896,0.995406,0.394044,0.038125,0.234444,0.41,1.0,4.7,0,0,,2026-09-19T02:38:50,
649,run_1789774700_1967,16,769,-0.7194714075691948,0.27007412660503416,V4_PRIME_RESIDUAL,V4,2,0,1.0,200,0.580879,0.459224,0.575453,0.625881,0.449535,0.460677,0.995607,0.395593,0.041003,0.234444,0.41,1.0,4.0,0,0,,2026-09-19T02:38:50,
650,run_1789774700_1967,16,770,-0.7194714075691948,0.2700578631490669,V4_PRIME_RESIDUAL,V4,2,0,1.0,200,0.576296,0.45043,0.575113,0.625261,0.444138,0.450288,0.996459,0.39314,0.04551,0.234444,0.414444,1.0,3.9,0,0,,2026-09-19T02:38:50,
651,run_1789774700_1967,16,771,-0.7194876710251621,0.27007412660503416,V4_PRIME_RESIDUAL,V4,2,0,1.0,200,0.58262,0.462117,0.57556,0.626226,0.451967,0.464987,0.995201,0.395542,0.041447,0.234444,0.41,0.998889,3.8,0,0,,2026-09-19T02:38:50,
652,run_1789774700_1967,16,772,-0.7194876710251621,0.2700578631490669,V4_PRIME_RESIDUAL,V4,2,0,1.0,200,0.579405,0.455431,0.575401,0.625804,0.450722,0.456055,0.99567,0.39439,0.042419,0.234444,0.414444,0.998889,3.9,0,0,,2026-09-19T02:38:50,
653,run_1789774700_1967,16,773,-0.7194778233537923,0.2700593615906658,V4_PRIME_RESIDUAL,V4,2,0,1.0,200,0.582031,0.459979,0.575649,0.625579,0.453904,0.462346,0.996095,0.394966,0.044577,0.234444,0.412222,0.998889,3.8,0,0,,2026-09-19T02:38:50,
654,run_1789774700_1967,17,774,-0.7194695392971785,0.2700659948770505,V4_PRIME_RESIDUAL,V4,2,0,1.0,200,0.578244,0.454396,0.575124,0.624011,0.449834,0.452776,0.995887,0.394978,0.049777,0.234444,0.41,0.997778,4.0,0,0,,2026-09-19T02:38:50,
655,run_1789774700_1967,17,775,-0.7194895392971784,0.2700659948770505,V4_PRIME_RESIDUAL,V4,2,0,1.0,200,0.58192,0.46002,0.575606,0.626251,0.452921,0.461745,0.996241,0.39225,0.035576,0.234444,0.41,0.996667,4.5,0,0,,2026-09-19T02:38:50,
656,run_1789774700_1967,17,776,-0.7194795392971784,0.2700559948770505,V4_PRIME_RESIDUAL,V4,2,0,1.0,200,0.582741,0.461958,0.575622,0.62589,0.454919,0.463695,0.994888,0.395912,0.042295,0.234444,0.41,0.998889,3.9,0,0,,2026-09-19T02:38:50,
657,run_1789774700_1967,17,777,-0.7194724682293666,0.2700730659448624,V4_PRIME_RESIDUAL,V4,2,0,1.0,200,0.581193,0.459639,0.575418,0.625927,0.450387,0.461804,0.995018,0.394203,0.055196,0.234444,0.407778,0.997778,4.8,0,0,,2026-09-19T02:38:50,
658,run_1789774700_1967,17,778,-0.7194724682293666,0.2700589238092386,V4_PRIME_RESIDUAL,V4,2,0,1.0,200,0.580927,0.458593,0.575417,0.626249,0.450375,0.460656,0.995826,0.392873,0.043097,0.234444,0.412222,0.998889,4.0,0,0,,2026-09-19T02:38:50,
659,run_1789774700_1967,17,779,-0.7194866103649903,0.2700730659448624,V4_PRIME_RESIDUAL,V4,2,0,1.0,200,0.580468,0.45822,0.575429,0.625753,0.449776,0.459784,0.995344,0.391302,0.049416,0.234444,0.41,0.995556,4.1,0,0,,2026-09-19T02:38:50,
660,run_1789774700_1967,17,780,-0.7194866103649903,0.2700589238092386,V4_PRIME_RESIDUAL,V4,2,0,1.0,200,0.579526,0.455813,0.575464,0.626159,0.449367,0.456927,0.9959,0.393419,0.043553,0.234444,0.41,0.998889,3.8,0,0,,2026-09-19T02:38:50,
661,run_1789774700_1967,17,781,-0.7194732191289254,0.2700595579556324,V4_PRIME_RESIDUAL,V4,2,0,1.0,200,0.576861,0.451789,0.575114,0.623971,0.449106,0.448524,0.996046,0.395747,0.046851,0.234444,0.41,0.998889,3.8,0,0,,2026-09-19T02:38:50,
662,run_1789774700_1967,18,782,-0.7194771419885994,0.27005726734946434,V4_PRIME_RESIDUAL,V4,2,0,1.0,200,0.584059,0.464006,0.575618,0.62523,0.457238,0.46668,0.995617,0.395646,0.04672,0.234444,0.416667,0.995556,4.5,0,0,,2026-09-19T02:38:50,
663,run_1789774700_1967,19,783,-0.7194656419885993,0.27005726734946434,V4_PRIME_RESIDUAL,V4,2,0,1.0,200,0.577911,0.453746,0.575001,0.624389,0.448503,0.453127,0.995478,0.393384,0.050084,0.234444,0.41,1.0,4.4,0,0,,2026-09-19T02:38:50,
664,run_1789774700_1967,19,784,-0.7194886419885994,0.27005726734946434,V4_PRIME_RESIDUAL,V4,2,0,1.0,200,0.580106,0.456655,0.575463,0.62639,0.450234,0.458289,0.995905,0.391102,0.039769,0.234444,0.414444,0.996667,3.8,0,0,,2026-09-19T02:38:50,
665,run_1789774700_1967,19,785,-0.7194771419885994,0.27006876734946433,V4_PRIME_RESIDUAL,V4,2,0,1.0,200,0.582481,0.461837,0.575655,0.626031,0.45211,0.464332,0.995348,0.392493,0.04525,0.234444,0.41,0.995556,3.9,0,0,,2026-09-19T02:38:50,
666,run_1789774700_1967,19,786,-0.7194771419885994,0.27004576734946434,V4_PRIME_RESIDUAL,V4,2,0,1.0,200,0.577594,0.452973,0.575001,0.626015,0.445834,0.453589,0.995234,0.390017,0.045905,0.234444,0.41,1.0,3.9,0,0,,2026-09-19T02:38:50,
667,run_1789774700_1967,19,787,-0.7194690102606157,0.270065399077448,V4_PRIME_RESIDUAL,V4,2,0,1.0,200,0.579199,0.455784,0.57521,0.625288,0.450956,0.454743,0.99549,0.393693,0.047998,0.234444,0.407778,1.0,3.9,0,0,,2026-09-19T02:38:50,
668,run_1789774700_1967,19,788,-0.7194690102606157,0.2700491356214807,V4_PRIME_RESIDUAL,V4,2,0,1.0,200,0.576203,0.45032,0.575041,0.625264,0.444904,0.449608,0.996001,0.392361,0.044886,0.234444,0.41,1.0,3.9,0,0,,2026-09-19T02:38:50,
669,run_1789774700_1967,19,789,-0.719485273716583,0.270065399077448,V4_PRIME_RESIDUAL,V4,2,0,1.0,200,0.580575,0.45786,0.575427,0.625945,0.451053,0.458978,0.995995,0.392332,0.044528,0.234444,0.41,0.996667,3.9,0,0,,2026-09-19T02:38:50,
670,run_1789774700_1967,19,790,-0.719485273716583,0.2700491356214807,V4_PRIME_RESIDUAL,V4,2,0,1.0,200,0.579061,0.455589,0.575115,0.62587,0.449372,0.454937,0.995796,0.391937,0.042216,0.234444,0.41,0.997778,3.9,0,0,,2026-09-19T02:38:50,
671,run_1789774700_1967,19,791,-0.7194861194474548,0.27006492808330707,V4_PRIME_RESIDUAL,V4,2,0,1.0,200,0.579566,0.455712,0.575399,0.626082,0.450171,0.456322,0.996282,0.39092,0.043664,0.234444,0.41,1.0,3.8,0,0,,2026-09-19T02:38:50,
672,run_1789774700_1967,20,792,-0.7194671419885994,0.27005726734946434,V4_PRIME_RESIDUAL,V4,2,0,1.0,200,0.576091,0.450502,0.574955,0.624094,0.446389,0.448443,0.995888,0.394189,0.048416,0.234444,0.41,0.997778,4.0,0,0,,2026-09-19T02:38:50,
673,run_1789774700_1967,20,793,-0.7194871419885993,0.27005726734946434,V4_PRIME_RESIDUAL,V4,2,0,1.0,200,0.581227,0.458805,0.575477,0.625808,0.452285,0.460559,0.996043,0.394371,0.036002,0.234444,0.414444,0.997778,5.3,0,0,,2026-09-19T02:38:50,
674,run_1789774700_1967,20,794,-0.7194771419885994,0.27006726734946435,V4_PRIME_RESIDUAL,V4,2,0,1.0,200,0.581677,0.460245,0.575573,0.625882,0.452987,0.461697,0.994636,0.394868,0.048947,0.234444,0.412222,0.998889,4.1,0,0,,2026-09-19T02:38:50,
675,run_1789774700_1967,20,795,-0.7194771419885994,0.2700472673494643,V4_PRIME_RESIDUAL,V4,2,0,1.0,200,0.57683,0.451309,0.575024,0.626123,0.446212,0.450721,0.99527,0.390123,0.047372,0.234444,0.407778,1.0,5.2,0,0,,2026-09-19T02:38:50,
676,run_1789774700_1967,20,796,-0.7194700709207875,0.27006433841727623,V4_PRIME_RESIDUAL,V4,2,0,1.0,200,0.578464,0.454663,0.575151,0.624168,0.451167,0.452637,0.995536,0.39455,0.04996,0.234444,0.41,0.997778,4.0,0,0,,2026-09-19T02:38:50,
677,run_1789774700_1967,20,797,-0.7194700709207875,0.27005019628165244,V4_PRIME_RESIDUAL,V4,2,0,1.0,200,0.576981,0.451732,0.575091,0.625524,0.446562,0.450768,0.995711,0.391885,0.046344,0.234444,0.412222,1.0,3.8,0,0,,2026-09-19T02:38:50,
678,run_1789774700_1967,20,798,-0.7194842130564112,0.27006433841727623,V4_PRIME_RESIDUAL,V4,2,0,1.0,200,0.580446,0.457515,0.575506,0.626375,0.449768,0.459639,0.995826,0.392525,0.04505,0.234444,0.414444,1.0,4.1,0,0,,2026-09-19T02:38:50,
679,run_1789774700_1967,20,799,-0.7194842130564112,0.27005019628165244,V4_PRIME_RESIDUAL,V4,2,0,1.0,200,0.578587,0.454858,0.575082,0.625067,0.450001,0.453535,0.995467,0.391531,0.042317,0.234444,0.412222,0.997778,4.0,0,0,,2026-09-19T02:38:50,
680,run_1789774700_1967,20,800,-0.7194787142659658,0.270050197273887,V4_PRIME_RESIDUAL,V4,2,0,1.0,200,0.577509,0.451927,0.575174,0.625601,0.448347,0.451659,0.996064,0.391882,0.042093,0.234444,0.412222,0.998889,3.9,0,0,,2026-09-19T02:38:50,
681,run_1789774700_1967,21,801,-0.7194693612248677,0.27005736851541484,V4_PRIME_RESIDUAL,V4,2,0,1.0,200,0.575251,0.449231,0.574842,0.62484,0.442633,0.448145,0.995829,0.392185,0.046705,0.234444,0.412222,1.0,4.2,0,0,,2026-09-19T02:38:50,
682,run_1789774700_1967,22,802,-0.7194736123561061,0.27006203507858084,V4_PRIME_RESIDUAL,V4,2,0,1.0,200,0.581926,0.460397,0.575612,0.626139,0.452973,0.462098,0.995359,0.396105,0.049822,0.234444,0.412222,0.998889,5.1,0,0,,2026-09-19T02:38:50,
683,run_1789774700_1967,23,803,-0.7194785538358716,0.27006220495844324,V4_PRIME_RESIDUAL,V4,2,0,1.0,200,0.583335,0.462816,0.57569,0.627165,0.453218,0.466316,0.995151,0.392281,0.044051,0.234444,0.41,0.998889,4.4,0,0,,2026-09-19T02:38:50,
684,run_1789774700_1967,24,804,-0.7194678301757703,0.27005880174742086,V4_PRIME_RESIDUAL,V4,2,0,1.0,200,0.575374,0.450045,0.574834,0.623763,0.445639,0.446465,0.99505,0.394252,0.048328,0.234444,0.41,0.996667,4.1,0,0,,2026-09-19T02:38:50,
685,run_1789774700_1967,25,805,-0.7194753503417467,0.2700515206950808,V4_PRIME_RESIDUAL,V4,2,0,1.0,200,0.578588,0.453729,0.575306,0.625585,0.450473,0.4533,0.996374,0.392581,0.038366,0.234444,0.414444,0.997778,4.3,0,0,,2026-09-19T02:38:50,
686,run_1789774700_1967,26,806,-0.7194738943762496,0.27006386223624673,V4_PRIME_RESIDUAL,V4,2,0,1.0,200,0.581081,0.45884,0.575651,0.626498,0.450674,0.460704,0.995613,0.392868,0.040472,0.234444,0.414444,0.998889,4.0,0,0,,2026-09-19T02:38:50,
687,run_1789774700_1967,27,807,-0.7194786054191836,0.27005781033768944,V4_PRIME_RESIDUAL,V4,2,0,1.0,200,0.582096,0.460302,0.575593,0.624886,0.456003,0.461433,0.995552,0.395951,0.050602,0.234444,0.414444,0.998889,4.0,0,0,,2026-09-19T02:38:50,
688,run_1789774700_1967,28,808,-0.7194849699367022,0.27005877489197055,V4_PRIME_RESIDUAL,V4,2,0,1.0,200,0.58164,0.459482,0.575477,0.626016,0.453398,0.460691,0.996213,0.391365,0.043923,0.234444,0.412222,0.995556,4.4,0,0,,2026-09-19T02:38:50,
689,run_1789774700_1967,29,809,-0.7194731140091588,0.270050927700174,V4_PRIME_RESIDUAL,V4,2,0,1.0,200,0.576903,0.451982,0.574994,0.625961,0.444809,0.451559,0.995396,0.39135,0.045207,0.234444,0.412222,1.0,4.8,0,0,,2026-09-19T02:38:50,
690,run_1789774700_1967,30,810,-0.7194842363685477,0.27005312407208965,V4_PRIME_RESIDUAL,V4,2,0,1.0,200,0.577657,0.452831,0.575157,0.625767,0.447123,0.452266,0.996018,0.392004,0.045411,0.234444,0.41,1.0,4.1,0,0,,2026-09-19T02:38:50,
691,run_1789774700_1967,31,811,-0.7194679931731222,0.27005208344709886,V4_PRIME_RESIDUAL,V4,2,0,1.0,200,0.577147,0.451783,0.575169,0.626212,0.445473,0.451915,0.995908,0.391281,0.056522,0.234444,0.412222,1.0,4.3,0,0,,2026-09-19T02:38:50,
692,run_1789774700_1967,32,812,-0.719485764892897,0.2700543579866022,V4_PRIME_RESIDUAL,V4,2,0,1.0,200,0.57933,0.455333,0.575346,0.626337,0.448946,0.456193,0.99649,0.391752,0.043355,0.234444,0.414444,0.998889,4.0,0,0,,2026-09-19T02:38:50,
693,run_1789774700_1967,33,813,-0.7194839689206207,0.2700547090233237,V4_PRIME_RESIDUAL,V4,2,0,1.0,200,0.580145,0.456938,0.5754,0.626035,0.450422,0.457777,0.996434,0.394046,0.046626,0.234444,0.412222,1.0,4.0,0,0,,2026-09-19T02:38:50,
694,run_1789774700_1967,34,814,-0.7194810004809199,0.27005134934039454,V4_PRIME_RESIDUAL,V4,2,0,1.0,200,0.577602,0.452596,0.575192,0.625643,0.446746,0.452973,0.995797,0.391076,0.041689,0.234444,0.412222,0.998889,4.0,0,0,,2026-09-19T02:38:50,
695,run_1789774700_1967,35,815,-0.7194793299884118,0.27006363813975415,V4_PRIME_RESIDUAL,V4,2,0,1.0,200,0.583373,0.462896,0.575778,0.627291,0.453057,0.4664,0.995135,0.395324,0.042964,0.234444,0.412222,1.0,4.0,0,0,,2026-09-19T02:38:50,
696,run_1789774700_1967,36,816,-0.7194791165556139,0.27005571817727964,V4_PRIME_RESIDUAL,V4,2,0,1.0,200,0.583287,0.462361,0.575581,0.624588,0.458412,0.464117,0.995282,0.395589,0.050749,0.234444,0.41,0.994444,4.1,0,0,,2026-09-19T02:38:50,
697,run_1789774700_1967,37,817,-0.719470612717246,0.2700581974360129,V4_PRIME_RESIDUAL,V4,2,0,1.0,200,0.576296,0.45043,0.575113,0.625261,0.444138,0.450288,0.996459,0.39314,0.04551,0.234444,0.414444,1.0,4.3,0,0,,2026-09-19T02:38:50,
698,run_1789774700_1967,38,818,-0.7194708938539766,0.2700524636511867,V4_PRIME_RESIDUAL,V4,2,0,1.0,200,0.576589,0.450746,0.575138,0.625762,0.44437,0.451219,0.996193,0.391683,0.043829,0.234444,0.412222,1.0,4.1,0,0,,2026-09-19T02:38:50,
699,run_1789774700_1967,39,940,1.0,0.0,V4_PRIME_RESIDUAL,V4,2,0,1.0,200,0.828899,0.890177,0.889214,0.602576,0.639704,0.911595,0.999274,0.0,0.035278,0.471111,0.001111,1.0,3.8,0,0,,2026-09-19T02:38:51,
700,run_1789774700_1967,39,941,0.98,0.0,V4_PRIME_RESIDUAL,V4,2,0,1.0,200,0.829923,0.891274,0.890733,0.602714,0.64174,0.912899,0.999276,0.0,0.0316,0.46,0.001111,1.0,3.7,0,0,,2026-09-19T02:38:51,
701,run_1789774700_1967,39,942,1.0,0.02,V4_PRIME_RESIDUAL,V4,2,0,1.0,200,0.827869,0.88892,0.888918,0.602583,0.6355,0.911332,0.999257,0.0,0.036397,0.472222,0.001111,1.0,3.7,0,0,,2026-09-19T02:38:51,
702,run_1789774700_1967,39,943,1.0,-0.02,V4_PRIME_RESIDUAL,V4,2,0,1.0,200,0.827869,0.88892,0.888918,0.602583,0.6355,0.911332,0.999257,0.0,0.036397,0.472222,0.001111,1.0,3.8,0,0,,2026-09-19T02:38:51,
703,run_1789774700_1967,39,944,1.0,0.014142135623730949,V4_PRIME_RESIDUAL,V4,2,0,1.0,200,0.82856,0.889724,0.889206,0.602579,0.638303,0.911506,0.999265,0.0,0.036166,0.472222,0.001111,1.0,3.8,0,0,,2026-09-19T02:38:51,
704,run_1789774700_1967,39,945,1.0,-0.014142135623730949,V4_PRIME_RESIDUAL,V4,2,0,1.0,200,0.82856,0.889724,0.889206,0.602579,0.638303,0.911506,0.999265,0.0,0.036166,0.472222,0.001111,1.0,3.7,0,0,,2026-09-19T02:38:51,
705,run_1789774700_1967,39,946,0.9858578643762691,0.014142135623730949,V4_PRIME_RESIDUAL,V4,2,0,1.0,200,0.829709,0.891118,0.889887,0.602669,0.641983,0.912378,0.999279,0.0,0.033985,0.465556,0.001111,1.0,4.3,0,0,,2026-09-19T02:38:51,
706,run_1789774700_1967,39,947,0.9858578643762691,-0.014142135623730949,V4_PRIME_RESIDUAL,V4,2,0,1.0,200,0.829709,0.891118,0.889887,0.602669,0.641983,0.912378,0.999279,0.0,0.033985,0.465556,0.001111,1.0,4.1,0,0,,2026-09-19T02:38:51,
707,run_1789774700_1967,39,948,1.0,0.014264195358981966,V4_PRIME_RESIDUAL,V4,2,0,1.0,200,0.828555,0.889717,0.889208,0.602579,0.638278,0.911506,0.999265,0.0,0.036171,0.472222,0.001111,1.0,4.3,0,0,,2026-09-19T02:38:51,
708,run_1789774700_1967,40,949,0.957,0.0,V4_PRIME_RESIDUAL,V4,2,0,1.0,200,0.826158,0.886589,0.890829,0.602921,0.623858,0.913279,0.999184,0.0,0.031134,0.453333,0.001111,1.0,4.0,0,0,,2026-09-19T02:38:51,
709,run_1789774700_1967,40,950,0.98,0.023,V4_PRIME_RESIDUAL,V4,2,0,1.0,200,0.829911,0.891194,0.890722,0.602714,0.641989,0.912711,0.999282,0.0,0.033168,0.461111,0.001111,1.0,3.6,0,0,,2026-09-19T02:38:51,
710,run_1789774700_1967,40,951,0.98,-0.023,V4_PRIME_RESIDUAL,V4,2,0,1.0,200,0.829911,0.891194,0.890722,0.602714,0.641989,0.912711,0.999282,0.0,0.033168,0.461111,0.001111,1.0,3.7,0,0,,2026-09-19T02:38:51,
711,run_1789774700_1967,40,952,0.9962634559672906,0.01626345596729059,V4_PRIME_RESIDUAL,V4,2,0,1.0,200,0.828506,0.889637,0.889122,0.602608,0.638237,0.911417,0.999261,0.0,0.035918,0.472222,0.001111,1.0,3.6,0,0,,2026-09-19T02:38:51,
712,run_1789774700_1967,40,953,0.9962634559672906,-0.01626345596729059,V4_PRIME_RESIDUAL,V4,2,0,1.0,200,0.828506,0.889637,0.889121,0.602608,0.638237,0.911417,0.999261,0.0,0.035918,0.472222,0.001111,1.0,3.7,0,0,,2026-09-19T02:38:51,
713,run_1789774700_1967,40,954,0.9637365440327094,0.01626345596729059,V4_PRIME_RESIDUAL,V4,2,0,1.0,200,0.825865,0.886058,0.891302,0.602871,0.622382,0.91325,0.999197,0.0,0.032022,0.454444,0.001111,1.0,3.7,0,0,,2026-09-19T02:38:51,
714,run_1789774700_1967,40,955,0.9637365440327094,-0.01626345596729059,V4_PRIME_RESIDUAL,V4,2,0,1.0,200,0.825865,0.886058,0.891302,0.602871,0.622382,0.91325,0.999197,0.0,0.032022,0.454444,0.001111,1.0,3.8,0,0,,2026-09-19T02:38:51,
715,run_1789774700_1967,40,956,0.973032133572657,-0.008136440028826242,V4_PRIME_RESIDUAL,V4,2,0,1.0,200,0.828905,0.890097,0.890849,0.602776,0.636754,0.912907,0.999254,0.0,0.031226,0.456667,0.001111,1.0,3.7,0,0,,2026-09-19T02:38:51,
716,run_1789774700_1967,41,957,0.9914999999999999,0.0,V4_PRIME_RESIDUAL,V4,2,0,1.0,200,0.82931,0.89043,0.889542,0.602632,0.641494,0.911749,0.999264,0.0,0.034131,0.471111,0.001111,1.0,4.0,0,0,,2026-09-19T02:38:51,
717,run_1789774700_1967,41,958,0.9685,0.0,V4_PRIME_RESIDUAL,V4,2,0,1.0,200,0.827419,0.888311,0.891327,0.602818,0.628869,0.91336,0.999231,0.0,0.030235,0.455556,0.001111,1.0,3.6,0,0,,2026-09-19T02:38:51,
718,run_1789774700_1967,41,959,0.98,0.0115,V4_PRIME_RESIDUAL,V4,2,0,1.0,200,0.83008,0.891457,0.89078,0.602714,0.64247,0.912862,0.99928,0.0,0.032527,0.46,0.001111,1.0,3.6,0,0,,2026-09-19T02:38:51,
719,run_1789774700_1967,41,960,0.98,-0.0115,V4_PRIME_RESIDUAL,V4,2,0,1.0,200,0.83008,0.891457,0.89078,0.602714,0.64247,0.912862,0.99928,0.0,0.032527,0.46,0.001111,1.0,3.6,0,0,,2026-09-19T02:38:51,
720,run_1789774700_1967,41,961,0.9881317279836452,0.008131727983645295,V4_PRIME_RESIDUAL,V4,2,0,1.0,200,0.829499,0.890827,0.88949,0.602655,0.641781,0.912081,0.999274,0.0,0.034315,0.471111,0.001111,1.0,3.6,0,0,,2026-09-19T02:38:51,
721,run_1789774700_1967,41,962,0.9881317279836452,-0.008131727983645295,V4_PRIME_RESIDUAL,V4,2,0,1.0,200,0.829499,0.890827,0.88949,0.602655,0.641781,0.912081,0.999274,0.0,0.034315,0.471111,0.001111,1.0,3.6,0,0,,2026-09-19T02:38:51,
722,run_1789774700_1967,41,963,0.9718682720163547,0.008131727983645295,V4_PRIME_RESIDUAL,V4,2,0,1.0,200,0.82848,0.889579,0.89082,0.602788,0.634837,0.912882,0.999244,0.0,0.031035,0.456667,0.001111,1.0,3.6,0,0,,2026-09-19T02:38:51,
723,run_1789774700_1967,41,964,0.9718682720163547,-0.008131727983645295,V4_PRIME_RESIDUAL,V4,2,0,1.0,200,0.82848,0.889579,0.89082,0.602788,0.634837,0.912882,0.999244,0.0,0.031035,0.456667,0.001111,1.0,3.6,0,0,,2026-09-19T02:38:51,
724,run_1789774700_1967,41,965,0.9725973636529974,0.01042653766306606,V4_PRIME_RESIDUAL,V4,2,0,1.0,200,0.828855,0.890033,0.890897,0.602779,0.636495,0.912892,0.999252,0.0,0.031273,0.456667,0.001111,1.0,3.6,0,0,,2026-09-19T02:38:51,
725,run_1789774700_1967,42,966,0.993225,0.0115,V4_PRIME_RESIDUAL,V4,2,0,1.0,200,0.82916,0.890316,0.889454,0.602629,0.640825,0.911691,0.999271,0.0,0.035161,0.472222,0.001111,1.0,3.8,0,0,,2026-09-19T02:38:51,
726,run_1789774700_1967,42,967,0.9667749999999999,0.0115,V4_PRIME_RESIDUAL,V4,2,0,1.0,200,0.824368,0.883876,0.891405,0.602852,0.615926,0.913292,0.999181,0.0,0.030935,0.455556,0.001111,1.0,3.7,0,0,,2026-09-19T02:38:51,
727,run_1789774700_1967,42,968,0.98,0.024724999999999997,V4_PRIME_RESIDUAL,V4,2,0,1.0,200,0.829816,0.89106,0.890733,0.602717,0.641554,0.912722,0.999282,0.0,0.033226,0.461111,0.001111,1.0,3.7,0,0,,2026-09-19T02:38:51,
728,run_1789774700_1967,42,969,0.98,-0.001724999999999999,V4_PRIME_RESIDUAL,V4,2,0,1.0,200,0.829968,0.891314,0.890793,0.602714,0.641909,0.912903,0.999278,0.0,0.03166,0.46,0.001111,1.0,3.7,0,0,,2026-09-19T02:38:51,
729,run_1789774700_1967,42,970,0.989351487181192,0.02085148718119209,V4_PRIME_RESIDUAL,V4,2,0,1.0,200,0.828755,0.88987,0.889632,0.602653,0.638471,0.911895,0.999266,0.0,0.034766,0.471111,0.001111,1.0,3.7,0,0,,2026-09-19T02:38:51,
730,run_1789774700_1967,42,971,0.989351487181192,0.0021485128188079104,V4_PRIME_RESIDUAL,V4,2,0,1.0,200,0.829379,0.890583,0.889411,0.602647,0.641714,0.911846,0.999269,0.0,0.033729,0.471111,0.001111,1.0,3.7,0,0,,2026-09-19T02:38:51,
731,run_1789774700_1967,42,972,0.9706485128188079,0.02085148718119209,V4_PRIME_RESIDUAL,V4,2,0,1.0,200,0.829492,0.890705,0.890808,0.602795,0.639736,0.912833,0.999266,0.0,0.032004,0.456667,0.001111,1.0,3.7,0,0,,2026-09-19T02:38:51,
732,run_1789774700_1967,42,973,0.9706485128188079,0.0021485128188079104,V4_PRIME_RESIDUAL,V4,2,0,1.0,200,0.827785,0.888803,0.890745,0.6028,0.631563,0.912883,0.999239,0.0,0.030216,0.455556,0.001111,1.0,3.8,0,0,,2026-09-19T02:38:51,
733,run_1789774700_1967,42,974,0.9712596285932359,0.021533171416905333,V4_PRIME_RESIDUAL,V4,2,0,1.0,200,0.829521,0.890707,0.890844,0.60279,0.639898,0.91283,0.999267,0.0,0.032101,0.456667,0.001111,1.0,3.7,0,0,,2026-09-19T02:38:51,
734,run_1789774700_1967,43,975,0.9866125,0.0115,V4_PRIME_RESIDUAL,V4,2,0,1.0,200,0.829743,0.891146,0.889998,0.602662,0.642059,0.912378,0.999279,0.0,0.034073,0.466667,0.001111,1.0,3.8,0,0,,2026-09-19T02:38:51,
735,run_1789774700_1967,43,976,0.9733875,0.0115,V4_PRIME_RESIDUAL,V4,2,0,1.0,200,0.829266,0.890502,0.890913,0.602769,0.63845,0.912882,0.999258,0.0,0.031512,0.456667,0.001111,1.0,3.7,0,0,,2026-09-19T02:38:51,
736,run_1789774700_1967,43,977,0.98,0.0181125,V4_PRIME_RESIDUAL,V4,2,0,1.0,200,0.830251,0.891645,0.890793,0.602712,0.643331,0.912809,0.999287,0.0,0.033053,0.458889,0.001111,1.0,3.9,0,0,,2026-09-19T02:38:51,
737,run_1789774700_1967,43,978,0.98,0.0048875,V4_PRIME_RESIDUAL,V4,2,0,1.0,200,0.82998,0.891367,0.890802,0.602714,0.64193,0.912867,0.99928,0.0,0.032291,0.458889,0.001111,1.0,4.0,0,0,,2026-09-19T02:38:51,
738,run_1789774700_1967,43,979,0.9846757435905961,0.016175743590596044,V4_PRIME_RESIDUAL,V4,2,0,1.0,200,0.83016,0.891482,0.890614,0.602674,0.643329,0.9127,0.99928,0.0,0.033844,0.464444,0.001111,1.0,3.9,0,0,,2026-09-19T02:38:51,
739,run_1789774700_1967,43,980,0.9846757435905961,0.006824256409403955,V4_PRIME_RESIDUAL,V4,2,0,1.0,200,0.830368,0.891716,0.890808,0.602673,0.644019,0.912808,0.999282,0.0,0.033632,0.463333,0.001111,1.0,3.7,0,0,,2026-09-19T02:38:51,
740,run_1789774700_1967,43,981,0.9753242564094039,0.016175743590596044,V4_PRIME_RESIDUAL,V4,2,0,1.0,200,0.829866,0.891207,0.891015,0.602752,0.641099,0.912959,0.999273,0.0,0.032106,0.457778,0.001111,1.0,3.7,0,0,,2026-09-19T02:38:51,
741,run_1789774700_1967,43,982,0.9753242564094039,0.006824256409403955,V4_PRIME_RESIDUAL,V4,2,0,1.0,200,0.829555,0.890842,0.890905,0.602751,0.639798,0.912913,0.999264,0.0,0.031628,0.456667,0.001111,1.0,3.7,0,0,,2026-09-19T02:38:51,
742,run_1789774700_1967,43,983,0.980894121922143,0.017668668102174264,V4_PRIME_RESIDUAL,V4,2,0,1.0,200,0.83028,0.891656,0.890736,0.602706,0.643576,0.912799,0.999287,0.0,0.033173,0.46,0.001111,1.0,3.7,0,0,,2026-09-19T02:38:51,
743,run_1789774700_1967,44,984,0.9922801185905961,0.006824256409403955,V4_PRIME_RESIDUAL,V4,2,0,1.0,200,0.829222,0.890358,0.889433,0.602635,0.641254,0.911633,0.999265,0.0,0.034875,0.471111,0.001111,1.0,4.0,0,0,,2026-09-19T02:38:51,
744,run_1789774700_1967,44,985,0.9770713685905961,0.006824256409403955,V4_PRIME_RESIDUAL,V4,2,0,1.0,200,0.829629,0.890945,0.890698,0.602741,0.64043,0.912812,0.999272,0.0,0.031779,0.458889,0.001111,1.0,3.7,0,0,,2026-09-19T02:38:51,
745,run_1789774700_1967,44,986,0.9846757435905961,0.014428631409403954,V4_PRIME_RESIDUAL,V4,2,0,1.0,200,0.830222,0.891564,0.890639,0.602675,0.643537,0.912743,0.999281,0.0,0.033782,0.464444,0.001111,1.0,3.7,0,0,,2026-09-19T02:38:51,
746,run_1789774700_1967,44,987,0.9846757435905961,-0.0007801185905960441,V4_PRIME_RESIDUAL,V4,2,0,1.0,200,0.830371,0.891734,0.89086,0.602671,0.643903,0.912867,0.999281,0.0,0.032885,0.463333,0.001111,1.0,3.7,0,0,,2026-09-19T02:38:51,
747,run_1789774700_1967,44,988,0.9900528487197815,0.012201361538589407,V4_PRIME_RESIDUAL,V4,2,0,1.0,200,0.8293,0.890385,0.889608,0.602648,0.641439,0.911732,0.999264,0.0,0.03468,0.472222,0.001111,1.0,3.7,0,0,,2026-09-19T02:38:51,
748,run_1789774700_1967,44,989,0.9900528487197815,0.0014471512802185036,V4_PRIME_RESIDUAL,V4,2,0,1.0,200,0.829338,0.890481,0.889427,0.602643,0.641702,0.911747,0.999266,0.0,0.03383,0.471111,0.001111,1.0,3.7,0,0,,2026-09-19T02:38:51,
749,run_1789774700_1967,44,990,0.9792986384614106,0.012201361538589407,V4_PRIME_RESIDUAL,V4,2,0,1.0,200,0.830048,0.891417,0.890779,0.602721,0.642321,0.912857,0.99928,0.0,0.032422,0.46,0.001111,1.0,3.7,0,0,,2026-09-19T02:38:51,
750,run_1789774700_1967,44,991,0.9792986384614106,0.0014471512802185036,V4_PRIME_RESIDUAL,V4,2,0,1.0,200,0.829892,0.89123,0.890778,0.602721,0.641551,0.912901,0.999277,0.0,0.03151,0.46,0.001111,1.0,4.0,0,0,,2026-09-19T02:38:51,
751,run_1789774700_1967,44,992,0.9831500731417694,0.01015504087177639,V4_PRIME_RESIDUAL,V4,2,0,1.0,200,0.830375,0.891757,0.890839,0.602686,0.643912,0.912853,0.999284,0.0,0.033354,0.462222,0.001111,1.0,3.7,0,0,,2026-09-19T02:38:51,
752,run_1789774700_1967,45,993,0.9918951043917694,0.01015504087177639,V4_PRIME_RESIDUAL,V4,2,0,1.0,200,0.829135,0.890212,0.889391,0.602637,0.641031,0.911557,0.999264,0.0,0.034909,0.471111,0.001111,1.0,3.9,0,0,,2026-09-19T02:38:51,
753,run_1789774700_1967,45,994,0.9744050418917694,0.01015504087177639,V4_PRIME_RESIDUAL,V4,2,0,1.0,200,0.829428,0.890683,0.890909,0.60276,0.639217,0.912897,0.999261,0.0,0.031598,0.456667,0.001111,1.0,3.6,0,0,,2026-09-19T02:38:51,
754,run_1789774700_1967,45,995,0.9831500731417694,0.018900072121776388,V4_PRIME_RESIDUAL,V4,2,0,1.0,200,0.830144,0.891441,0.89076,0.60269,0.643047,0.912777,0.999284,0.0,0.033788,0.463333,0.001111,1.0,3.9,0,0,,2026-09-19T02:38:51,
755,run_1789774700_1967,45,996,0.9831500731417694,0.001410009621776391,V4_PRIME_RESIDUAL,V4,2,0,1.0,200,0.830373,0.891752,0.890848,0.602683,0.643873,0.912883,0.999282,0.0,0.032574,0.462222,0.001111,1.0,3.8,0,0,,2026-09-19T02:38:51,
756,run_1789774700_1967,45,997,0.9893337440403327,0.01633871177033966,V4_PRIME_RESIDUAL,V4,2,0,1.0,200,0.829251,0.890415,0.889602,0.602652,0.640927,0.911865,0.999266,0.0,0.034675,0.472222,0.001111,1.0,4.2,0,0,,2026-09-19T02:38:51,
757,run_1789774700_1967,45,998,0.9893337440403327,0.003971369973213121,V4_PRIME_RESIDUAL,V4,2,0,1.0,200,0.829375,0.890575,0.889426,0.602647,0.641687,0.911845,0.999269,0.0,0.033733,0.471111,0.001111,1.0,4.0,0,0,,2026-09-19T02:38:51,
758,run_1789774700_1967,45,999,0.9769664022432061,0.01633871177033966,V4_PRIME_RESIDUAL,V4,2,0,1.0,200,0.829813,0.891117,0.890725,0.602739,0.641437,0.912715,0.999274,0.0,0.032357,0.457778,0.001111,1.0,3.7,0,0,,2026-09-19T02:38:51,
759,run_1789774700_1967,45,1000,0.9769664022432061,0.003971369973213121,V4_PRIME_RESIDUAL,V4,2,0,1.0,200,0.829515,0.890822,0.890679,0.60274,0.639899,0.912806,0.999271,0.0,0.031037,0.457778,0.001111,1.0,4.0,0,0,,2026-09-19T02:38:51,
760,run_1789774700_1967,45,1001,0.9756666985131629,0.01234811349439469,V4_PRIME_RESIDUAL,V4,2,0,1.0,200,0.829697,0.891008,0.890978,0.60275,0.640334,0.912972,0.999267,0.0,0.031858,0.457778,0.001111,1.0,3.6,0,0,,2026-09-19T02:38:51,
761,run_1789774700_1967,46,1002,0.9875225887667693,0.01015504087177639,V4_PRIME_RESIDUAL,V4,2,0,1.0,200,0.829511,0.890869,0.889501,0.60266,0.641715,0.912146,0.999274,0.0,0.034252,0.471111,0.001111,1.0,3.9,0,0,,2026-09-19T02:38:51,
762,run_1789774700_1967,46,1003,0.9787775575167694,0.01015504087177639,V4_PRIME_RESIDUAL,V4,2,0,1.0,200,0.829965,0.891341,0.890775,0.602725,0.64189,0.912859,0.999279,0.0,0.032226,0.458889,0.001111,1.0,3.6,0,0,,2026-09-19T02:38:51,
763,run_1789774700_1967,46,1004,0.9831500731417694,0.014527556496776388,V4_PRIME_RESIDUAL,V4,2,0,1.0,200,0.830277,0.891631,0.890707,0.602686,0.643677,0.912778,0.999283,0.0,0.033486,0.462222,0.001111,1.0,3.9,0,0,,2026-09-19T02:38:51,
764,run_1789774700_1967,46,1005,0.9831500731417694,0.00578252524677639,V4_PRIME_RESIDUAL,V4,2,0,1.0,200,0.830428,0.891802,0.890906,0.602685,0.64409,0.912882,0.999284,0.0,0.033294,0.461111,0.001111,1.0,3.6,0,0,,2026-09-19T02:38:51,
765,run_1789774700_1967,46,1006,0.986241908591051,0.013246876321058023,V4_PRIME_RESIDUAL,V4,2,0,1.0,200,0.829712,0.891126,0.889938,0.602665,0.641944,0.912374,0.999279,0.0,0.03405,0.465556,0.001111,1.0,3.6,0,0,,2026-09-19T02:38:51,
766,run_1789774700_1967,46,1007,0.986241908591051,0.007063205422494756,V4_PRIME_RESIDUAL,V4,2,0,1.0,200,0.829786,0.891183,0.889925,0.602665,0.642363,0.91237,0.999279,0.0,0.033929,0.466667,0.001111,1.0,3.6,0,0,,2026-09-19T02:38:51,
767,run_1789774700_1967,46,1008,0.9800582376924878,0.013246876321058023,V4_PRIME_RESIDUAL,V4,2,0,1.0,200,0.830249,0.891629,0.890816,0.602712,0.643291,0.912847,0.999283,0.0,0.032791,0.46,0.001111,1.0,3.7,0,0,,2026-09-19T02:38:51,
768,run_1789774700_1967,46,1009,0.9800582376924878,0.007063205422494756,V4_PRIME_RESIDUAL,V4,2,0,1.0,200,0.830013,0.891398,0.890807,0.602713,0.642095,0.912864,0.99928,0.0,0.03237,0.458889,0.001111,1.0,3.6,0,0,,2026-09-19T02:38:51,
769,run_1789774700_1967,46,1010,0.9870490804955866,0.013594555890547953,V4_PRIME_RESIDUAL,V4,2,0,1.0,200,0.829565,0.890987,0.889739,0.60266,0.641486,0.912293,0.999277,0.0,0.034231,0.467778,0.001111,1.0,3.7,0,0,,2026-09-19T02:38:51,
770,run_1789774700_1967,47,1011,0.9881784661105194,0.00578252524677639,V4_PRIME_RESIDUAL,V4,2,0,1.0,200,0.829537,0.890913,0.889473,0.602654,0.641839,0.912154,0.999274,0.0,0.034288,0.471111,0.001111,1.0,3.8,0,0,,2026-09-19T02:38:51,
771,run_1789774700_1967,47,1012,0.9781216801730194,0.00578252524677639,V4_PRIME_RESIDUAL,V4,2,0,1.0,200,0.829797,0.891167,0.890724,0.602732,0.6411,0.91287,0.999277,0.0,0.031927,0.458889,0.001111,1.0,3.7,0,0,,2026-09-19T02:38:51,
772,run_1789774700_1967,47,1013,0.9831500731417694,0.01081091821552639,V4_PRIME_RESIDUAL,V4,2,0,1.0,200,0.830373,0.891749,0.890865,0.602686,0.643887,0.912853,0.999284,0.0,0.033372,0.462222,0.001111,1.0,4.1,0,0,,2026-09-19T02:38:51,
773,run_1789774700_1967,47,1014,0.9831500731417694,0.0007541322780263912,V4_PRIME_RESIDUAL,V4,2,0,1.0,200,0.830373,0.891753,0.890845,0.602683,0.643875,0.912883,0.999282,0.0,0.032573,0.462222,0.001111,1.0,3.7,0,0,,2026-09-19T02:38:51,
774,run_1789774700_1967,47,1015,0.9867056839084433,0.009338136013450269,V4_PRIME_RESIDUAL,V4,2,0,1.0,200,0.829647,0.891059,0.889749,0.602663,0.641896,0.912295,0.999277,0.0,0.034073,0.467778,0.001111,1.0,3.9,0,0,,2026-09-19T02:38:51,
775,run_1789774700_1967,47,1016,0.9867056839084433,0.002226914480102511,V4_PRIME_RESIDUAL,V4,2,0,1.0,200,0.829513,0.890894,0.889364,0.602663,0.641823,0.91214,0.999275,0.0,0.03326,0.471111,0.001111,1.0,3.7,0,0,,2026-09-19T02:38:51,
776,run_1789774700_1967,47,1017,0.9795944623750955,0.009338136013450269,V4_PRIME_RESIDUAL,V4,2,0,1.0,200,0.830018,0.891393,0.890786,0.602718,0.64215,0.912865,0.999279,0.0,0.032352,0.46,0.001111,1.0,3.8,0,0,,2026-09-19T02:38:51,
777,run_1789774700_1967,47,1018,0.9795944623750955,0.002226914480102511,V4_PRIME_RESIDUAL,V4,2,0,1.0,200,0.829918,0.891264,0.890769,0.602717,0.641704,0.912881,0.999278,0.0,0.031578,0.458889,0.001111,1.0,3.8,0,0,,2026-09-19T02:38:51,
778,run_1789774700_1967,47,1019,0.9870275816380266,0.009128656643294972,V4_PRIME_RESIDUAL,V4,2,0,1.0,200,0.829628,0.891026,0.88971,0.602661,0.641891,0.912271,0.999276,0.0,0.034135,0.468889,0.001111,1.0,3.7,0,0,,2026-09-19T02:38:51,
779,run_1789774700_1967,48,1020,0.9856642696261444,0.00578252524677639,V4_PRIME_RESIDUAL,V4,2,0,1.0,200,0.82992,0.891301,0.8901,0.602669,0.642792,0.912453,0.99928,0.0,0.033782,0.465556,0.001111,1.0,3.8,0,0,,2026-09-19T02:38:51,
780,run_1789774700_1967,48,1021,0.9806358766573944,0.00578252524677639,V4_PRIME_RESIDUAL,V4,2,0,1.0,200,0.830044,0.891434,0.890817,0.602708,0.642229,0.912868,0.99928,0.0,0.03245,0.458889,0.001111,1.0,4.7,0,0,,2026-09-19T02:38:51,
781,run_1789774700_1967,48,1022,0.9831500731417694,0.00829672173115139,V4_PRIME_RESIDUAL,V4,2,0,1.0,200,0.830387,0.891776,0.890827,0.602685,0.64397,0.912855,0.999284,0.0,0.033307,0.462222,0.001111,1.0,3.8,0,0,,2026-09-19T02:38:51,
782,run_1789774700_1967,48,1023,0.9831500731417694,0.0032683287624013907,V4_PRIME_RESIDUAL,V4,2,0,1.0,200,0.830413,0.891795,0.890907,0.602682,0.644002,0.912887,0.999284,0.0,0.03264,0.461111,0.001111,1.0,3.7,0,0,,2026-09-19T02:38:51,
783,run_1789774700_1967,48,1024,0.9849278785251063,0.00756033063011333,V4_PRIME_RESIDUAL,V4,2,0,1.0,200,0.830361,0.891709,0.890811,0.602671,0.643988,0.912809,0.999282,0.0,0.033701,0.463333,0.001111,1.0,3.8,0,0,,2026-09-19T02:38:51,
784,run_1789774700_1967,48,1025,0.9849278785251063,0.0040047198634394505,V4_PRIME_RESIDUAL,V4,2,0,1.0,200,0.8304,0.891765,0.890868,0.602669,0.644034,0.912873,0.999283,0.0,0.033009,0.463333,0.001111,1.0,3.9,0,0,,2026-09-19T02:38:51,
785,run_1789774700_1967,48,1026,0.9813722677584324,0.00756033063011333,V4_PRIME_RESIDUAL,V4,2,0,1.0,200,0.830262,0.89166,0.890816,0.6027,0.643324,0.912857,0.999283,0.0,0.032842,0.46,0.001111,1.0,4.0,0,0,,2026-09-19T02:38:51,
786,run_1789774700_1967,48,1027,0.9813722677584324,0.0040047198634394505,V4_PRIME_RESIDUAL,V4,2,0,1.0,200,0.830251,0.891616,0.890834,0.6027,0.643274,0.912891,0.999282,0.0,0.032153,0.461111,0.001111,1.0,3.7,0,0,,2026-09-19T02:38:51,
787,run_1789774700_1967,48,1028,0.9835141188893863,0.007147428895777079,V4_PRIME_RESIDUAL,V4,2,0,1.0,200,0.830406,0.891767,0.890858,0.602683,0.644084,0.912858,0.999283,0.0,0.033395,0.462222,0.001111,1.0,3.7,0,0,,2026-09-19T02:38:51,
788,run_1789774700_1967,49,1029,0.9844071713839568,0.00578252524677639,V4_PRIME_RESIDUAL,V4,2,0,1.0,200,0.830406,0.891777,0.890887,0.602674,0.644041,0.912859,0.999283,0.0,0.033556,0.462222,0.001111,1.0,3.8,0,0,,2026-09-19T02:38:51,
789,run_1789774700_1967,49,1030,0.9818929748995819,0.00578252524677639,V4_PRIME_RESIDUAL,V4,2,0,1.0,200,0.830406,0.891781,0.890852,0.602696,0.644032,0.912873,0.999283,0.0,0.033045,0.461111,0.001111,1.0,3.7,0,0,,2026-09-19T02:38:51,
790,run_1789774700_1967,49,1031,0.9831500731417694,0.00703962348896389,V4_PRIME_RESIDUAL,V4,2,0,1.0,200,0.830405,0.891764,0.890853,0.602686,0.644081,0.912856,0.999283,0.0,0.033319,0.462222,0.001111,1.0,3.7,0,0,,2026-09-19T02:38:51,
791,run_1789774700_1967,49,1032,0.9831500731417694,0.00452542700458889,V4_PRIME_RESIDUAL,V4,2,0,1.0,200,0.830415,0.891805,0.890872,0.602684,0.644043,0.912877,0.999284,0.0,0.033276,0.461111,0.001111,1.0,3.7,0,0,,2026-09-19T02:38:51,
792,run_1789774700_1967,49,1033,0.9840389758334379,0.00667142793844486,V4_PRIME_RESIDUAL,V4,2,0,1.0,200,0.830401,0.891769,0.890883,0.602678,0.644025,0.912856,0.999283,0.0,0.033499,0.462222,0.001111,1.0,3.6,0,0,,2026-09-19T02:38:51,
793,run_1789774700_1967,49,1034,0.9840389758334379,0.004893622555107921,V4_PRIME_RESIDUAL,V4,2,0,1.0,200,0.830407,0.891781,0.890866,0.602678,0.644064,0.912857,0.999283,0.0,0.033462,0.462222,0.001111,1.0,3.7,0,0,,2026-09-19T02:38:51,
794,run_1789774700_1967,49,1035,0.9822611704501009,0.00667142793844486,V4_PRIME_RESIDUAL,V4,2,0,1.0,200,0.830405,0.891805,0.890883,0.602692,0.643957,0.912875,0.999284,0.0,0.033096,0.461111,0.001111,1.0,3.7,0,0,,2026-09-19T02:38:51,
795,run_1789774700_1967,49,1036,0.9822611704501009,0.004893622555107921,V4_PRIME_RESIDUAL,V4,2,0,1.0,200,0.830413,0.891793,0.890842,0.602693,0.644067,0.912876,0.999284,0.0,0.0331,0.461111,0.001111,1.0,3.7,0,0,,2026-09-19T02:38:51,
796,run_1789774700_1967,49,1037,0.982861131234933,0.006683591475745972,V4_PRIME_RESIDUAL,V4,2,0,1.0,200,0.830421,0.891793,0.890904,0.602687,0.644065,0.91288,0.999284,0.0,0.033255,0.461111,0.001111,1.0,3.8,0,0,,2026-09-19T02:38:51,
797,run_1789774700_1967,50,1038,0.9837786222628632,0.00578252524677639,V4_PRIME_RESIDUAL,V4,2,0,1.0,200,0.830403,0.891774,0.890869,0.60268,0.644046,0.912855,0.999283,0.0,0.033427,0.462222,0.001111,1.0,3.8,0,0,,2026-09-19T02:38:52,
798,run_1789774700_1967,50,1039,0.9825215240206756,0.00578252524677639,V4_PRIME_RESIDUAL,V4,2,0,1.0,200,0.830419,0.891793,0.890887,0.60269,0.644068,0.912878,0.999284,0.0,0.033169,0.461111,0.001111,1.0,3.8,0,0,,2026-09-19T02:38:52,
799,run_1789774700_1967,50,1040,0.9831500731417694,0.00641107436787014,V4_PRIME_RESIDUAL,V4,2,0,1.0,200,0.830407,0.891769,0.890848,0.602686,0.644095,0.912856,0.999283,0.0,0.033306,0.462222,0.001111,1.0,3.9,0,0,,2026-09-19T02:38:52,
800,run_1789774700_1967,50,1041,0.9831500731417694,0.005153976125682641,V4_PRIME_RESIDUAL,V4,2,0,1.0,200,0.830416,0.891802,0.890892,0.602684,0.644032,0.912877,0.999284,0.0,0.033288,0.461111,0.001111,1.0,3.7,0,0,,2026-09-19T02:38:52,
801,run_1789774700_1967,50,1042,0.9835945244876036,0.006226976592610625,V4_PRIME_RESIDUAL,V4,2,0,1.0,200,0.830401,0.891769,0.890874,0.602681,0.644035,0.912853,0.999283,0.0,0.033399,0.462222,0.001111,1.0,3.7,0,0,,2026-09-19T02:38:52,
802,run_1789774700_1967,50,1043,0.9835945244876036,0.0053380739009421556,V4_PRIME_RESIDUAL,V4,2,0,1.0,200,0.830403,0.891775,0.890854,0.602681,0.644054,0.912854,0.999283,0.0,0.033381,0.462222,0.001111,1.0,3.7,0,0,,2026-09-19T02:38:52,
803,run_1789774700_1967,50,1044,0.9827056217959351,0.006226976592610625,V4_PRIME_RESIDUAL,V4,2,0,1.0,200,0.830419,0.891794,0.890886,0.602689,0.644069,0.912879,0.999284,0.0,0.033215,0.461111,0.001111,1.0,3.8,0,0,,2026-09-19T02:38:52,
804,run_1789774700_1967,50,1045,0.9827056217959351,0.0053380739009421556,V4_PRIME_RESIDUAL,V4,2,0,1.0,200,0.83042,0.891799,0.890869,0.602689,0.644083,0.912879,0.999284,0.0,0.033197,0.461111,0.001111,1.0,3.7,0,0,,2026-09-19T02:38:52,
805,run_1789774700_1967,50,1046,0.9837357095244164,0.005379448239135352,V4_PRIME_RESIDUAL,V4,2,0,1.0,200,0.830403,0.891776,0.890856,0.60268,0.644054,0.912855,0.999283,0.0,0.03341,0.462222,0.001111,1.0,3.7,0,0,,2026-09-19T02:38:52,
806,run_1789774700_1967,51,1047,0.9834643477023163,0.00578252524677639,V4_PRIME_RESIDUAL,V4,2,0,1.0,200,0.830402,0.891771,0.890868,0.602683,0.644043,0.912853,0.999283,0.0,0.033363,0.462222,0.001111,1.0,3.8,0,0,,2026-09-19T02:38:52,
807,run_1789774700_1967,51,1048,0.9828357985812225,0.00578252524677639,V4_PRIME_RESIDUAL,V4,2,0,1.0,200,0.830422,0.891798,0.890887,0.602687,0.644081,0.91288,0.999284,0.0,0.033231,0.461111,0.001111,1.0,3.8,0,0,,2026-09-19T02:38:52,
808,run_1789774700_1967,51,1049,0.9831500731417694,0.0060967998073232655,V4_PRIME_RESIDUAL,V4,2,0,1.0,200,0.830427,0.8918,0.890913,0.602685,0.644084,0.912882,0.999284,0.0,0.0333,0.461111,0.001111,1.0,3.8,0,0,,2026-09-19T02:38:52,
809,run_1789774700_1967,51,1050,0.9831500731417694,0.005468250686229515,V4_PRIME_RESIDUAL,V4,2,0,1.0,200,0.830415,0.8918,0.890899,0.602684,0.644027,0.912877,0.999284,0.0,0.033294,0.461111,0.001111,1.0,3.7,0,0,,2026-09-19T02:38:52,
810,run_1789774700_1967,51,1051,0.9833722988146865,0.006004750919693508,V4_PRIME_RESIDUAL,V4,2,0,1.0,200,0.8304,0.891769,0.890861,0.602683,0.644037,0.912852,0.999283,0.0,0.033349,0.462222,0.001111,1.0,3.7,0,0,,2026-09-19T02:38:52,
811,run_1789774700_1967,51,1052,0.9833722988146865,0.005560299573859273,V4_PRIME_RESIDUAL,V4,2,0,1.0,200,0.8304,0.891772,0.890847,0.602683,0.644046,0.912852,0.999283,0.0,0.03334,0.462222,0.001111,1.0,3.7,0,0,,2026-09-19T02:38:52,
812,run_1789774700_1967,51,1053,0.9829278474688523,0.006004750919693508,V4_PRIME_RESIDUAL,V4,2,0,1.0,200,0.830426,0.891798,0.890911,0.602687,0.64408,0.91288,0.999284,0.0,0.033254,0.461111,0.001111,1.0,4.1,0,0,,2026-09-19T02:38:52,
813,run_1789774700_1967,51,1054,0.9829278474688523,0.005560299573859273,V4_PRIME_RESIDUAL,V4,2,0,1.0,200,0.830425,0.891801,0.890893,0.602687,0.644088,0.912881,0.999284,0.0,0.033245,0.461111,0.001111,1.0,3.7,0,0,,2026-09-19T02:38:52,
814,run_1789774700_1967,51,1055,0.9832237672108132,0.00598125832789843,V4_PRIME_RESIDUAL,V4,2,0,1.0,200,0.830411,0.891772,0.890859,0.602685,0.644104,0.912857,0.999283,0.0,0.033312,0.462222,0.001111,1.0,3.9,0,0,,2026-09-19T02:38:52,
815,run_1789774700_1967,52,1056,0.9833072104220428,0.00578252524677639,V4_PRIME_RESIDUAL,V4,2,0,1.0,200,0.830401,0.89177,0.890861,0.602684,0.644041,0.912852,0.999283,0.0,0.033331,0.462222,0.001111,1.0,3.9,0,0,,2026-09-19T02:38:52,
816,run_1789774700_1967,52,1057,0.9829929358614959,0.00578252524677639,V4_PRIME_RESIDUAL,V4,2,0,1.0,200,0.830425,0.8918,0.890898,0.602686,0.644086,0.912881,0.999284,0.0,0.033263,0.461111,0.001111,1.0,4.1,0,0,,2026-09-19T02:38:52,
817,run_1789774700_1967,52,1058,0.9831500731417694,0.0059396625270498275,V4_PRIME_RESIDUAL,V4,2,0,1.0,200,0.830428,0.891801,0.890912,0.602685,0.644087,0.912882,0.999284,0.0,0.033297,0.461111,0.001111,1.0,4.1,0,0,,2026-09-19T02:38:52,
818,run_1789774700_1967,52,1059,0.9831500731417694,0.005625387966502953,V4_PRIME_RESIDUAL,V4,2,0,1.0,200,0.830427,0.891803,0.890896,0.602685,0.644093,0.912882,0.999284,0.0,0.033291,0.461111,0.001111,1.0,3.7,0,0,,2026-09-19T02:38:52,
819,run_1789774700_1967,52,1060,0.983261185978228,0.005893638083234949,V4_PRIME_RESIDUAL,V4,2,0,1.0,200,0.830401,0.891769,0.890868,0.602684,0.644037,0.912851,0.999283,0.0,0.033324,0.462222,0.001111,1.0,3.7,0,0,,2026-09-19T02:38:52,
820,run_1789774700_1967,52,1061,0.983261185978228,0.005671412410317832,V4_PRIME_RESIDUAL,V4,2,0,1.0,200,0.830416,0.8918,0.890901,0.602683,0.644026,0.912877,0.999284,0.0,0.033321,0.461111,0.001111,1.0,3.7,0,0,,2026-09-19T02:38:52,
821,run_1789774700_1967,52,1062,0.9830389603053108,0.005893638083234949,V4_PRIME_RESIDUAL,V4,2,0,1.0,200,0.830427,0.8918,0.890907,0.602686,0.644085,0.912881,0.999284,0.0,0.033274,0.461111,0.001111,1.0,3.8,0,0,,2026-09-19T02:38:52,
822,run_1789774700_1967,52,1063,0.9830389603053108,0.005671412410317832,V4_PRIME_RESIDUAL,V4,2,0,1.0,200,0.830426,0.891802,0.890895,0.602686,0.644089,0.912881,0.999284,0.0,0.03327,0.461111,0.001111,1.0,3.7,0,0,,2026-09-19T02:38:52,
823,run_1789774700_1967,52,1064,0.9831329263179693,0.005714667844669961,V4_PRIME_RESIDUAL,V4,2,0,1.0,200,0.830426,0.891803,0.890897,0.602685,0.644091,0.912882,0.999284,0.0,0.033289,0.461111,0.001111,1.0,4.6,0,0,,2026-09-19T02:38:52,
824,run_1789774700_1967,53,1065,0.983228641781906,0.00578252524677639,V4_PRIME_RESIDUAL,V4,2,0,1.0,200,0.830417,0.891799,0.890916,0.602684,0.644023,0.912877,0.999284,0.0,0.033317,0.461111,0.001111,1.0,3.8,0,0,,2026-09-19T02:38:52,
825,run_1789774700_1967,53,1066,0.9830715045016327,0.00578252524677639,V4_PRIME_RESIDUAL,V4,2,0,1.0,200,0.830427,0.891801,0.890904,0.602685,0.644088,0.912881,0.999284,0.0,0.033278,0.461111,0.001111,1.0,3.7,0,0,,2026-09-19T02:38:52,
826,run_1789774700_1967,53,1067,0.9831500731417694,0.005861093886913109,V4_PRIME_RESIDUAL,V4,2,0,1.0,200,0.830429,0.891802,0.890916,0.602685,0.644089,0.912882,0.999284,0.0,0.033296,0.461111,0.001111,1.0,3.7,0,0,,2026-09-19T02:38:52,
827,run_1789774700_1967,53,1068,0.9831500731417694,0.005703956606639671,V4_PRIME_RESIDUAL,V4,2,0,1.0,200,0.830427,0.891803,0.890897,0.602685,0.644092,0.912882,0.999284,0.0,0.033292,0.461111,0.001111,1.0,3.7,0,0,,2026-09-19T02:38:52,
828,run_1789774700_1967,53,1069,0.9832056295599987,0.00583808166500567,V4_PRIME_RESIDUAL,V4,2,0,1.0,200,0.830429,0.891803,0.890916,0.602684,0.64409,0.912882,0.999284,0.0,0.033306,0.461111,0.001111,1.0,3.7,0,0,,2026-09-19T02:38:52,
829,run_1789774700_1967,53,1070,0.9832056295599987,0.005726968828547111,V4_PRIME_RESIDUAL,V4,2,0,1.0,200,0.830416,0.891799,0.890907,0.602684,0.644023,0.912877,0.999284,0.0,0.033311,0.461111,0.001111,1.0,3.8,0,0,,2026-09-19T02:38:52,
830,run_1789774700_1967,53,1071,0.9830945167235401,0.00583808166500567,V4_PRIME_RESIDUAL,V4,2,0,1.0,200,0.830428,0.891801,0.890912,0.602685,0.644088,0.912882,0.999284,0.0,0.033284,0.461111,0.001111,1.0,3.8,0,0,,2026-09-19T02:38:52,
831,run_1789774700_1967,53,1072,0.9830945167235401,0.005726968828547111,V4_PRIME_RESIDUAL,V4,2,0,1.0,200,0.830426,0.891802,0.890897,0.602685,0.64409,0.912882,0.999284,0.0,0.033282,0.461111,0.001111,1.0,3.7,0,0,,2026-09-19T02:38:52,
832,run_1789774700_1967,53,1073,0.9831426434252203,0.005726158530569273,V4_PRIME_RESIDUAL,V4,2,0,1.0,200,0.830427,0.891803,0.890898,0.602685,0.644091,0.912882,0.999284,0.0,0.033291,0.461111,0.001111,1.0,3.7,0,0,,2026-09-19T02:38:52,
833,run_1789774700_1967,54,1074,0.9832404270779266,0.005861093886913109,V4_PRIME_RESIDUAL,V4,2,0,1.0,200,0.830412,0.891773,0.890862,0.602685,0.644107,0.912857,0.999283,0.0,0.033312,0.462222,0.001111,1.0,3.9,0,0,,2026-09-19T02:38:52,
834,run_1789774700_1967,54,1075,0.9830597192056122,0.005861093886913109,V4_PRIME_RESIDUAL,V4,2,0,1.0,200,0.830428,0.891801,0.890912,0.602686,0.644087,0.912881,0.999284,0.0,0.033278,0.461111,0.001111,1.0,3.7,0,0,,2026-09-19T02:38:52,
835,run_1789774700_1967,54,1076,0.9831500731417694,0.005951447823070336,V4_PRIME_RESIDUAL,V4,2,0,1.0,200,0.830428,0.891801,0.890912,0.602685,0.644087,0.912882,0.999284,0.0,0.033297,0.461111,0.001111,1.0,3.9,0,0,,2026-09-19T02:38:52,
836,run_1789774700_1967,54,1077,0.9831500731417694,0.005770739950755882,V4_PRIME_RESIDUAL,V4,2,0,1.0,200,0.830427,0.891803,0.890904,0.602685,0.64409,0.912882,0.999284,0.0,0.033294,0.461111,0.001111,1.0,3.7,0,0,,2026-09-19T02:38:52,
837,run_1789774700_1967,54,1078,0.983213963022733,0.00592498376787678,V4_PRIME_RESIDUAL,V4,2,0,1.0,200,0.830411,0.891773,0.890857,0.602685,0.644105,0.912857,0.999283,0.0,0.033308,0.462222,0.001111,1.0,3.7,0,0,,2026-09-19T02:38:52,
838,run_1789774700_1967,54,1079,0.983213963022733,0.005797204005949438,V4_PRIME_RESIDUAL,V4,2,0,1.0,200,0.830429,0.891803,0.890911,0.602684,0.644091,0.912882,0.999284,0.0,0.033307,0.461111,0.001111,1.0,3.7,0,0,,2026-09-19T02:38:52,
839,run_1789774700_1967,54,1080,0.9830861832608058,0.00592498376787678,V4_PRIME_RESIDUAL,V4,2,0,1.0,200,0.830428,0.891801,0.890912,0.602685,0.644086,0.912882,0.999284,0.0,0.033284,0.461111,0.001111,1.0,3.8,0,0,,2026-09-19T02:38:52,
840,run_1789774700_1967,54,1081,0.9830861832608058,0.005797204005949438,V4_PRIME_RESIDUAL,V4,2,0,1.0,200,0.830427,0.891802,0.890904,0.602685,0.644088,0.912882,0.999284,0.0,0.033281,0.461111,0.001111,1.0,3.7,0,0,,2026-09-19T02:38:52,
841,run_1789774700_1967,54,1082,0.9832259531336917,0.00582344861450068,V4_PRIME_RESIDUAL,V4,2,0,1.0,200,0.830429,0.891803,0.890912,0.602684,0.644091,0.912883,0.999284,0.0,0.03331,0.461111,0.001111,1.0,3.8,0,0,,2026-09-19T02:38:52,
842,run_1789774700_1967,55,1083,0.983195250109848,0.005861093886913109,V4_PRIME_RESIDUAL,V4,2,0,1.0,200,0.830429,0.891802,0.890916,0.602684,0.64409,0.912882,0.999284,0.0,0.033305,0.461111,0.001111,1.0,3.9,0,0,,2026-09-19T02:38:52,
843,run_1789774700_1967,55,1084,0.9831048961736908,0.005861093886913109,V4_PRIME_RESIDUAL,V4,2,0,1.0,200,0.830428,0.891801,0.890912,0.602685,0.644088,0.912882,0.999284,0.0,0.033287,0.461111,0.001111,1.0,3.7,0,0,,2026-09-19T02:38:52,
844,run_1789774700_1967,55,1085,0.9831500731417694,0.005906270854991722,V4_PRIME_RESIDUAL,V4,2,0,1.0,200,0.830428,0.891802,0.890913,0.602685,0.644088,0.912882,0.999284,0.0,0.033296,0.461111,0.001111,1.0,3.7,0,0,,2026-09-19T02:38:52,
845,run_1789774700_1967,55,1086,0.9831500731417694,0.005815916918834496,V4_PRIME_RESIDUAL,V4,2,0,1.0,200,0.830428,0.891802,0.890912,0.602685,0.64409,0.912882,0.999284,0.0,0.033295,0.461111,0.001111,1.0,3.7,0,0,,2026-09-19T02:38:52,
846,run_1789774700_1967,55,1087,0.9831820180822513,0.005893038827394945,V4_PRIME_RESIDUAL,V4,2,0,1.0,200,0.830429,0.891802,0.890916,0.602684,0.644089,0.912882,0.999284,0.0,0.033303,0.461111,0.001111,1.0,3.7,0,0,,2026-09-19T02:38:52,
847,run_1789774700_1967,55,1088,0.9831820180822513,0.005829148946431274,V4_PRIME_RESIDUAL,V4,2,0,1.0,200,0.830429,0.891803,0.890912,0.602684,0.64409,0.912882,0.999284,0.0,0.033301,0.461111,0.001111,1.0,3.7,0,0,,2026-09-19T02:38:52,
848,run_1789774700_1967,55,1089,0.9831181282012875,0.005893038827394945,V4_PRIME_RESIDUAL,V4,2,0,1.0,200,0.830428,0.891801,0.890911,0.602685,0.644087,0.912882,0.999284,0.0,0.03329,0.461111,0.001111,1.0,3.7,0,0,,2026-09-19T02:38:52,
849,run_1789774700_1967,55,1090,0.9831181282012875,0.005829148946431274,V4_PRIME_RESIDUAL,V4,2,0,1.0,200,0.830428,0.891802,0.890912,0.602685,0.644089,0.912882,0.999284,0.0,0.033289,0.461111,0.001111,1.0,3.7,0,0,,2026-09-19T02:38:52,
850,run_1789774700_1967,55,1091,0.9831888242513578,0.0058588007938529295,V4_PRIME_RESIDUAL,V4,2,0,1.0,200,0.830429,0.891802,0.890916,0.602684,0.64409,0.912882,0.999284,0.0,0.033303,0.461111,0.001111,1.0,3.7,0,0,,2026-09-19T02:38:52,
851,run_1789774700_1967,56,1092,0.9831726616258087,0.005861093886913109,V4_PRIME_RESIDUAL,V4,2,0,1.0,200,0.830429,0.891802,0.890916,0.602685,0.644089,0.912882,0.999284,0.0,0.0333,0.461111,0.001111,1.0,3.8,0,0,,2026-09-19T02:38:52,
852,run_1789774700_1967,56,1093,0.98312748465773,0.005861093886913109,V4_PRIME_RESIDUAL,V4,2,0,1.0,200,0.830428,0.891802,0.890912,0.602685,0.644088,0.912882,0.999284,0.0,0.033291,0.461111,0.001111,1.0,4.2,0,0,,2026-09-19T02:38:52,
853,run_1789774700_1967,56,1094,0.9831500731417694,0.005883682370952416,V4_PRIME_RESIDUAL,V4,2,0,1.0,200,0.830429,0.891802,0.890916,0.602685,0.644088,0.912882,0.999284,0.0,0.033296,0.461111,0.001111,1.0,3.9,0,0,,2026-09-19T02:38:52,
854,run_1789774700_1967,56,1095,0.9831500731417694,0.005838505402873803,V4_PRIME_RESIDUAL,V4,2,0,1.0,200,0.830428,0.891802,0.890912,0.602685,0.644089,0.912882,0.999284,0.0,0.033295,0.461111,0.001111,1.0,3.8,0,0,,2026-09-19T02:38:52,
855,run_1789774700_1967,56,1096,0.9831660456120103,0.005877066357154027,V4_PRIME_RESIDUAL,V4,2,0,1.0,200,0.830429,0.891802,0.890916,0.602685,0.644089,0.912882,0.999284,0.0,0.033299,0.461111,0.001111,1.0,4.0,0,0,,2026-09-19T02:38:52,
856,run_1789774700_1967,56,1097,0.9831660456120103,0.0058451214166721915,V4_PRIME_RESIDUAL,V4,2,0,1.0,200,0.830428,0.891802,0.890912,0.602685,0.644089,0.912882,0.999284,0.0,0.033298,0.461111,0.001111,1.0,3.7,0,0,,2026-09-19T02:38:52,
857,run_1789774700_1967,56,1098,0.9831341006715285,0.005877066357154027,V4_PRIME_RESIDUAL,V4,2,0,1.0,200,0.830429,0.891802,0.890916,0.602685,0.644088,0.912882,0.999284,0.0,0.033293,0.461111,0.001111,1.0,3.7,0,0,,2026-09-19T02:38:52,
858,run_1789774700_1967,56,1099,0.9831341006715285,0.0058451214166721915,V4_PRIME_RESIDUAL,V4,2,0,1.0,200,0.830428,0.891802,0.890912,0.602685,0.644089,0.912882,0.999284,0.0,0.033292,0.461111,0.001111,1.0,3.7,0,0,,2026-09-19T02:38:52,
859,run_1789774700_1967,56,1100,0.9831620678619809,0.005861624822650172,V4_PRIME_RESIDUAL,V4,2,0,1.0,200,0.830429,0.891802,0.890916,0.602685,0.644089,0.912882,0.999284,0.0,0.033298,0.461111,0.001111,1.0,4.3,0,0,,2026-09-19T02:38:52,
860,run_1789774700_1967,57,1101,0.983161367383789,0.005861093886913109,V4_PRIME_RESIDUAL,V4,2,0,1.0,200,0.830429,0.891802,0.890916,0.602685,0.644089,0.912882,0.999284,0.0,0.033298,0.461111,0.001111,1.0,3.8,0,0,,2026-09-19T02:38:52,
861,run_1789774700_1967,57,1102,0.9831387788997498,0.005861093886913109,V4_PRIME_RESIDUAL,V4,2,0,1.0,200,0.830429,0.891802,0.890916,0.602685,0.644089,0.912882,0.999284,0.0,0.033293,0.461111,0.001111,1.0,3.7,0,0,,2026-09-19T02:38:52,
862,run_1789774700_1967,57,1103,0.9831500731417694,0.005872388128932763,V4_PRIME_RESIDUAL,V4,2,0,1.0,200,0.830429,0.891802,0.890916,0.602685,0.644089,0.912882,0.999284,0.0,0.033296,0.461111,0.001111,1.0,3.7,0,0,,2026-09-19T02:38:52,
863,run_1789774700_1967,57,1104,0.9831500731417694,0.005849799644893456,V4_PRIME_RESIDUAL,V4,2,0,1.0,200,0.830428,0.891802,0.890912,0.602685,0.644089,0.912882,0.999284,0.0,0.033295,0.461111,0.001111,1.0,3.7,0,0,,2026-09-19T02:38:52,
864,run_1789774700_1967,57,1105,0.9831580593768898,0.005869080122033569,V4_PRIME_RESIDUAL,V4,2,0,1.0,200,0.830429,0.891802,0.890916,0.602685,0.644089,0.912882,0.999284,0.0,0.033297,0.461111,0.001111,1.0,3.8,0,0,,2026-09-19T02:38:52,
865,run_1789774700_1967,57,1106,0.9831580593768898,0.00585310765179265,V4_PRIME_RESIDUAL,V4,2,0,1.0,200,0.830429,0.891802,0.890916,0.602685,0.644089,0.912882,0.999284,0.0,0.033297,0.461111,0.001111,1.0,3.7,0,0,,2026-09-19T02:38:52,
866,run_1789774700_1967,57,1107,0.983142086906649,0.005869080122033569,V4_PRIME_RESIDUAL,V4,2,0,1.0,200,0.830429,0.891802,0.890916,0.602685,0.644088,0.912882,0.999284,0.0,0.033294,0.461111,0.001111,1.0,3.7,0,0,,2026-09-19T02:38:52,
867,run_1789774700_1967,57,1108,0.983142086906649,0.00585310765179265,V4_PRIME_RESIDUAL,V4,2,0,1.0,200,0.830428,0.891802,0.890912,0.602685,0.644089,0.912882,0.999284,0.0,0.033294,0.461111,0.001111,1.0,3.7,0,0,,2026-09-19T02:38:52,
868,run_1789774700_1967,57,1109,0.9831543902811638,0.005870770657178938,V4_PRIME_RESIDUAL,V4,2,0,1.0,200,0.830429,0.891802,0.890916,0.602685,0.644089,0.912882,0.999284,0.0,0.033297,0.461111,0.001111,1.0,3.7,0,0,,2026-09-19T02:38:52,
869,run_1789774700_1967,58,1110,0.9831600731417693,0.005861093886913109,V4_PRIME_RESIDUAL,V4,2,0,1.0,200,0.830429,0.891802,0.890916,0.602685,0.644089,0.912882,0.999284,0.0,0.033298,0.461111,0.001111,1.0,3.8,0,0,,2026-09-19T02:38:52,
870,run_1789774700_1967,58,1111,0.9831400731417694,0.005861093886913109,V4_PRIME_RESIDUAL,V4,2,0,1.0,200,0.830429,0.891802,0.890916,0.602685,0.644089,0.912882,0.999284,0.0,0.033294,0.461111,0.001111,1.0,3.7,0,0,,2026-09-19T02:38:52,
871,run_1789774700_1967,58,1112,0.9831500731417694,0.005871093886913109,V4_PRIME_RESIDUAL,V4,2,0,1.0,200,0.830429,0.891802,0.890916,0.602685,0.644089,0.912882,0.999284,0.0,0.033296,0.461111,0.001111,1.0,3.7,0,0,,2026-09-19T02:38:52,
872,run_1789774700_1967,58,1113,0.9831500731417694,0.00585109388691311,V4_PRIME_RESIDUAL,V4,2,0,1.0,200,0.830428,0.891802,0.890912,0.602685,0.644089,0.912882,0.999284,0.0,0.033295,0.461111,0.001111,1.0,4.7,0,0,,2026-09-19T02:38:52,
873,run_1789774700_1967,58,1114,0.9831571442095812,0.005868164954724975,V4_PRIME_RESIDUAL,V4,2,0,1.0,200,0.830429,0.891802,0.890916,0.602685,0.644089,0.912882,0.999284,0.0,0.033297,0.461111,0.001111,1.0,3.7,0,0,,2026-09-19T02:38:52,
874,run_1789774700_1967,58,1115,0.9831571442095812,0.005854022819101244,V4_PRIME_RESIDUAL,V4,2,0,1.0,200,0.830429,0.891802,0.890916,0.602685,0.644089,0.912882,0.999284,0.0,0.033297,0.461111,0.001111,1.0,3.8,0,0,,2026-09-19T02:38:52,
875,run_1789774700_1967,58,1116,0.9831430020739576,0.005868164954724975,V4_PRIME_RESIDUAL,V4,2,0,1.0,200,0.830429,0.891802,0.890916,0.602685,0.644089,0.912882,0.999284,0.0,0.033294,0.461111,0.001111,1.0,3.7,0,0,,2026-09-19T02:38:52,
876,run_1789774700_1967,58,1117,0.9831430020739576,0.005854022819101244,V4_PRIME_RESIDUAL,V4,2,0,1.0,200,0.830428,0.891802,0.890912,0.602685,0.644089,0.912882,0.999284,0.0,0.033294,0.461111,0.001111,1.0,3.7,0,0,,2026-09-19T02:38:52,
877,run_1789774700_1967,58,1118,0.9831420803980039,0.005866623999370592,V4_PRIME_RESIDUAL,V4,2,0,1.0,200,0.830429,0.891802,0.890916,0.602685,0.644089,0.912882,0.999284,0.0,0.033294,0.461111,0.001111,1.0,3.7,0,0,,2026-09-19T02:38:52,
878,run_1789774700_1967,59,1119,0.9831523735575776,0.005869303178622599,V4_PRIME_RESIDUAL,V4,2,0,1.0,200,0.830429,0.891802,0.890916,0.602685,0.644089,0.912882,0.999284,0.0,0.033296,0.461111,0.001111,1.0,3.9,0,0,,2026-09-19T02:38:52,
879,run_1789774700_1967,60,1120,0.9831528116790926,0.00586672216780889,V4_PRIME_RESIDUAL,V4,2,0,1.0,200,0.830429,0.891802,0.890916,0.602685,0.644089,0.912882,0.999284,0.0,0.033296,0.461111,0.001111,1.0,3.9,0,0,,2026-09-19T02:38:52,
880,run_1789774700_1967,61,1121,0.9831495681418341,0.005861105344731041,V4_PRIME_RESIDUAL,V4,2,0,1.0,200,0.830429,0.891802,0.890916,0.602685,0.644089,0.912882,0.999284,0.0,0.033296,0.461111,0.001111,1.0,3.9,0,0,,2026-09-19T02:38:52,
881,run_1789774700_1967,62,1122,0.9831516603832166,0.00586562954822906,V4_PRIME_RESIDUAL,V4,2,0,1.0,200,0.830429,0.891802,0.890916,0.602685,0.644089,0.912882,0.999284,0.0,0.033296,0.461111,0.001111,1.0,3.9,0,0,,2026-09-19T02:38:52,
882,run_1789774700_1967,63,1123,0.9831540202020942,0.005867985677797961,V4_PRIME_RESIDUAL,V4,2,0,1.0,200,0.830429,0.891802,0.890916,0.602685,0.644089,0.912882,0.999284,0.0,0.033297,0.461111,0.001111,1.0,3.8,0,0,,2026-09-19T02:38:52,
883,run_1789774700_1967,64,1124,0.9831536870024852,0.005864084091516055,V4_PRIME_RESIDUAL,V4,2,0,1.0,200,0.830429,0.891802,0.890916,0.602685,0.644089,0.912882,0.999284,0.0,0.033296,0.461111,0.001111,1.0,4.2,0,0,,2026-09-19T02:38:52,
884,run_1789774700_1967,65,1125,0.9831585453947279,0.005858980245567918,V4_PRIME_RESIDUAL,V4,2,0,1.0,200,0.830429,0.891802,0.890916,0.602685,0.644089,0.912882,0.999284,0.0,0.033297,0.461111,0.001111,1.0,3.8,0,0,,2026-09-19T02:38:52,
885,run_1789774700_1967,66,1126,0.9831486663151516,0.0058631944346490454,V4_PRIME_RESIDUAL,V4,2,0,1.0,200,0.830429,0.891802,0.890916,0.602685,0.644089,0.912882,0.999284,0.0,0.033295,0.461111,0.001111,1.0,3.8,0,0,,2026-09-19T02:38:52,
886,run_1789774700_1967,67,1127,0.9831579060379176,0.005856627876977516,V4_PRIME_RESIDUAL,V4,2,0,1.0,200,0.830429,0.891802,0.890916,0.602685,0.644089,0.912882,0.999284,0.0,0.033297,0.461111,0.001111,1.0,3.8,0,0,,2026-09-19T02:38:52,
887,run_1789774700_1967,68,1128,0.9831552252203603,0.005852628990408793,V4_PRIME_RESIDUAL,V4,2,0,1.0,200,0.830429,0.891802,0.890916,0.602685,0.644089,0.912882,0.999284,0.0,0.033296,0.461111,0.001111,1.0,3.8,0,0,,2026-09-19T02:38:52,
888,run_1789774700_1967,69,1129,0.9831520780609228,0.005856197735192867,V4_PRIME_RESIDUAL,V4,2,0,1.0,200,0.830429,0.891802,0.890916,0.602685,0.644089,0.912882,0.999284,0.0,0.033296,0.461111,0.001111,1.0,3.8,0,0,,2026-09-19T02:38:52,
889,run_1789774700_1967,70,1130,0.9831523415590546,0.005855496992500468,V4_PRIME_RESIDUAL,V4,2,0,1.0,200,0.830429,0.891802,0.890916,0.602685,0.644089,0.912882,0.999284,0.0,0.033296,0.461111,0.001111,1.0,4.0,0,0,,2026-09-19T02:38:52,
890,run_1789774700_1967,71,1131,0.9831410988476073,0.005860974050797482,V4_PRIME_RESIDUAL,V4,2,0,1.0,200,0.830429,0.891802,0.890916,0.602685,0.644089,0.912882,0.999284,0.0,0.033294,0.461111,0.001111,1.0,4.6,0,0,,2026-09-19T02:38:52,
891,run_1789774700_1967,72,1132,0.9831453487807494,0.005852091133797511,V4_PRIME_RESIDUAL,V4,2,0,1.0,200,0.830428,0.891802,0.890912,0.602685,0.644089,0.912882,0.999284,0.0,0.033294,0.461111,0.001111,1.0,4.0,0,0,,2026-09-19T02:38:52,
892,run_1789774700_1967,73,1133,0.9831478206892146,0.005855275077360586,V4_PRIME_RESIDUAL,V4,2,0,1.0,200,0.830428,0.891802,0.890912,0.602685,0.644089,0.912882,0.999284,0.0,0.033295,0.461111,0.001111,1.0,3.9,0,0,,2026-09-19T02:38:52,
893,run_1789774700_1967,74,1134,-0.6799999999999999,0.47015,V4_PRIME_RESIDUAL,V4,2,0,1.0,200,0.592673,0.474452,0.595315,0.623003,0.456899,0.487536,0.997643,0.22219,0.021182,0.247778,0.207778,1.0,4.0,0,0,,2026-09-19T02:38:52,
894,run_1789774700_1967,74,1135,-0.72,0.47015,V4_PRIME_RESIDUAL,V4,2,0,1.0,200,0.593245,0.481574,0.587187,0.618145,0.453658,0.495049,0.998302,0.136867,0.019907,0.246667,0.094444,1.0,4.1,0,0,,2026-09-19T02:38:52,
895,run_1789774700_1967,74,1136,-0.7,0.49015000000000003,V4_PRIME_RESIDUAL,V4,2,0,1.0,200,0.598366,0.487847,0.593901,0.618727,0.460572,0.503731,0.999098,0.147387,0.042435,0.25,0.116667,1.0,4.5,0,0,,2026-09-19T02:38:52,
896,run_1789774700_1967,74,1137,-0.7,0.45015,V4_PRIME_RESIDUAL,V4,2,0,1.0,200,0.594134,0.480389,0.589227,0.621981,0.455758,0.494966,0.998313,0.199562,0.019729,0.242222,0.185556,1.0,3.8,0,0,,2026-09-19T02:38:52,
897,run_1789774700_1967,74,1138,-0.685857864376269,0.48429213562373097,V4_PRIME_RESIDUAL,V4,2,0,1.0,200,0.595423,0.480548,0.595976,0.620867,0.459988,0.493755,0.997984,0.171682,0.025195,0.247778,0.141111,1.0,4.4,0,0,,2026-09-19T02:38:52,
898,run_1789774700_1967,74,1139,-0.685857864376269,0.45600786437626906,V4_PRIME_RESIDUAL,V4,2,0,1.0,200,0.590517,0.470733,0.592868,0.623781,0.454665,0.482662,0.998251,0.239565,0.033416,0.246667,0.234444,1.0,3.8,0,0,,2026-09-19T02:38:52,
899,run_1789774700_1967,74,1140,-0.7141421356237309,0.48429213562373097,V4_PRIME_RESIDUAL,V4,2,0,1.0,200,0.592069,0.477952,0.58953,0.617966,0.454134,0.490401,0.998509,0.130757,0.0152,0.248889,0.094444,1.0,3.7,0,0,,2026-09-19T02:38:52,
900,run_1789774700_1967,74,1141,-0.7141421356237309,0.45600786437626906,V4_PRIME_RESIDUAL,V4,2,0,1.0,200,0.59449,0.483525,0.587992,0.619596,0.450789,0.50028,0.998736,0.158827,0.019967,0.244444,0.123333,1.0,3.7,0,0,,2026-09-19T02:38:52,
901,run_1789774700_1967,74,1142,-0.6975322338393051,0.4874292679289764,V4_PRIME_RESIDUAL,V4,2,0,1.0,200,0.596656,0.485608,0.594032,0.618744,0.454404,0.502074,0.999106,0.143568,0.030094,0.248889,0.112222,1.0,3.7,0,0,,2026-09-19T02:38:52,
902,run_1789774700_1967,75,1143,-0.69,0.47015,V4_PRIME_RESIDUAL,V4,2,0,1.0,200,0.588638,0.468312,0.592605,0.622077,0.451067,0.479274,0.998711,0.209109,0.030019,0.247778,0.19,1.0,3.9,0,0,,2026-09-19T02:38:52,
903,run_1789774700_1967,75,1144,-0.71,0.47015,V4_PRIME_RESIDUAL,V4,2,0,1.0,200,0.594301,0.48222,0.589239,0.619575,0.454274,0.497259,0.997959,0.165326,0.032252,0.246667,0.136667,1.0,3.7,0,0,,2026-09-19T02:38:52,
904,run_1789774700_1967,75,1145,-0.7,0.48015,V4_PRIME_RESIDUAL,V4,2,0,1.0,200,0.594877,0.480872,0.592063,0.619662,0.460099,0.493996,0.998572,0.163472,0.034283,0.248889,0.107778,1.0,3.7,0,0,,2026-09-19T02:38:52,
905,run_1789774700_1967,75,1146,-0.7,0.46015,V4_PRIME_RESIDUAL,V4,2,0,1.0,200,0.589506,0.47284,0.590087,0.620782,0.446356,0.486235,0.998514,0.190326,0.019678,0.244444,0.181111,1.0,3.7,0,0,,2026-09-19T02:38:52,
906,run_1789774700_1967,75,1147,-0.6929289321881344,0.47722106781186546,V4_PRIME_RESIDUAL,V4,2,0,1.0,200,0.593326,0.477538,0.592886,0.620805,0.456355,0.49093,0.998635,0.17989,0.041296,0.247778,0.114444,1.0,3.7,0,0,,2026-09-19T02:38:52,
907,run_1789774700_1967,75,1148,-0.6929289321881344,0.46307893218813456,V4_PRIME_RESIDUAL,V4,2,0,1.0,200,0.59207,0.475011,0.592089,0.622183,0.452711,0.489933,0.998531,0.207812,0.047926,0.247778,0.192222,1.0,4.2,0,0,,2026-09-19T02:38:52,
908,run_1789774700_1967,75,1149,-0.7070710678118655,0.47722106781186546,V4_PRIME_RESIDUAL,V4,2,0,1.0,200,0.591691,0.476695,0.590228,0.619032,0.452091,0.490035,0.998729,0.163746,0.022438,0.247778,0.114444,1.0,3.7,0,0,,2026-09-19T02:38:52,
909,run_1789774700_1967,75,1150,-0.7070710678118655,0.46307893218813456,V4_PRIME_RESIDUAL,V4,2,0,1.0,200,0.588395,0.471903,0.588196,0.619838,0.444729,0.484791,0.998576,0.179425,0.02969,0.244444,0.163333,1.0,3.7,0,0,,2026-09-19T02:38:52,
910,run_1789774700_1967,75,1151,-0.6994660046257372,0.4656646939950097,V4_PRIME_RESIDUAL,V4,2,0,1.0,200,0.589494,0.473308,0.590681,0.620712,0.443093,0.487972,0.998654,0.186363,0.029326,0.246667,0.174444,1.0,3.7,0,0,,2026-09-19T02:38:52,
911,run_1789774700_1967,76,1152,-0.695,0.47015,V4_PRIME_RESIDUAL,V4,2,0,1.0,200,0.590421,0.473188,0.591782,0.620935,0.449295,0.487302,0.998178,0.191905,0.050611,0.247778,0.158889,1.0,4.0,0,0,,2026-09-19T02:38:52,
912,run_1789774700_1967,76,1153,-0.705,0.47015,V4_PRIME_RESIDUAL,V4,2,0,1.0,200,0.588003,0.46999,0.589452,0.619355,0.448303,0.481045,0.998548,0.172431,0.030004,0.246667,0.161111,1.0,4.0,0,0,,2026-09-19T02:38:52,
913,run_1789774700_1967,76,1154,-0.7,0.47515,V4_PRIME_RESIDUAL,V4,2,0,1.0,200,0.593044,0.478976,0.591648,0.620137,0.451934,0.493783,0.997827,0.178892,0.040854,0.247778,0.143333,1.0,3.8,0,0,,2026-09-19T02:38:52,
914,run_1789774700_1967,76,1155,-0.7,0.46515,V4_PRIME_RESIDUAL,V4,2,0,1.0,200,0.59006,0.473963,0.590385,0.620744,0.446707,0.487886,0.998076,0.186018,0.028875,0.246667,0.181111,1.0,3.7,0,0,,2026-09-19T02:38:52,
915,run_1789774700_1967,76,1156,-0.6964644660940672,0.47368553390593277,V4_PRIME_RESIDUAL,V4,2,0,1.0,200,0.596643,0.484792,0.592745,0.620867,0.456123,0.501373,0.998522,0.178055,0.063258,0.247778,0.147778,1.0,3.7,0,0,,2026-09-19T02:38:52,
916,run_1789774700_1967,76,1157,-0.6964644660940672,0.46661446609406726,V4_PRIME_RESIDUAL,V4,2,0,1.0,200,0.59453,0.480303,0.59173,0.621714,0.455635,0.495386,0.998566,0.192331,0.048443,0.247778,0.174444,1.0,3.8,0,0,,2026-09-19T02:38:52,
917,run_1789774700_1967,76,1158,-0.7035355339059327,0.47368553390593277,V4_PRIME_RESIDUAL,V4,2,0,1.0,200,0.594395,0.480988,0.590723,0.619733,0.460748,0.492602,0.997184,0.171859,0.045566,0.246667,0.123333,1.0,3.7,0,0,,2026-09-19T02:38:52,
918,run_1789774700_1967,76,1159,-0.7035355339059327,0.46661446609406726,V4_PRIME_RESIDUAL,V4,2,0,1.0,200,0.589632,0.474279,0.589646,0.620028,0.442536,0.489701,0.998504,0.18117,0.033619,0.246667,0.181111,1.0,3.7,0,0,,2026-09-19T02:38:52,
919,run_1789774700_1967,76,1160,-0.6961475682228445,0.4673652211821321,V4_PRIME_RESIDUAL,V4,2,0,1.0,200,0.590739,0.474994,0.591668,0.621071,0.444599,0.491032,0.998232,0.193998,0.045103,0.247778,0.174444,1.0,3.7,0,0,,2026-09-19T02:38:52,
920,run_1789774700_1967,77,1161,-0.6975,0.47015,V4_PRIME_RESIDUAL,V4,2,0,1.0,200,0.591021,0.475392,0.591711,0.620782,0.445908,0.49175,0.997672,0.192962,0.035179,0.247778,0.156667,1.0,4.0,0,0,,2026-09-19T02:38:52,
921,run_1789774700_1967,77,1162,-0.7024999999999999,0.47015,V4_PRIME_RESIDUAL,V4,2,0,1.0,200,0.592956,0.47842,0.590552,0.620186,0.455543,0.492076,0.997313,0.187474,0.039222,0.246667,0.167778,1.0,4.0,0,0,,2026-09-19T02:38:52,
922,run_1789774700_1967,77,1163,-0.7,0.47265,V4_PRIME_RESIDUAL,V4,2,0,1.0,200,0.591839,0.475979,0.591107,0.620241,0.454787,0.488302,0.997856,0.186311,0.03389,0.247778,0.154444,1.0,3.7,0,0,,2026-09-19T02:38:52,
923,run_1789774700_1967,77,1164,-0.7,0.46765,V4_PRIME_RESIDUAL,V4,2,0,1.0,200,0.591661,0.476933,0.591041,0.620725,0.445379,0.493918,0.998452,0.187755,0.041242,0.246667,0.167778,1.0,3.7,0,0,,2026-09-19T02:38:52,
924,run_1789774700_1967,77,1165,-0.6982322330470336,0.4719177669529664,V4_PRIME_RESIDUAL,V4,2,0,1.0,200,0.591251,0.475781,0.591494,0.620252,0.449533,0.489477,0.99795,0.189547,0.045433,0.247778,0.15,1.0,3.7,0,0,,2026-09-19T02:38:52,
925,run_1789774700_1967,77,1166,-0.6982322330470336,0.46838223304703364,V4_PRIME_RESIDUAL,V4,2,0,1.0,200,0.593203,0.478888,0.59161,0.621027,0.44982,0.495367,0.998718,0.189965,0.019712,0.247778,0.152222,1.0,4.0,0,0,,2026-09-19T02:38:52,
926,run_1789774700_1967,77,1167,-0.7017677669529663,0.4719177669529664,V4_PRIME_RESIDUAL,V4,2,0,1.0,200,0.592385,0.476806,0.590886,0.620277,0.454885,0.491086,0.997423,0.18345,0.022353,0.246667,0.161111,1.0,3.7,0,0,,2026-09-19T02:38:52,
927,run_1789774700_1967,77,1168,-0.7017677669529663,0.46838223304703364,V4_PRIME_RESIDUAL,V4,2,0,1.0,200,0.596907,0.485258,0.590777,0.621283,0.461349,0.501176,0.996032,0.189054,0.073044,0.246667,0.165556,1.0,3.7,0,0,,2026-09-19T02:38:52,
928,run_1789774700_1967,77,1169,-0.6999691467937953,0.4725141655349021,V4_PRIME_RESIDUAL,V4,2,0,1.0,200,0.592494,0.477427,0.591135,0.620599,0.452898,0.491636,0.997978,0.186476,0.03831,0.247778,0.154444,1.0,3.7,0,0,,2026-09-19T02:38:52,
929,run_1789774700_1967,78,1170,-0.69875,0.47015,V4_PRIME_RESIDUAL,V4,2,0,1.0,200,0.593179,0.479693,0.59157,0.620718,0.448099,0.496342,0.998307,0.182837,0.042859,0.247778,0.156667,1.0,3.9,0,0,,2026-09-19T02:38:52,
930,run_1789774700_1967,78,1171,-0.7012499999999999,0.47015,V4_PRIME_RESIDUAL,V4,2,0,1.0,200,0.592746,0.477088,0.590978,0.620787,0.456968,0.489966,0.997794,0.191987,0.036524,0.246667,0.181111,1.0,3.9,0,0,,2026-09-19T02:38:52,
931,run_1789774700_1967,78,1172,-0.7,0.4714,V4_PRIME_RESIDUAL,V4,2,0,1.0,200,0.591833,0.475749,0.591051,0.620629,0.455405,0.487941,0.997612,0.190013,0.057708,0.247778,0.174444,1.0,3.7,0,0,,2026-09-19T02:38:52,
932,run_1789774700_1967,78,1173,-0.7,0.46890000000000004,V4_PRIME_RESIDUAL,V4,2,0,1.0,200,0.590594,0.475474,0.59115,0.620486,0.442986,0.492028,0.998187,0.184636,0.041772,0.246667,0.183333,1.0,3.8,0,0,,2026-09-19T02:38:52,
933,run_1789774700_1967,78,1174,-0.6991161165235168,0.4710338834764832,V4_PRIME_RESIDUAL,V4,2,0,1.0,200,0.590971,0.474751,0.591193,0.620452,0.451101,0.487979,0.997828,0.188423,0.048794,0.247778,0.167778,1.0,3.7,0,0,,2026-09-19T02:38:52,
934,run_1789774700_1967,78,1175,-0.6991161165235168,0.46926611652351685,V4_PRIME_RESIDUAL,V4,2,0,1.0,200,0.588797,0.471062,0.591139,0.620426,0.445596,0.484917,0.998134,0.192161,0.047751,0.247778,0.174444,1.0,3.7,0,0,,2026-09-19T02:38:52,
935,run_1789774700_1967,78,1176,-0.7008838834764831,0.4710338834764832,V4_PRIME_RESIDUAL,V4,2,0,1.0,200,0.591918,0.476213,0.59085,0.620233,0.45545,0.488533,0.997364,0.187908,0.047801,0.246667,0.161111,1.0,3.7,0,0,,2026-09-19T02:38:52,
936,run_1789774700_1967,78,1177,-0.7008838834764831,0.46926611652351685,V4_PRIME_RESIDUAL,V4,2,0,1.0,200,0.59076,0.475264,0.591022,0.620519,0.446438,0.490582,0.997733,0.187035,0.054666,0.246667,0.161111,1.0,3.7,0,0,,2026-09-19T02:38:52,
937,run_1789774700_1967,78,1178,-0.7007738870810127,0.4704981048413887,V4_PRIME_RESIDUAL,V4,2,0,1.0,200,0.591532,0.474714,0.590999,0.6203,0.458567,0.485288,0.997203,0.190017,0.032041,0.246667,0.176667,1.0,3.7,0,0,,2026-09-19T02:38:52,
938,run_1789774700_1967,79,1179,-0.699375,0.47015,V4_PRIME_RESIDUAL,V4,2,0,1.0,200,0.592625,0.47818,0.591389,0.62065,0.449383,0.49397,0.998476,0.186834,0.045937,0.247778,0.174444,1.0,4.6,0,0,,2026-09-19T02:38:52,
939,run_1789774700_1967,79,1180,-0.7006249999999999,0.47015,V4_PRIME_RESIDUAL,V4,2,0,1.0,200,0.595697,0.482835,0.591404,0.621237,0.45681,0.49909,0.998047,0.190808,0.036465,0.246667,0.167778,1.0,5.3,0,0,,2026-09-19T02:38:52,
940,run_1789774700_1967,79,1181,-0.7,0.470775,V4_PRIME_RESIDUAL,V4,2,0,1.0,200,0.595758,0.482185,0.591385,0.621061,0.460163,0.497522,0.997945,0.193741,0.049307,0.246667,0.172222,1.0,4.2,0,0,,2026-09-19T02:38:52,
941,run_1789774700_1967,79,1182,-0.7,0.469525,V4_PRIME_RESIDUAL,V4,2,0,1.0,200,0.591002,0.475143,0.591195,0.620596,0.4472,0.490814,0.9983,0.188654,0.038169,0.246667,0.178889,1.0,4.9,0,0,,2026-09-19T02:38:52,
942,run_1789774700_1967,79,1183,-0.6995580582617583,0.4705919417382416,V4_PRIME_RESIDUAL,V4,2,0,1.0,200,0.594493,0.481439,0.591359,0.620804,0.453311,0.497385,0.998027,0.188685,0.056551,0.247778,0.158889,1.0,6.5,0,0,,2026-09-19T02:38:52,
943,run_1789774700_1967,79,1184,-0.6995580582617583,0.46970805826175843,V4_PRIME_RESIDUAL,V4,2,0,1.0,200,0.591268,0.474799,0.591157,0.62063,0.450957,0.48912,0.998592,0.189221,0.044176,0.247778,0.181111,1.0,4.0,0,0,,2026-09-19T02:38:52,
944,run_1789774700_1967,79,1185,-0.7004419417382416,0.4705919417382416,V4_PRIME_RESIDUAL,V4,2,0,1.0,200,0.596339,0.483185,0.59141,0.621307,0.462504,0.497716,0.997348,0.19374,0.052109,0.246667,0.181111,1.0,5.0,0,0,,2026-09-19T02:38:52,
945,run_1789774700_1967,79,1186,-0.7004419417382416,0.46970805826175843,V4_PRIME_RESIDUAL,V4,2,0,1.0,200,0.592074,0.47721,0.591185,0.620784,0.448883,0.492763,0.998195,0.187146,0.038805,0.246667,0.161111,1.0,4.5,0,0,,2026-09-19T02:38:52,
946,run_1789774700_1967,79,1187,-0.6998551956514922,0.46963618766936244,V4_PRIME_RESIDUAL,V4,2,0,1.0,200,0.592366,0.477284,0.591181,0.620778,0.450369,0.492846,0.998458,0.187537,0.048223,0.246667,0.174444,1.0,5.0,0,0,,2026-09-19T02:38:52,
947,run_1789774700_1967,80,1188,-0.6996874999999999,0.47015,V4_PRIME_RESIDUAL,V4,2,0,1.0,200,0.594402,0.480622,0.591442,0.620901,0.455111,0.495987,0.998201,0.188817,0.036838,0.247778,0.19,1.0,4.4,0,0,,2026-09-19T02:38:53,
948,run_1789774700_1967,80,1189,-0.7003125,0.47015,V4_PRIME_RESIDUAL,V4,2,0,1.0,200,0.594509,0.480789,0.5915,0.62099,0.454293,0.497088,0.998207,0.188606,0.045554,0.246667,0.172222,1.0,4.0,0,0,,2026-09-19T02:38:53,
949,run_1789774700_1967,80,1190,-0.7,0.4704625,V4_PRIME_RESIDUAL,V4,2,0,1.0,200,0.593886,0.479348,0.591332,0.620746,0.455563,0.494672,0.998013,0.189558,0.036405,0.246667,0.156667,1.0,4.0,0,0,,2026-09-19T02:38:53,
950,run_1789774700_1967,80,1191,-0.7,0.4698375,V4_PRIME_RESIDUAL,V4,2,0,1.0,200,0.59267,0.47777,0.591185,0.620756,0.450611,0.494114,0.998183,0.192131,0.026718,0.246667,0.181111,1.0,4.2,0,0,,2026-09-19T02:38:53,
951,run_1789774700_1967,80,1192,-0.6997790291308792,0.47037097086912083,V4_PRIME_RESIDUAL,V4,2,0,1.0,200,0.592502,0.477905,0.591348,0.620844,0.450081,0.493836,0.997396,0.191005,0.041159,0.247778,0.176667,1.0,3.8,0,0,,2026-09-19T02:38:53,
952,run_1789774700_1967,80,1193,-0.6997790291308792,0.4699290291308792,V4_PRIME_RESIDUAL,V4,2,0,1.0,200,0.592109,0.476754,0.591216,0.620562,0.450762,0.491966,0.9983,0.189218,0.034826,0.246667,0.181111,1.0,4.2,0,0,,2026-09-19T02:38:53,
953,run_1789774700_1967,80,1194,-0.7002209708691207,0.47037097086912083,V4_PRIME_RESIDUAL,V4,2,0,1.0,200,0.594531,0.48115,0.591464,0.620984,0.453903,0.497325,0.997951,0.189201,0.04367,0.246667,0.161111,1.0,4.2,0,0,,2026-09-19T02:38:53,
954,run_1789774700_1967,80,1195,-0.7002209708691207,0.4699290291308792,V4_PRIME_RESIDUAL,V4,2,0,1.0,200,0.595796,0.483204,0.591525,0.621233,0.455168,0.500753,0.997953,0.190682,0.022546,0.246667,0.181111,1.0,3.8,0,0,,2026-09-19T02:38:53,
955,run_1789774700_1967,80,1196,-0.6998234594984907,0.47024539149814565,V4_PRIME_RESIDUAL,V4,2,0,1.0,200,0.593793,0.480195,0.591363,0.620843,0.451093,0.497109,0.997888,0.18954,0.027238,0.246667,0.174444,1.0,3.8,0,0,,2026-09-19T02:38:53,
956,run_1789774700_1967,81,1197,-0.69984375,0.47015,V4_PRIME_RESIDUAL,V4,2,0,1.0,200,0.597569,0.486621,0.59146,0.621297,0.458622,0.50411,0.997266,0.192886,0.024132,0.246667,0.183333,1.0,4.1,0,0,,2026-09-19T02:38:53,
957,run_1789774700_1967,81,1198,-0.7001562499999999,0.47015,V4_PRIME_RESIDUAL,V4,2,0,1.0,200,0.596172,0.484124,0.591476,0.621082,0.455869,0.501492,0.997688,0.189034,0.026101,0.246667,0.165556,1.0,3.7,0,0,,2026-09-19T02:38:53,
958,run_1789774700_1967,81,1199,-0.7,0.47030625000000004,V4_PRIME_RESIDUAL,V4,2,0,1.0,200,0.595261,0.482791,0.591454,0.621091,0.453382,0.499756,0.998073,0.187037,0.035759,0.246667,0.163333,1.0,3.8,0,0,,2026-09-19T02:38:53,
959,run_1789774700_1967,81,1200,-0.7,0.46999375,V4_PRIME_RESIDUAL,V4,2,0,1.0,200,0.593152,0.478536,0.591236,0.620841,0.452111,0.494267,0.99833,0.186823,0.035433,0.246667,0.176667,1.0,3.7,0,0,,2026-09-19T02:38:53,
960,run_1789774700_1967,81,1201,-0.6998895145654396,0.4702604854345604,V4_PRIME_RESIDUAL,V4,2,0,1.0,200,0.597886,0.487267,0.591486,0.621313,0.458027,0.505402,0.997568,0.187921,0.02578,0.246667,0.181111,1.0,3.7,0,0,,2026-09-19T02:38:53,
961,run_1789774700_1967,81,1202,-0.6998895145654396,0.47003951456543963,V4_PRIME_RESIDUAL,V4,2,0,1.0,200,0.592872,0.477383,0.591277,0.620654,0.455609,0.49124,0.998063,0.189357,0.027322,0.246667,0.183333,1.0,3.7,0,0,,2026-09-19T02:38:53,
962,run_1789774700_1967,81,1203,-0.7001104854345603,0.4702604854345604,V4_PRIME_RESIDUAL,V4,2,0,1.0,200,0.597016,0.484988,0.591482,0.621202,0.459312,0.501841,0.997956,0.189357,0.044758,0.246667,0.17,1.0,3.7,0,0,,2026-09-19T02:38:53,
963,run_1789774700_1967,81,1204,-0.7001104854345603,0.47003951456543963,V4_PRIME_RESIDUAL,V4,2,0,1.0,200,0.594181,0.48073,0.59127,0.620812,0.452062,0.497607,0.998242,0.18828,0.03034,0.246667,0.176667,1.0,3.7,0,0,,2026-09-19T02:38:53,
964,run_1789774700_1967,81,1205,-0.699984442927669,0.4700450072372332,V4_PRIME_RESIDUAL,V4,2,0,1.0,200,0.595872,0.483152,0.591353,0.621242,0.45608,0.500401,0.998149,0.188303,0.03757,0.246667,0.176667,1.0,3.7,0,0,,2026-09-19T02:38:53,
965,run_1789774700_1967,82,1206,-0.6999218749999999,0.47015,V4_PRIME_RESIDUAL,V4,2,0,1.0,200,0.595276,0.482548,0.591465,0.621028,0.454229,0.499532,0.998002,0.189861,0.031262,0.246667,0.178889,1.0,4.0,0,0,,2026-09-19T02:38:53,
966,run_1789774700_1967,82,1207,-0.700078125,0.47015,V4_PRIME_RESIDUAL,V4,2,0,1.0,200,0.597486,0.486111,0.591365,0.621126,0.45948,0.503142,0.997944,0.187806,0.026807,0.246667,0.165556,1.0,3.9,0,0,,2026-09-19T02:38:53,
967,run_1789774700_1967,82,1208,-0.7,0.470228125,V4_PRIME_RESIDUAL,V4,2,0,1.0,200,0.599486,0.488342,0.591563,0.621489,0.467174,0.504663,0.99778,0.19269,0.039195,0.246667,0.174444,1.0,3.8,0,0,,2026-09-19T02:38:53,
968,run_1789774700_1967,82,1209,-0.7,0.47007187500000003,V4_PRIME_RESIDUAL,V4,2,0,1.0,200,0.594996,0.481886,0.591291,0.62108,0.454268,0.498613,0.998246,0.185914,0.041857,0.246667,0.176667,1.0,3.8,0,0,,2026-09-19T02:38:53,
969,run_1789774700_1967,82,1210,-0.6999447572827198,0.4702052427172802,V4_PRIME_RESIDUAL,V4,2,0,1.0,200,0.5971,0.485709,0.591514,0.621327,0.457144,0.503246,0.997918,0.190307,0.03276,0.246667,0.178889,1.0,3.7,0,0,,2026-09-19T02:38:53,
970,run_1789774700_1967,82,1211,-0.6999447572827198,0.4700947572827198,V4_PRIME_RESIDUAL,V4,2,0,1.0,200,0.593214,0.478853,0.591383,0.620826,0.451141,0.495544,0.997776,0.189034,0.025769,0.246667,0.176667,1.0,3.8,0,0,,2026-09-19T02:38:53,
971,run_1789774700_1967,82,1212,-0.7000552427172801,0.4702052427172802,V4_PRIME_RESIDUAL,V4,2,0,1.0,200,0.596751,0.483565,0.591467,0.621266,0.463297,0.498339,0.99803,0.192351,0.045891,0.246667,0.176667,1.0,3.7,0,0,,2026-09-19T02:38:53,
972,run_1789774700_1967,82,1213,-0.7000552427172801,0.4700947572827198,V4_PRIME_RESIDUAL,V4,2,0,1.0,200,0.593855,0.48013,0.591312,0.620914,0.451706,0.496534,0.99835,0.1865,0.03712,0.246667,0.165556,1.0,3.8,0,0,,2026-09-19T02:38:53,
973,run_1789774700_1967,82,1214,-0.6999284944294358,0.4700744718300832,V4_PRIME_RESIDUAL,V4,2,0,1.0,200,0.596735,0.483904,0.591378,0.621443,0.459905,0.500673,0.998331,0.19042,0.040824,0.246667,0.181111,1.0,4.6,0,0,,2026-09-19T02:38:53,
974,run_1789774700_1967,83,1215,-0.6999609375,0.47015,V4_PRIME_RESIDUAL,V4,2,0,1.0,200,0.595271,0.482562,0.591472,0.621068,0.454039,0.499538,0.998085,0.18815,0.033505,0.246667,0.174444,1.0,3.9,0,0,,2026-09-19T02:38:53,
975,run_1789774700_1967,83,1216,-0.7000390624999999,0.47015,V4_PRIME_RESIDUAL,V4,2,0,1.0,200,0.594077,0.479154,0.591352,0.620743,0.459322,0.492503,0.998003,0.188126,0.031263,0.246667,0.174444,1.0,3.7,0,0,,2026-09-19T02:38:53,
976,run_1789774700_1967,83,1217,-0.7,0.47018906250000003,V4_PRIME_RESIDUAL,V4,2,0,1.0,200,0.596161,0.483631,0.59148,0.621216,0.45687,0.500579,0.998205,0.189558,0.039205,0.246667,0.176667,1.0,3.7,0,0,,2026-09-19T02:38:53,
977,run_1789774700_1967,83,1218,-0.7,0.4701109375,V4_PRIME_RESIDUAL,V4,2,0,1.0,200,0.595074,0.482068,0.5914,0.621111,0.454347,0.498657,0.998201,0.188214,0.037861,0.246667,0.172222,1.0,3.7,0,0,,2026-09-19T02:38:53,
978,run_1789774700_1967,83,1219,-0.6999723786413599,0.4701776213586401,V4_PRIME_RESIDUAL,V4,2,0,1.0,200,0.596559,0.484142,0.591504,0.621162,0.458779,0.50065,0.998058,0.19124,0.045422,0.246667,0.181111,1.0,3.7,0,0,,2026-09-19T02:38:53,
979,run_1789774700_1967,83,1220,-0.6999723786413599,0.4701223786413599,V4_PRIME_RESIDUAL,V4,2,0,1.0,200,0.595615,0.482892,0.591441,0.621128,0.455432,0.499804,0.99814,0.188654,0.035536,0.246667,0.174444,1.0,3.7,0,0,,2026-09-19T02:38:53,
980,run_1789774700_1967,83,1221,-0.70002762135864,0.4701776213586401,V4_PRIME_RESIDUAL,V4,2,0,1.0,200,0.595445,0.482511,0.591478,0.621155,0.455609,0.498975,0.998232,0.189587,0.043826,0.246667,0.174444,1.0,3.7,0,0,,2026-09-19T02:38:53,
981,run_1789774700_1967,83,1222,-0.70002762135864,0.4701223786413599,V4_PRIME_RESIDUAL,V4,2,0,1.0,200,0.593374,0.479236,0.591317,0.620911,0.451312,0.49527,0.99829,0.189034,0.031557,0.246667,0.165556,1.0,3.7,0,0,,2026-09-19T02:38:53,
982,run_1789774700_1967,83,1223,-0.6999729280089592,0.4701371715776783,V4_PRIME_RESIDUAL,V4,2,0,1.0,200,0.594413,0.480648,0.591408,0.620864,0.454147,0.497106,0.998147,0.189342,0.028623,0.246667,0.176667,1.0,3.9,0,0,,2026-09-19T02:38:53,
983,run_1789774700_1967,84,1224,-0.69998046875,0.47015,V4_PRIME_RESIDUAL,V4,2,0,1.0,200,0.595191,0.482369,0.591482,0.621063,0.45395,0.499328,0.998169,0.188215,0.034669,0.246667,0.181111,1.0,4.3,0,0,,2026-09-19T02:38:53,
984,run_1789774700_1967,84,1225,-0.7000195312499999,0.47015,V4_PRIME_RESIDUAL,V4,2,0,1.0,200,0.595049,0.481734,0.591434,0.621165,0.454778,0.498376,0.998352,0.188099,0.039779,0.246667,0.174444,1.0,3.9,0,0,,2026-09-19T02:38:53,
985,run_1789774700_1967,84,1226,-0.7,0.47016953125,V4_PRIME_RESIDUAL,V4,2,0,1.0,200,0.596857,0.484012,0.591459,0.621395,0.460209,0.500983,0.998316,0.19124,0.035666,0.246667,0.174444,1.0,3.9,0,0,,2026-09-19T02:38:53,
986,run_1789774700_1967,84,1227,-0.7,0.47013046875000003,V4_PRIME_RESIDUAL,V4,2,0,1.0,200,0.59561,0.48288,0.591419,0.621165,0.455645,0.499607,0.998097,0.189236,0.034859,0.246667,0.167778,1.0,3.8,0,0,,2026-09-19T02:38:53,
987,run_1789774700_1967,84,1228,-0.6999861893206799,0.47016381067932006,V4_PRIME_RESIDUAL,V4,2,0,1.0,200,0.595652,0.482956,0.591464,0.62107,0.455393,0.499975,0.998183,0.18954,0.034934,0.246667,0.176667,1.0,3.8,0,0,,2026-09-19T02:38:53,
988,run_1789774700_1967,84,1229,-0.6999861893206799,0.47013618932067996,V4_PRIME_RESIDUAL,V4,2,0,1.0,200,0.594501,0.480495,0.591416,0.620848,0.455273,0.496708,0.998269,0.189034,0.033984,0.246667,0.181111,1.0,3.7,0,0,,2026-09-19T02:38:53,
989,run_1789774700_1967,84,1230,-0.70001381067932,0.47016381067932006,V4_PRIME_RESIDUAL,V4,2,0,1.0,200,0.59542,0.482394,0.591434,0.621143,0.455509,0.499073,0.998318,0.188593,0.043941,0.246667,0.176667,1.0,3.7,0,0,,2026-09-19T02:38:53,
990,run_1789774700_1967,84,1231,-0.70001381067932,0.47013618932067996,V4_PRIME_RESIDUAL,V4,2,0,1.0,200,0.594944,0.481718,0.591393,0.621087,0.454365,0.49831,0.998277,0.188099,0.039881,0.246667,0.17,1.0,3.8,0,0,,2026-09-19T02:38:53,
991,run_1789774700_1967,84,1232,-0.7000180128200151,0.47015955670059256,V4_PRIME_RESIDUAL,V4,2,0,1.0,200,0.595778,0.482829,0.591432,0.62125,0.456748,0.499425,0.998284,0.189358,0.04589,0.246667,0.176667,1.0,3.7,0,0,,2026-09-19T02:38:53,
992,run_1789774700_1967,85,1233,-0.69999,0.47015,V4_PRIME_RESIDUAL,V4,2,0,1.0,200,0.596081,0.48294,0.591432,0.621173,0.458593,0.49961,0.998164,0.189558,0.030433,0.246667,0.176667,1.0,3.9,0,0,,2026-09-19T02:38:53,
993,run_1789774700_1967,85,1234,-0.7000099999999999,0.47015,V4_PRIME_RESIDUAL,V4,2,0,1.0,200,0.595601,0.48253,0.591413,0.621198,0.456405,0.499175,0.998262,0.189864,0.042052,0.246667,0.176667,1.0,3.8,0,0,,2026-09-19T02:38:53,
994,run_1789774700_1967,85,1235,-0.7,0.47016,V4_PRIME_RESIDUAL,V4,2,0,1.0,200,0.595605,0.482452,0.591441,0.621195,0.456318,0.499286,0.998371,0.189897,0.038542,0.246667,0.174444,1.0,3.7,0,0,,2026-09-19T02:38:53,
995,run_1789774700_1967,85,1236,-0.7,0.47014,V4_PRIME_RESIDUAL,V4,2,0,1.0,200,0.596784,0.484544,0.591409,0.621249,0.458588,0.501542,0.9982,0.189357,0.044456,0.246667,0.176667,1.0,3.8,0,0,,2026-09-19T02:38:53,
996,run_1789774700_1967,85,1237,-0.6999929289321881,0.4701570710678119,V4_PRIME_RESIDUAL,V4,2,0,1.0,200,0.594714,0.480659,0.591426,0.62089,0.45621,0.496813,0.998322,0.189558,0.035866,0.246667,0.174444,1.0,3.7,0,0,,2026-09-19T02:38:53,
997,run_1789774700_1967,85,1238,-0.6999929289321881,0.4701429289321881,V4_PRIME_RESIDUAL,V4,2,0,1.0,200,0.594846,0.481185,0.591395,0.620989,0.455426,0.497654,0.998197,0.189897,0.030675,0.246667,0.176667,1.0,3.7,0,0,,2026-09-19T02:38:53,
998,run_1789774700_1967,85,1239,-0.7000070710678118,0.4701570710678119,V4_PRIME_RESIDUAL,V4,2,0,1.0,200,0.59526,0.481731,0.591409,0.621056,0.456574,0.498214,0.99826,0.190307,0.036814,0.246667,0.176667,1.0,3.7,0,0,,2026-09-19T02:38:53,
999,run_1789774700_1967,85,1240,-0.7000070710678118,0.4701429289321881,V4_PRIME_RESIDUAL,V4,2,0,1.0,200,0.594917,0.481253,0.5914,0.62096,0.455775,0.497669,0.998219,0.189357,0.033747,0.246667,0.174444,1.0,3.9,0,0,,2026-09-19T02:38:53,
1000,run_1789774700_1967,85,1241,-0.700003760048507,0.4701491087211157,V4_PRIME_RESIDUAL,V4,2,0,1.0,200,0.595273,0.482146,0.591424,0.621121,0.455202,0.498894,0.998268,0.189558,0.036801,0.246667,0.174444,1.0,4.3,0,0,,2026-09-19T02:38:53,
1001,run_1789774700_1967,86,1242,-0.7000026020581692,0.4701562487483462,V4_PRIME_RESIDUAL,V4,2,0,1.0,200,0.59645,0.483053,0.591412,0.621151,0.461464,0.499154,0.998068,0.191563,0.043271,0.246667,0.176667,1.0,4.0,0,0,,2026-09-19T02:38:53,
1002,run_1789774700_1967,87,1243,-0.699992898959372,0.4701598298267823,V4_PRIME_RESIDUAL,V4,2,0,1.0,200,0.595003,0.481808,0.59144,0.621062,0.454333,0.498549,0.998291,0.188215,0.037474,0.246667,0.174444,1.0,3.9,0,0,,2026-09-19T02:38:53,
1003,run_1789774700_1967,88,1244,-0.6999936655006407,0.4701568243366147,V4_PRIME_RESIDUAL,V4,2,0,1.0,200,0.594978,0.481525,0.59142,0.621027,0.455081,0.498131,0.998317,0.189558,0.036509,0.246667,0.174444,1.0,4.1,0,0,,2026-09-19T02:38:53,
1004,run_1789774700_1967,89,1245,-0.7000000952739548,0.4701408637667935,V4_PRIME_RESIDUAL,V4,2,0,1.0,200,0.59542,0.482293,0.591402,0.621085,0.45591,0.499019,0.998228,0.189357,0.035997,0.246667,0.174444,1.0,4.1,0,0,,2026-09-19T02:38:53,
1005,run_1789774700_1967,90,1246,-0.6999976410547744,0.4701537363430888,V4_PRIME_RESIDUAL,V4,2,0,1.0,200,0.595392,0.48225,0.591424,0.621141,0.455724,0.498976,0.998264,0.189558,0.036668,0.246667,0.174444,1.0,3.9,0,0,,2026-09-19T02:38:53,
1006,run_1789774700_1967,91,1247,-0.6999984651527723,0.47014157017514924,V4_PRIME_RESIDUAL,V4,2,0,1.0,200,0.59477,0.48088,0.591393,0.620924,0.456024,0.497154,0.998172,0.190144,0.029398,0.246667,0.174444,1.0,4.0,0,0,,2026-09-19T02:38:53,
1007,run_1789774700_1967,92,1248,-0.6999908085413432,0.47014724586360357,V4_PRIME_RESIDUAL,V4,2,0,1.0,200,0.595599,0.482328,0.591429,0.621168,0.457061,0.498939,0.998182,0.189897,0.034523,0.246667,0.176667,1.0,3.9,0,0,,2026-09-19T02:38:53,
1008,run_1789774700_1967,93,1249,-0.6999949588334916,0.4701402476043432,V4_PRIME_RESIDUAL,V4,2,0,1.0,200,0.59511,0.481403,0.591399,0.620986,0.457293,0.497359,0.998026,0.189357,0.03004,0.246667,0.176667,1.0,4.3,0,0,,2026-09-19T02:38:53,
1009,run_1789774700_1967,94,1250,-0.6799999999999999,0.07015,V4_PRIME_RESIDUAL,V4,2,0,1.0,200,0.546802,0.43203,0.585293,0.506622,0.384623,0.44905,0.999706,0.22707,0.021253,0.304444,0.085556,0.695556,4.3,0,0,,2026-09-19T02:38:53,
1010,run_1789774700_1967,94,1251,-0.72,0.07015,V4_PRIME_RESIDUAL,V4,2,0,1.0,200,0.538973,0.419289,0.573864,0.504779,0.381793,0.434228,0.999678,0.23546,0.022681,0.286667,0.105556,0.713333,4.2,0,0,,2026-09-19T02:38:53,
1011,run_1789774700_1967,94,1252,-0.7,0.09015000000000001,V4_PRIME_RESIDUAL,V4,2,0,1.0,200,0.540368,0.421246,0.578323,0.504232,0.381373,0.436731,0.999719,0.228168,0.022897,0.291111,0.09,0.708889,4.2,0,0,,2026-09-19T02:38:53,
1012,run_1789774700_1967,94,1253,-0.7,0.05015,V4_PRIME_RESIDUAL,V4,2,0,1.0,200,0.539679,0.420044,0.577958,0.50241,0.382381,0.435336,0.999698,0.228666,0.019417,0.295556,0.092222,0.704444,4.2,0,0,,2026-09-19T02:38:53,
1013,run_1789774700_1967,94,1254,-0.685857864376269,0.08429213562373095,V4_PRIME_RESIDUAL,V4,2,0,1.0,200,0.543365,0.425713,0.582497,0.504531,0.384557,0.441609,0.999721,0.225394,0.023078,0.298889,0.085556,0.701111,4.1,0,0,,2026-09-19T02:38:53,
1014,run_1789774700_1967,94,1255,-0.685857864376269,0.056007864376269055,V4_PRIME_RESIDUAL,V4,2,0,1.0,200,0.543319,0.425513,0.582295,0.504824,0.383798,0.442311,0.999711,0.229353,0.018504,0.297778,0.09,0.702222,4.2,0,0,,2026-09-19T02:38:53,
1015,run_1789774700_1967,94,1256,-0.7141421356237309,0.08429213562373095,V4_PRIME_RESIDUAL,V4,2,0,1.0,200,0.538762,0.418136,0.574696,0.503917,0.383923,0.432607,0.999708,0.229723,0.017253,0.286667,0.103333,0.713333,4.2,0,0,,2026-09-19T02:38:53,
1016,run_1789774700_1967,94,1257,-0.7141421356237309,0.056007864376269055,V4_PRIME_RESIDUAL,V4,2,0,1.0,200,0.536981,0.416258,0.574331,0.50035,0.380891,0.430825,0.999714,0.226236,0.025323,0.294444,0.085556,0.705556,4.2,0,0,,2026-09-19T02:38:53,
1017,run_1789774700_1967,94,1258,-0.7179999011802742,0.08202563490642688,V4_PRIME_RESIDUAL,V4,2,0,1.0,200,0.539026,0.418908,0.57407,0.505138,0.382565,0.433851,0.999701,0.234343,0.016483,0.284444,0.103333,0.715556,4.2,0,0,,2026-09-19T02:38:53,
1018,run_1789774700_1967,95,1259,-0.69,0.07015,V4_PRIME_RESIDUAL,V4,2,0,1.0,200,0.542616,0.424714,0.58131,0.50428,0.383062,0.441206,0.999727,0.231332,0.017403,0.297778,0.09,0.702222,4.3,0,0,,2026-09-19T02:38:53,
1019,run_1789774700_1967,95,1260,-0.71,0.07015,V4_PRIME_RESIDUAL,V4,2,0,1.0,200,0.538468,0.417863,0.57575,0.502123,0.383171,0.432611,0.999694,0.238096,0.024539,0.292222,0.101111,0.707778,4.2,0,0,,2026-09-19T02:38:53,
1020,run_1789774700_1967,95,1261,-0.7,0.08015,V4_PRIME_RESIDUAL,V4,2,0,1.0,200,0.541319,0.422806,0.578906,0.504844,0.382,0.438651,0.999715,0.231504,0.019933,0.292222,0.092222,0.707778,4.2,0,0,,2026-09-19T02:38:53,
1021,run_1789774700_1967,95,1262,-0.7,0.06015,V4_PRIME_RESIDUAL,V4,2,0,1.0,200,0.541487,0.42258,0.578935,0.503823,0.384706,0.438417,0.999729,0.231995,0.018688,0.295556,0.096667,0.704444,4.2,0,0,,2026-09-19T02:38:53,
1022,run_1789774700_1967,95,1263,-0.6929289321881344,0.07722106781186548,V4_PRIME_RESIDUAL,V4,2,0,1.0,200,0.543191,0.425681,0.58106,0.505138,0.38371,0.442188,0.999708,0.226928,0.014123,0.296667,0.094444,0.703333,4.2,0,0,,2026-09-19T02:38:53,
1023,run_1789774700_1967,95,1264,-0.6929289321881344,0.06307893218813453,V4_PRIME_RESIDUAL,V4,2,0,1.0,200,0.542454,0.424544,0.580824,0.50387,0.383357,0.441036,0.999702,0.227612,0.020887,0.298889,0.085556,0.701111,4.2,0,0,,2026-09-19T02:38:53,
1024,run_1789774700_1967,95,1265,-0.7070710678118655,0.07722106781186548,V4_PRIME_RESIDUAL,V4,2,0,1.0,200,0.540938,0.421318,0.577181,0.504816,0.385723,0.436633,0.999707,0.239119,0.016963,0.29,0.11,0.71,4.5,0,0,,2026-09-19T02:38:53,
1025,run_1789774700_1967,95,1266,-0.7070710678118655,0.06307893218813453,V4_PRIME_RESIDUAL,V4,2,0,1.0,200,0.54098,0.422296,0.577524,0.503297,0.384409,0.437765,0.99971,0.226928,0.023695,0.296667,0.09,0.703333,4.3,0,0,,2026-09-19T02:38:53,
1026,run_1789774700_1967,95,1267,-0.6941177526338209,0.07554037128718293,V4_PRIME_RESIDUAL,V4,2,0,1.0,200,0.543659,0.426531,0.581058,0.505342,0.384131,0.443273,0.999707,0.227271,0.014084,0.297778,0.096667,0.702222,4.2,0,0,,2026-09-19T02:38:53,
1027,run_1789774700_1967,96,1268,-0.695,0.07015,V4_PRIME_RESIDUAL,V4,2,0,1.0,200,0.543215,0.425573,0.580775,0.504098,0.385299,0.442242,0.999733,0.225734,0.014944,0.3,0.094444,0.7,4.4,0,0,,2026-09-19T02:38:53,
1028,run_1789774700_1967,96,1269,-0.705,0.07015,V4_PRIME_RESIDUAL,V4,2,0,1.0,200,0.54018,0.420697,0.577648,0.502699,0.383852,0.436115,0.999723,0.232546,0.021158,0.295556,0.098889,0.704444,4.2,0,0,,2026-09-19T02:38:53,
1029,run_1789774700_1967,96,1270,-0.7,0.07515000000000001,V4_PRIME_RESIDUAL,V4,2,0,1.0,200,0.542316,0.424077,0.57952,0.503628,0.386028,0.439754,0.999714,0.229693,0.015111,0.298889,0.098889,0.701111,4.2,0,0,,2026-09-19T02:38:53,
1030,run_1789774700_1967,96,1271,-0.7,0.06515,V4_PRIME_RESIDUAL,V4,2,0,1.0,200,0.542331,0.424229,0.579521,0.503403,0.385654,0.440197,0.999713,0.225734,0.017618,0.3,0.094444,0.7,5.7,0,0,,2026-09-19T02:38:53,
1031,run_1789774700_1967,96,1272,-0.6964644660940672,0.07368553390593274,V4_PRIME_RESIDUAL,V4,2,0,1.0,200,0.54225,0.424117,0.580081,0.503927,0.383745,0.44066,0.999724,0.231332,0.013245,0.297778,0.094444,0.702222,4.8,0,0,,2026-09-19T02:38:53,
1032,run_1789774700_1967,96,1273,-0.6964644660940672,0.06661446609406727,V4_PRIME_RESIDUAL,V4,2,0,1.0,200,0.543165,0.425536,0.580563,0.504098,0.385281,0.442196,0.999733,0.227951,0.014961,0.3,0.094444,0.7,4.2,0,0,,2026-09-19T02:38:53,
1033,run_1789774700_1967,96,1274,-0.7035355339059327,0.07368553390593274,V4_PRIME_RESIDUAL,V4,2,0,1.0,200,0.539651,0.419528,0.57757,0.502336,0.384073,0.434751,0.999731,0.235808,0.016156,0.294444,0.103333,0.705556,4.8,0,0,,2026-09-19T02:38:53,
1034,run_1789774700_1967,96,1275,-0.7035355339059327,0.06661446609406727,V4_PRIME_RESIDUAL,V4,2,0,1.0,200,0.541538,0.422909,0.578393,0.503293,0.385533,0.438488,0.999702,0.229353,0.020122,0.297778,0.094444,0.702222,4.3,0,0,,2026-09-19T02:38:53,
1035,run_1789774700_1967,96,1276,-0.6955236114049729,0.07320828821162023,V4_PRIME_RESIDUAL,V4,2,0,1.0,200,0.542292,0.424157,0.58024,0.503946,0.383733,0.44071,0.999724,0.231332,0.013246,0.297778,0.094444,0.702222,4.2,0,0,,2026-09-19T02:38:53,
1036,run_1789774700_1967,97,1277,-0.6975,0.07015,V4_PRIME_RESIDUAL,V4,2,0,1.0,200,0.541829,0.42337,0.57985,0.503146,0.383916,0.43993,0.999733,0.229693,0.017314,0.298889,0.094444,0.701111,4.9,0,0,,2026-09-19T02:38:53,
1037,run_1789774700_1967,97,1278,-0.7024999999999999,0.07015,V4_PRIME_RESIDUAL,V4,2,0,1.0,200,0.541615,0.423084,0.57869,0.503418,0.38485,0.438954,0.999715,0.231332,0.016808,0.297778,0.098889,0.702222,4.5,0,0,,2026-09-19T02:38:53,
1038,run_1789774700_1967,97,1279,-0.7,0.07265,V4_PRIME_RESIDUAL,V4,2,0,1.0,200,0.54101,0.421702,0.578965,0.502598,0.385292,0.437319,0.999721,0.231332,0.01102,0.297778,0.103333,0.702222,4.5,0,0,,2026-09-19T02:38:53,
1039,run_1789774700_1967,97,1280,-0.7,0.06765,V4_PRIME_RESIDUAL,V4,2,0,1.0,200,0.541556,0.422852,0.579214,0.502941,0.38509,0.438665,0.999708,0.229693,0.014415,0.298889,0.098889,0.701111,4.6,0,0,,2026-09-19T02:38:53,
1040,run_1789774700_1967,97,1281,-0.6982322330470336,0.07191776695296637,V4_PRIME_RESIDUAL,V4,2,0,1.0,200,0.543111,0.425515,0.580264,0.504068,0.385317,0.442163,0.999733,0.227951,0.01495,0.3,0.094444,0.7,4.4,0,0,,2026-09-19T02:38:53,
1041,run_1789774700_1967,97,1282,-0.6982322330470336,0.06838223304703364,V4_PRIME_RESIDUAL,V4,2,0,1.0,200,0.540937,0.421842,0.579286,0.502632,0.383297,0.438234,0.999726,0.23323,0.0143,0.297778,0.094444,0.702222,5.0,0,0,,2026-09-19T02:38:53,
1042,run_1789774700_1967,97,1283,-0.7017677669529663,0.07191776695296637,V4_PRIME_RESIDUAL,V4,2,0,1.0,200,0.54143,0.422578,0.57883,0.503111,0.385435,0.438152,0.999705,0.23323,0.012623,0.297778,0.105556,0.702222,4.2,0,0,,2026-09-19T02:38:53,
1043,run_1789774700_1967,97,1284,-0.7017677669529663,0.06838223304703364,V4_PRIME_RESIDUAL,V4,2,0,1.0,200,0.541486,0.422824,0.578839,0.502906,0.385125,0.438623,0.999708,0.227612,0.014386,0.298889,0.098889,0.701111,4.5,0,0,,2026-09-19T02:38:53,
1044,run_1789774700_1967,97,1285,-0.7016341347322318,0.07203766945959454,V4_PRIME_RESIDUAL,V4,2,0,1.0,200,0.540344,0.420625,0.578391,0.502315,0.384776,0.436048,0.999723,0.234721,0.01266,0.296667,0.105556,0.703333,4.3,0,0,,2026-09-19T02:38:53,
1045,run_1789774700_1967,98,1286,-0.69875,0.07015,V4_PRIME_RESIDUAL,V4,2,0,1.0,200,0.542287,0.424102,0.57976,0.503609,0.384722,0.440593,0.999727,0.231672,0.011777,0.298889,0.098889,0.701111,4.4,0,0,,2026-09-19T02:38:53,
1046,run_1789774700_1967,98,1287,-0.7012499999999999,0.07015,V4_PRIME_RESIDUAL,V4,2,0,1.0,200,0.540567,0.42115,0.578438,0.50268,0.384134,0.436885,0.999729,0.234721,0.016799,0.296667,0.103333,0.703333,4.2,0,0,,2026-09-19T02:38:53,
1047,run_1789774700_1967,98,1288,-0.7,0.0714,V4_PRIME_RESIDUAL,V4,2,0,1.0,200,0.541811,0.423144,0.579283,0.503154,0.385745,0.438927,0.999727,0.232674,0.011913,0.298889,0.103333,0.701111,4.2,0,0,,2026-09-19T02:38:53,
1048,run_1789774700_1967,98,1289,-0.7,0.0689,V4_PRIME_RESIDUAL,V4,2,0,1.0,200,0.540449,0.420885,0.578681,0.502134,0.384438,0.436545,0.999723,0.231332,0.01442,0.297778,0.098889,0.702222,4.2,0,0,,2026-09-19T02:38:53,
1049,run_1789774700_1967,98,1290,-0.6991161165235168,0.07103388347648319,V4_PRIME_RESIDUAL,V4,2,0,1.0,200,0.542274,0.424096,0.579687,0.503605,0.384726,0.440585,0.999727,0.231672,0.011775,0.298889,0.098889,0.701111,4.2,0,0,,2026-09-19T02:38:53,
1050,run_1789774700_1967,98,1291,-0.6991161165235168,0.06926611652351682,V4_PRIME_RESIDUAL,V4,2,0,1.0,200,0.541121,0.421918,0.579089,0.50311,0.384253,0.438111,0.999716,0.235871,0.01359,0.296667,0.098889,0.703333,4.2,0,0,,2026-09-19T02:38:53,
1051,run_1789774700_1967,98,1292,-0.7008838834764831,0.07103388347648319,V4_PRIME_RESIDUAL,V4,2,0,1.0,200,0.542905,0.42514,0.579613,0.503913,0.386504,0.441064,0.999709,0.230031,0.011835,0.3,0.103333,0.7,4.2,0,0,,2026-09-19T02:38:53,
1052,run_1789774700_1967,98,1293,-0.7008838834764831,0.06926611652351682,V4_PRIME_RESIDUAL,V4,2,0,1.0,200,0.541657,0.423067,0.579017,0.503477,0.384782,0.438947,0.999715,0.232335,0.016758,0.297778,0.101111,0.702222,4.2,0,0,,2026-09-19T02:38:53,
1053,run_1789774700_1967,98,1294,-0.7011524064581687,0.07008157850449108,V4_PRIME_RESIDUAL,V4,2,0,1.0,200,0.540566,0.421137,0.578464,0.502681,0.38413,0.436871,0.999729,0.235871,0.016789,0.296667,0.101111,0.703333,4.2,0,0,,2026-09-19T02:38:53,
1054,run_1789774700_1967,99,1295,-0.699375,0.07015,V4_PRIME_RESIDUAL,V4,2,0,1.0,200,0.54026,0.420801,0.578859,0.501684,0.383467,0.43666,0.99973,0.231672,0.015067,0.298889,0.094444,0.701111,4.7,0,0,,2026-09-19T02:38:53,
1055,run_1789774700_1967,99,1296,-0.7006249999999999,0.07015,V4_PRIME_RESIDUAL,V4,2,0,1.0,200,0.540443,0.420901,0.578577,0.502132,0.384461,0.43656,0.999723,0.23323,0.01436,0.297778,0.098889,0.702222,4.2,0,0,,2026-09-19T02:38:53,
1056,run_1789774700_1967,99,1297,-0.7,0.070775,V4_PRIME_RESIDUAL,V4,2,0,1.0,200,0.541602,0.423041,0.579354,0.502643,0.384885,0.438996,0.999733,0.230031,0.012583,0.3,0.098889,0.7,4.2,0,0,,2026-09-19T02:38:53,
1057,run_1789774700_1967,99,1298,-0.7,0.069525,V4_PRIME_RESIDUAL,V4,2,0,1.0,200,0.540448,0.420885,0.578664,0.502132,0.384446,0.436544,0.999723,0.23323,0.0144,0.297778,0.098889,0.702222,4.2,0,0,,2026-09-19T02:38:53,
1058,run_1789774700_1967,99,1299,-0.6995580582617583,0.0705919417382416,V4_PRIME_RESIDUAL,V4,2,0,1.0,200,0.542249,0.424069,0.57961,0.503612,0.384712,0.440549,0.999727,0.231672,0.01177,0.298889,0.098889,0.701111,4.2,0,0,,2026-09-19T02:38:53,
1059,run_1789774700_1967,99,1300,-0.6995580582617583,0.06970805826175841,V4_PRIME_RESIDUAL,V4,2,0,1.0,200,0.540469,0.420894,0.578779,0.50215,0.384425,0.43656,0.999724,0.234314,0.014404,0.297778,0.098889,0.702222,4.2,0,0,,2026-09-19T02:38:53,
1060,run_1789774700_1967,99,1301,-0.7004419417382416,0.0705919417382416,V4_PRIME_RESIDUAL,V4,2,0,1.0,200,0.540503,0.420998,0.578647,0.502186,0.384459,0.436672,0.999724,0.23323,0.014245,0.297778,0.103333,0.702222,4.2,0,0,,2026-09-19T02:38:53,
1061,run_1789774700_1967,99,1302,-0.7004419417382416,0.06970805826175841,V4_PRIME_RESIDUAL,V4,2,0,1.0,200,0.540442,0.420889,0.578614,0.502128,0.384456,0.436546,0.999723,0.23323,0.014387,0.297778,0.098889,0.702222,4.2,0,0,,2026-09-19T02:38:53,
1062,run_1789774700_1967,99,1303,-0.6999607707244215,0.06991434243444021,V4_PRIME_RESIDUAL,V4,2,0,1.0,200,0.540466,0.420901,0.578728,0.502145,0.384441,0.436565,0.999724,0.23323,0.014374,0.297778,0.098889,0.702222,4.2,0,0,,2026-09-19T02:38:53,
1063,run_1789774700_1967,0,1304,0.9831880807715164,-0.0058667288803120905,V0_NONE,V0_NONE,2,0,1.0,200,0.830429,0.891802,0.890916,0.602684,0.64409,0.912882,0.999284,0.0,0.033303,0.461111,0.001111,1.0,3.8,0,0,,2026-09-19T02:38:53,
1064,run_1789774700_1967,0,1305,0.9831880807715164,-0.0058667288803120905,V2_SMOOTH,V2_SMOOTH,2,0,1.0,200,0.846446,0.902398,0.896122,0.598961,0.738123,0.907771,0.998002,0.0,0.025382,0.666667,0.001111,1.0,3.8,0,0,,2026-09-19T02:38:53,
1065,run_1789774700_1967,0,1306,0.9831880807715164,-0.0058667288803120905,V3_CENTERED_INV_PI,V3_CENTERED_INV_PI,2,0,1.0,200,0.835258,0.890715,0.886919,0.598627,0.703647,0.8974,0.997271,0.0,0.015805,0.717778,0.001111,1.0,3.6,0,0,,2026-09-19T02:38:53,
1066,run_1789774700_1967,0,1307,0.9831880807715164,-0.0058667288803120905,V5_SHUFFLED,V5_SHUFFLED,2,0,1.0,200,0.823638,0.881486,0.893406,0.60188,0.617602,0.91011,0.99878,0.0,0.053488,0.473333,0.001111,1.0,3.7,0,0,,2026-09-19T02:38:53,
1067,run_1789774700_1967,0,1308,0.9831880807715164,-0.0058667288803120905,V6_REVERSED,V6_REVERSED,2,0,1.0,200,0.827965,0.88921,0.888124,0.602546,0.636859,0.910954,0.999267,0.0,0.03718,0.472222,0.001111,1.0,3.7,0,0,,2026-09-19T02:38:53,
1068,run_1789774700_1967,0,1309,0.9831880807715164,-0.0058667288803120905,V1_INV_PI,V1_INV_PI,2,0,1.0,200,0.823993,0.87855,0.874353,0.598503,0.672252,0.887078,0.996848,0.0,0.01207,0.76,0.001111,1.0,3.8,0,0,,2026-09-19T02:38:53,
1069,run_1789774700_1967,0,1310,0.9831880807715164,-0.0058667288803120905,V1_INV_PI,V1_INV_PI,2,0,1.0,500,0.823569,0.87855,0.874353,0.595678,0.672252,0.887078,0.996848,0.0,0.01207,0.76,0.001111,1.0,3.8,0,0,,2026-09-19T02:38:53,
1070,run_1789774700_1967,0,1311,0.9831880807715164,-0.0058667288803120905,V1_INV_PI,V1_INV_PI,2,0,1.0,1000,0.823428,0.87855,0.874353,0.594736,0.672252,0.887078,0.996848,0.0,0.01207,0.76,0.001111,1.0,3.9,0,0,,2026-09-19T02:38:53,
1071,run_1789774700_1967,0,1312,0.9831880807715164,-0.0058667288803120905,V1_INV_PI,V1_INV_PI,2,0,1.0,1500,0.823381,0.87855,0.874353,0.594423,0.672252,0.887078,0.996848,0.0,0.01207,0.76,0.001111,1.0,3.9,0,0,,2026-09-19T02:38:53,
1072,run_1789774700_1967,0,1313,0.9831880807715164,-0.0058667288803120905,V1_INV_PI,V1_INV_PI,2,0,1.0,2000,0.823357,0.87855,0.874353,0.594266,0.672252,0.887078,0.996848,0.0,0.01207,0.76,0.001111,1.0,3.8,0,0,,2026-09-19T02:38:53,
1073,run_1789774700_1967,0,1314,0.9831880807715164,-0.0058667288803120905,V1_INV_PI,V1_INV_PI,2,0,1.0,200,0.823993,0.87855,0.874353,0.598503,0.672252,0.887078,0.996848,0.0,0.01207,0.76,0.001111,1.0,3.8,0,0,,2026-09-19T02:38:53,
1074,run_1789774700_1967,0,1315,0.9831880807715164,-0.0058667288803120905,V1_INV_PI,V1_INV_PI,2,0,1.0,200,0.823993,0.87855,0.874353,0.598503,0.672252,0.887078,0.996848,0.0,0.01207,0.76,0.001111,1.0,4.1,0,0,,2026-09-19T02:38:53,
1075,run_1789774700_1967,0,1316,0.9831880807715164,-0.0058667288803120905,V1_INV_PI,V1_INV_PI,2,0,1.0,200,0.823993,0.87855,0.874353,0.598503,0.672252,0.887078,0.996848,0.0,0.01207,0.76,0.001111,1.0,3.9,0,0,,2026-09-19T02:38:53,
1076,run_1789774700_1967,0,1317,0.9841880807715164,-0.0058667288803120905,V1_INV_PI,V1_INV_PI,2,0,1.0,200,0.824006,0.87856,0.874383,0.5985,0.672293,0.887087,0.996847,0.0,0.012086,0.76,0.001111,1.0,3.8,0,0,,2026-09-19T02:38:53,
1077,run_1789774700_1967,0,1318,0.9821880807715164,-0.0058667288803120905,V1_INV_PI,V1_INV_PI,2,0,1.0,200,0.824571,0.879634,0.875519,0.598501,0.672097,0.8881,0.996864,0.0,0.01209,0.757778,0.001111,1.0,3.8,0,0,,2026-09-19T02:38:53,
1078,run_1789774700_1967,0,1319,0.9831880807715164,-0.0048667288803120904,V1_INV_PI,V1_INV_PI,2,0,1.0,200,0.823991,0.87855,0.874345,0.598503,0.672252,0.887078,0.996848,0.0,0.01207,0.76,0.001111,1.0,3.8,0,0,,2026-09-19T02:38:53,
1079,run_1789774700_1967,0,1320,0.9831880807715164,-0.0068667288803120905,V1_INV_PI,V1_INV_PI,2,0,1.0,200,0.823993,0.87855,0.874356,0.598503,0.672252,0.887078,0.996848,0.0,0.01207,0.76,0.001111,1.0,3.9,0,0,,2026-09-19T02:38:53,
1080,run_1789774700_1967,0,1321,0.9831880807715164,-0.0058667288803120905,V1_INV_PI,V1_INV_PI,2,0,0.25,200,0.830198,0.892614,0.891377,0.601063,0.642958,0.912704,0.998862,0.0,0.072843,0.513333,0.001111,1.0,4.8,0,0,,2026-09-19T02:38:53,
1081,run_1789774700_1967,0,1322,0.9831880807715164,-0.0058667288803120905,V1_INV_PI,V1_INV_PI,2,0,0.5,200,0.851634,0.909688,0.895523,0.599854,0.752954,0.914495,0.998587,0.0,0.03025,0.58,0.001111,1.0,3.9,0,0,,2026-09-19T02:38:53,
1082,run_1789774700_1967,0,1323,0.9831880807715164,-0.0058667288803120905,V1_INV_PI,V1_INV_PI,2,0,1.0,200,0.823993,0.87855,0.874353,0.598503,0.672252,0.887078,0.996848,0.0,0.01207,0.76,0.001111,1.0,3.9,0,0,,2026-09-19T02:38:54,
1083,run_1789774700_1967,0,1324,0.9831880807715164,-0.0058667288803120905,V1_INV_PI,V1_INV_PI,2,0,2.0,200,0.854036,0.910003,0.90098,0.596889,0.767345,0.913867,0.99782,0.0,0.015312,0.996667,0.001111,1.0,3.8,0,0,,2026-09-19T02:38:54,
1084,run_1789774700_1967,0,1325,-0.30500214310805496,-0.5996104983902198,V1_INV_PI,V1_INV_PI,2,0,1.0,200,0.728086,0.664314,0.874248,0.629221,0.52889,0.803937,0.91042,0.059372,0.104939,0.427778,0.045556,0.967778,3.9,0,0,,2026-09-19T02:38:54,
1085,run_1789774700_1967,0,1326,-0.35565165693588585,-0.2524006079533433,V1_INV_PI,V1_INV_PI,2,0,1.0,200,0.821298,0.835556,0.881145,0.715397,0.599647,0.891592,0.994945,0.151763,0.053084,0.404444,0.045556,0.851111,4.1,0,0,,2026-09-19T02:38:54,
1086,run_1789774700_1967,0,1327,0.1880753053477251,-0.7317168011433973,V1_INV_PI,V1_INV_PI,2,0,1.0,200,0.798709,0.82889,0.88004,0.600616,0.558755,0.905392,0.998439,0.003127,0.100936,0.536667,0.001111,1.0,3.8,0,0,,2026-09-19T02:38:54,
1087,run_1789774700_1967,0,1328,-0.47382585207979444,0.4591037247241636,V1_INV_PI,V1_INV_PI,2,0,1.0,200,0.808749,0.812228,0.871222,0.704526,0.585814,0.884606,0.991777,0.150572,0.058756,0.394444,0.054444,0.857778,4.4,0,0,,2026-09-19T02:38:54,
1088,run_1789774700_1967,0,1329,-1.4763789424365203,0.8183217962966192,V1_INV_PI,V1_INV_PI,2,0,1.0,200,0.657656,0.598394,0.659402,0.609113,0.478585,0.642049,0.997903,0.0,0.012762,0.301111,0.001111,1.0,3.9,0,0,,2026-09-19T02:38:54,
1089,run_1789774700_1967,0,1330,-0.6152249699302954,0.5592713458103775,V1_INV_PI,V1_INV_PI,2,0,1.0,200,0.773779,0.741826,0.853554,0.654206,0.552677,0.874261,0.987451,0.237109,0.046593,0.38,0.252222,1.0,4.1,0,0,,2026-09-19T02:38:54,
1090,run_1789774700_1967,0,1331,-0.17395869118895546,1.044801593293238,V1_INV_PI,V1_INV_PI,2,0,1.0,200,0.799542,0.834426,0.856689,0.601606,0.590826,0.892884,0.997567,0.0,0.079944,0.497778,0.001111,1.0,4.6,0,0,,2026-09-19T02:38:54,
1091,run_1789774700_1967,0,1332,-0.9581068792365475,0.5576636377178299,V1_INV_PI,V1_INV_PI,2,0,1.0,200,0.734448,0.718282,0.780287,0.61913,0.532316,0.769953,0.997495,0.135416,0.009284,0.328889,0.036667,1.0,4.0,0,0,,2026-09-19T02:38:54,
1092,run_1789774700_1967,0,1333,-0.6152518267789937,0.9112736197363727,V1_INV_PI,V1_INV_PI,2,0,1.0,200,0.784233,0.797219,0.840432,0.606131,0.568893,0.886817,0.997248,0.016418,0.027177,0.407778,0.005556,1.0,4.0,0,0,,2026-09-19T02:38:54,
1093,run_1789774700_1967,0,1334,-0.7837585746357226,-0.01645923985397113,V1_INV_PI,V1_INV_PI,2,0,1.0,200,0.735203,0.719558,0.796829,0.652306,0.508081,0.749644,0.99523,0.241729,0.018549,0.393333,0.067778,0.606667,4.7,0,0,,2026-09-19T02:38:54,
1094,run_1789774700_1967,0,1335,-0.23152625061165888,-0.042108321431356455,V1_INV_PI,V1_INV_PI,2,0,1.0,200,0.790965,0.774476,0.886552,0.678513,0.567615,0.870992,0.978637,0.112783,0.046169,0.423333,0.054444,0.905556,4.6,0,0,,2026-09-19T02:38:54,
1095,run_1789774700_1967,0,1336,-0.6630430564378527,-0.5708554079399255,V1_INV_PI,V1_INV_PI,2,0,1.0,200,0.775351,0.760446,0.844095,0.632738,0.563341,0.871224,0.990197,0.212871,0.026889,0.367778,0.207778,1.0,3.9,0,0,,2026-09-19T02:38:54,
1096,run_1789774700_1967,0,1337,0.00863899266824264,0.8825423714429783,V1_INV_PI,V1_INV_PI,2,0,1.0,200,0.807014,0.84963,0.870138,0.601159,0.593018,0.901423,0.998305,0.0,0.102239,0.515556,0.001111,1.0,4.2,0,0,,2026-09-19T02:38:54,
1097,run_1789774700_1967,0,1338,-0.6669550912870956,-1.1661317625849634,V1_INV_PI,V1_INV_PI,2,0,1.0,200,0.786134,0.809014,0.820316,0.603603,0.597202,0.872744,0.998672,0.0,0.027404,0.433333,0.001111,1.0,3.8,0,0,,2026-09-19T02:38:54,
1098,run_1789774700_1967,0,1339,-0.7479058193018462,0.813860519578901,V1_INV_PI,V1_INV_PI,2,0,1.0,200,0.780657,0.791814,0.829903,0.608924,0.575854,0.872522,0.997487,0.033789,0.029539,0.377778,0.005556,1.0,3.8,0,0,,2026-09-19T02:38:54,
1099,run_1789774700_1967,0,1340,-0.31433574166142586,0.7124530202697539,V1_INV_PI,V1_INV_PI,2,0,1.0,200,0.734587,0.668295,0.869018,0.608209,0.52444,0.850077,0.931676,0.041735,0.130776,0.436667,0.036667,1.0,3.8,0,0,,2026-09-19T02:38:54,
1100,run_1789774700_1967,0,1341,-0.22606783472678504,1.1971089107237207,V1_INV_PI,V1_INV_PI,2,0,1.0,200,0.798878,0.833747,0.845392,0.601234,0.603466,0.887888,0.998297,0.0,0.07478,0.512222,0.001111,1.0,3.9,0,0,,2026-09-19T02:38:54,
1101,run_1789774700_1967,0,1342,-0.6613804259771769,-0.25401098736832317,V1_INV_PI,V1_INV_PI,2,0,1.0,200,0.772679,0.769203,0.826449,0.687019,0.557325,0.802784,0.995609,0.232252,0.011134,0.354444,0.072222,0.655556,4.6,0,0,,2026-09-19T02:38:54,
1102,run_1789774700_1967,0,1343,-1.16584659886015,0.5485482050337329,V1_INV_PI,V1_INV_PI,2,0,1.0,200,0.691767,0.649008,0.721046,0.616468,0.50078,0.694277,0.997528,0.056699,0.014185,0.303333,0.01,1.0,4.0,0,0,,2026-09-19T02:38:54,
1103,run_1789774700_1967,0,1344,-1.3566951157606708,0.25725924412735135,V1_INV_PI,V1_INV_PI,2,0,1.0,200,0.621225,0.520074,0.656413,0.625064,0.443105,0.551543,0.998582,0.229107,0.012919,0.264444,0.152222,1.0,4.4,0,0,,2026-09-19T02:38:54,
1104,run_1789774700_1967,0,1345,0.05421284829293982,1.1915164406499013,V1_INV_PI,V1_INV_PI,2,0,1.0,200,0.817072,0.862684,0.856153,0.600093,0.656759,0.897156,0.999182,0.0,0.069763,0.567778,0.001111,1.0,3.8,0,0,,2026-09-19T02:38:54,
1105,run_1789774700_1967,0,1346,-0.8775711462391448,-0.7296773908444386,V1_INV_PI,V1_INV_PI,2,0,1.0,200,0.766104,0.769419,0.807828,0.612104,0.570718,0.836676,0.997672,0.052711,0.018797,0.351111,0.014444,1.0,4.6,0,0,,2026-09-19T02:38:54,
1106,run_1789774700_1967,0,1347,-0.17838075284788868,-0.43602063266453117,V1_INV_PI,V1_INV_PI,2,0,1.0,200,0.723397,0.66493,0.882928,0.628951,0.529058,0.777892,0.895603,0.051354,0.082235,0.441111,0.041111,0.967778,4.2,0,0,,2026-09-19T02:38:54,
1107,run_1789774700_1967,0,1348,0.390015400569808,-1.0473753397055927,V1_INV_PI,V1_INV_PI,2,0,1.0,200,0.832934,0.879589,0.872254,0.599325,0.717341,0.899322,0.998673,0.0,0.035402,0.632222,0.001111,1.0,4.1,0,0,,2026-09-19T02:38:54,
1108,run_1789774700_1967,0,1349,0.8096655772547399,0.6278736790646087,V1_INV_PI,V1_INV_PI,2,0,1.0,200,0.832033,0.88435,0.880386,0.598683,0.701401,0.89501,0.99749,0.0,0.018287,0.714444,0.001111,1.0,4.1,0,0,,2026-09-19T02:38:54,
1109,run_1789774700_1967,0,1350,-1.0285816313571916,0.8926775046126261,V1_INV_PI,V1_INV_PI,2,0,1.0,200,0.751497,0.748877,0.77795,0.608734,0.573002,0.803964,0.9982,0.005697,0.011,0.35,0.001111,1.0,3.9,0,0,,2026-09-19T02:38:54,
1110,run_1789774700_1967,0,1351,0.8075480050539814,-0.017842883904075624,V1_INV_PI,V1_INV_PI,2,0,1.0,200,0.842167,0.898437,0.893147,0.598863,0.722963,0.904337,0.997737,0.0,0.021607,0.676667,0.001111,1.0,3.8,0,0,,2026-09-19T02:38:54,
1111,run_1789774700_1967,0,1352,0.8049579645711051,0.7443095270638487,V1_INV_PI,V1_INV_PI,2,0,1.0,200,0.826343,0.877181,0.873127,0.598634,0.687746,0.890098,0.997379,0.0,0.017484,0.731111,0.001111,1.0,3.8,0,0,,2026-09-19T02:38:54,
1112,run_1789774700_1967,0,1353,0.5496850164943545,0.04675369221407011,V1_INV_PI,V1_INV_PI,2,0,1.0,200,0.851161,0.908584,0.895345,0.599623,0.753122,0.913409,0.998604,0.0,0.027052,0.595556,0.001111,1.0,3.9,0,0,,2026-09-19T02:38:54,
1113,run_1789774700_1967,0,1354,-0.13237457491972893,0.9303411071669985,V1_INV_PI,V1_INV_PI,2,0,1.0,200,0.804492,0.842394,0.863998,0.601816,0.599616,0.896288,0.99757,0.0,0.083286,0.488889,0.001111,1.0,3.9,0,0,,2026-09-19T02:38:54,
1114,run_1789774700_1967,0,1355,-1.1923999677874324,-0.6112375265604523,V1_INV_PI,V1_INV_PI,2,0,1.0,200,0.686058,0.63884,0.716972,0.614915,0.49575,0.683986,0.99736,0.036909,0.009383,0.3,0.005556,1.0,3.9,0,0,,2026-09-19T02:38:54,
1115,run_1789774700_1967,0,1356,-1.2939451190503104,-0.48866549955681116,V1_INV_PI,V1_INV_PI,2,0,1.0,200,0.657571,0.595144,0.680922,0.615853,0.462869,0.634083,0.998173,0.047197,0.010313,0.283333,0.001111,1.0,3.9,0,0,,2026-09-19T02:38:54,
1116,run_1789774700_1967,0,1357,0.3553547033764288,0.14766855198233664,V1_INV_PI,V1_INV_PI,2,0,1.0,200,0.84218,0.905444,0.89355,0.600401,0.697531,0.915263,0.998716,0.0,0.055445,0.546667,0.001111,1.0,3.8,0,0,,2026-09-19T02:38:54,
1117,run_1789774700_1967,0,1358,-0.972217984104472,-0.7116540313206003,V1_INV_PI,V1_INV_PI,2,0,1.0,200,0.751654,0.744491,0.789158,0.613132,0.564013,0.80649,0.997415,0.048896,0.013198,0.338889,0.014444,1.0,5.1,0,0,,2026-09-19T02:38:54,
1118,run_1789774700_1967,0,1359,0.7577837760042314,-0.9677583491463366,V1_INV_PI,V1_INV_PI,2,0,1.0,200,0.810416,0.858144,0.851898,0.598607,0.648589,0.87605,0.997388,0.0,0.017178,0.765556,0.001111,1.0,5.3,0,0,,2026-09-19T02:38:54,
1119,run_1789774700_1967,0,1360,-1.2898467632611257,-0.44748309811252274,V1_INV_PI,V1_INV_PI,2,0,1.0,200,0.656809,0.593697,0.678868,0.616707,0.463201,0.632417,0.998038,0.049983,0.01514,0.282222,0.005556,1.0,3.9,0,0,,2026-09-19T02:38:54,
1120,run_1789774700_1967,0,1361,-1.483708536890734,0.47744671702663144,V1_INV_PI,V1_INV_PI,2,0,1.0,200,0.632249,0.554149,0.64053,0.613527,0.45262,0.586101,0.998634,0.030573,0.014436,0.262222,0.001111,1.0,4.0,0,0,,2026-09-19T02:38:54,
1121,run_1789774700_1967,0,1362,-1.0459723318935754,0.003961835805267322,V1_INV_PI,V1_INV_PI,2,0,1.0,200,0.666559,0.608375,0.735726,0.593224,0.459107,0.643924,0.997788,0.272291,0.012836,0.362222,0.121111,0.637778,5.2,0,0,,2026-09-19T02:38:54,
1122,run_1789774700_1967,0,1363,-1.4367986773054662,-1.003459911233492,V1_INV_PI,V1_INV_PI,2,0,1.0,200,0.67923,0.637449,0.677682,0.607013,0.49259,0.690635,0.997867,0.0,0.011609,0.328889,0.001111,1.0,4.1,0,0,,2026-09-19T02:38:54,
1123,run_1789774700_1967,0,1364,-0.19584050930977126,-0.10838131121096661,V1_INV_PI,V1_INV_PI,2,0,1.0,200,0.76911,0.736735,0.887361,0.659327,0.553734,0.839425,0.959663,0.091481,0.064026,0.427778,0.045556,0.93,4.0,0,0,,2026-09-19T02:38:54,
1124,run_1789774700_1967,0,1365,0.4731700355540931,1.159510003288245,V1_INV_PI,V1_INV_PI,2,0,1.0,200,0.824617,0.868543,0.86343,0.598979,0.698981,0.890194,0.998293,0.0,0.029819,0.678889,0.001111,1.0,4.0,0,0,,2026-09-19T02:38:54,
1125,run_1789774700_1967,0,1366,0.7551510764785117,0.17003968126536906,V1_INV_PI,V1_INV_PI,2,0,1.0,200,0.844884,0.901001,0.89508,0.598982,0.731938,0.906952,0.997942,0.0,0.02429,0.661111,0.001111,1.0,3.8,0,0,,2026-09-19T02:38:54,
1126,run_1789774700_1967,0,1367,0.26087733994910733,0.6745820527241444,V1_INV_PI,V1_INV_PI,2,0,1.0,200,0.83335,0.892406,0.882796,0.600308,0.675952,0.910398,0.998871,0.0,0.060871,0.551111,0.001111,1.0,3.8,0,0,,2026-09-19T02:38:54,
1127,run_1789774700_1967,0,1368,-0.2153001445731113,-0.9963293518528782,V1_INV_PI,V1_INV_PI,2,0,1.0,200,0.802202,0.837683,0.857697,0.602039,0.600457,0.894119,0.997565,0.0,0.072985,0.481111,0.001111,1.0,3.9,0,0,,2026-09-19T02:38:54,
1128,run_1789774700_1967,0,1369,0.17667043182015307,-0.35842376300303036,V1_INV_PI,V1_INV_PI,2,0,1.0,200,0.708411,0.577343,0.889076,0.602021,0.507901,0.788992,0.972512,0.006253,0.022131,0.51,0.005556,0.998889,3.8,0,0,,2026-09-19T02:38:54,
1129,run_1789774700_1967,0,1370,-0.6480516012509607,0.7968807346086282,V1_INV_PI,V1_INV_PI,2,0,1.0,200,0.787755,0.803017,0.843715,0.608343,0.579905,0.885367,0.99601,0.041429,0.013508,0.388889,0.01,1.0,3.9,0,0,,2026-09-19T02:38:54,
1130,run_1789774700_1967,0,1371,0.39010874814715213,-0.1764905904243841,V1_INV_PI,V1_INV_PI,2,0,1.0,200,0.847526,0.908141,0.894093,0.600213,0.728437,0.915184,0.998675,0.0,0.043251,0.55,0.001111,1.0,3.8,0,0,,2026-09-19T02:38:54,
1131,run_1789774700_1967,0,1372,0.7807621130641409,0.43524607688398853,V1_INV_PI,V1_INV_PI,2,0,1.0,200,0.840172,0.894449,0.889702,0.598833,0.721732,0.90237,0.997759,0.0,0.021692,0.681111,0.001111,1.0,4.3,0,0,,2026-09-19T02:38:54,
1132,run_1789774700_1967,0,1373,-0.5846288887989182,0.5294243744030678,V1_INV_PI,V1_INV_PI,2,0,1.0,200,0.79014,0.774016,0.859076,0.677341,0.569319,0.882081,0.989759,0.247692,0.029074,0.38,0.252222,1.0,4.0,0,0,,2026-09-19T02:38:54,
1133,run_1789774700_1967,0,1374,-0.6239669101696783,0.4343435704411691,V1_INV_PI,V1_INV_PI,2,0,1.0,200,0.821376,0.833722,0.856236,0.725336,0.612587,0.892935,0.999209,0.196784,0.022199,0.368889,0.076667,0.782222,4.2,0,0,,2026-09-19T02:38:54,
1134,run_1789774700_1967,0,1375,-0.5621681706176207,0.46919996990024715,V1_INV_PI,V1_INV_PI,2,0,1.0,200,0.814583,0.822656,0.863704,0.71417,0.593809,0.890316,0.997457,0.169893,0.039105,0.377778,0.07,0.831111,4.3,0,0,,2026-09-19T02:38:54,
1135,run_1789774700_1967,0,1376,-1.0869238354608532,-1.1840215130334062,V1_INV_PI,V1_INV_PI,2,0,1.0,200,0.742962,0.73423,0.755985,0.605292,0.572223,0.798682,0.997184,0.0,0.012656,0.384444,0.001111,1.0,3.9,0,0,,2026-09-19T02:38:54,
1136,run_1789774700_1967,0,1377,-0.809256338076606,-0.3438270342196026,V1_INV_PI,V1_INV_PI,2,0,1.0,200,0.766212,0.747558,0.817132,0.690118,0.571353,0.785737,0.997814,0.386829,0.004905,0.336667,0.278889,1.0,4.1,0,0,,2026-09-19T02:38:54,
1137,run_1789774700_1967,0,1378,-0.03485283394662453,-0.6679974097736033,V1_INV_PI,V1_INV_PI,2,0,1.0,200,0.793982,0.816434,0.877635,0.602291,0.568215,0.890461,0.993888,0.008058,0.093697,0.484444,0.001111,1.0,3.8,0,0,,2026-09-19T02:38:54,
1138,run_1789774700_1967,0,1379,0.1888152949122046,-1.000403332077129,V1_INV_PI,V1_INV_PI,2,0,1.0,200,0.829307,0.880234,0.86949,0.600014,0.688994,0.904108,0.999054,0.0,0.052528,0.568889,0.001111,1.0,3.8,0,0,,2026-09-19T02:38:54,
1139,run_1789774700_1967,0,1380,-0.8315278057356523,-1.075581894814098,V1_INV_PI,V1_INV_PI,2,0,1.0,200,0.77486,0.79014,0.806102,0.605343,0.585009,0.853809,0.998569,0.0,0.020566,0.396667,0.001111,1.0,3.8,0,0,,2026-09-19T02:38:54,
1140,run_1789774700_1967,0,1381,-0.6410047343428807,0.3611507512751029,V1_INV_PI,V1_INV_PI,2,0,1.0,200,0.796573,0.797624,0.841326,0.707172,0.59289,0.841989,0.997734,0.219085,0.011992,0.363333,0.072222,0.713333,4.3,0,0,,2026-09-19T02:38:54,
1141,run_1789774700_1967,0,1382,0.05465971697968941,0.5767955963206695,V1_INV_PI,V1_INV_PI,2,0,1.0,200,0.766991,0.740888,0.882013,0.60214,0.533022,0.878371,0.982917,0.011393,0.079214,0.495556,0.014444,1.0,3.8,0,0,,2026-09-19T02:38:55,
1142,run_1789774700_1967,0,1383,0.326611362284988,0.8451901842372573,V1_INV_PI,V1_INV_PI,2,0,1.0,200,0.838952,0.891131,0.878869,0.599787,0.723151,0.907141,0.998848,0.0,0.037788,0.582222,0.001111,1.0,3.8,0,0,,2026-09-19T02:38:55,
1143,run_1789774700_1967,0,1384,-0.25526957097916614,0.7278273278594256,V1_INV_PI,V1_INV_PI,2,0,1.0,200,0.689427,0.596826,0.869559,0.607917,0.511965,0.79291,0.81912,0.030719,0.087596,0.447778,0.027778,0.994444,3.9,0,0,,2026-09-19T02:38:55,
1144,run_1789774700_1967,0,1385,-1.1824087074131462,-0.23457062583530042,V1_INV_PI,V1_INV_PI,2,0,1.0,200,0.658201,0.571745,0.703532,0.630265,0.495848,0.664567,0.940888,0.317486,0.065485,0.285556,0.227778,0.962222,4.1,0,0,,2026-09-19T02:38:55,
1145,run_1789774700_1967,0,1386,-1.022390086097142,-0.700780763898345,V1_INV_PI,V1_INV_PI,2,0,1.0,200,0.735044,0.717195,0.772999,0.613845,0.549536,0.772014,0.996573,0.055382,0.016748,0.33,0.001111,1.0,4.2,0,0,,2026-09-19T02:38:55,
1146,run_1789774700_1967,0,1387,-0.029861043457123593,-0.04653908956644481,V1_INV_PI,V1_INV_PI,2,0,1.0,200,0.702964,0.640444,0.890435,0.62042,0.522493,0.7645,0.821174,0.038436,0.116237,0.456667,0.027778,0.977778,4.2,0,0,,2026-09-19T02:38:55,
1147,run_1789774700_1967,0,1388,-1.2372975038722567,-0.3597779766892668,V1_INV_PI,V1_INV_PI,2,0,1.0,200,0.666364,0.608926,0.689408,0.619636,0.470806,0.649796,0.997903,0.095035,0.010298,0.281111,0.045556,1.0,4.0,0,0,,2026-09-19T02:38:55,
1148,run_1789774700_1967,0,1389,0.2494058370027772,0.43998579509399915,V1_INV_PI,V1_INV_PI,2,0,1.0,200,0.81899,0.876337,0.888598,0.600752,0.599966,0.911348,0.998708,0.0,0.103675,0.531111,0.001111,1.0,3.9,0,0,,2026-09-19T02:38:55,
1149,run_1789774700_1967,0,1390,0.5682248358862991,-1.037292062263608,V1_INV_PI,V1_INV_PI,2,0,1.0,200,0.827445,0.873983,0.868702,0.598899,0.70176,0.892207,0.998091,0.0,0.026688,0.685556,0.001111,1.0,3.8,0,0,,2026-09-19T02:38:55,
1150,run_1789774700_1967,0,1391,0.778521114208321,0.15683617221895219,V1_INV_PI,V1_INV_PI,2,0,1.0,200,0.844948,0.900716,0.895265,0.598917,0.733174,0.906548,0.997889,0.0,0.023281,0.664444,0.001111,1.0,4.3,0,0,,2026-09-19T02:38:55,
1151,run_1789774700_1967,0,1392,-0.21075899748308036,-1.160780362405351,V1_INV_PI,V1_INV_PI,2,0,1.0,200,0.793407,0.823459,0.848479,0.60134,0.58207,0.887529,0.997532,0.003127,0.08848,0.507778,0.001111,1.0,3.8,0,0,,2026-09-19T02:38:55,
1152,run_1789774700_1967,0,1393,-1.456915561326523,-0.12889221360501812,V1_INV_PI,V1_INV_PI,2,0,1.0,200,0.598168,0.485657,0.629392,0.628357,0.407722,0.513446,0.999445,0.277144,0.011482,0.25,0.158889,1.0,3.9,0,0,,2026-09-19T02:38:55,
1153,run_1789774700_1967,0,1394,0.19521074749059175,0.974764368795048,V1_INV_PI,V1_INV_PI,2,0,1.0,200,0.829577,0.881247,0.870572,0.600041,0.68747,0.904657,0.999029,0.0,0.053441,0.568889,0.001111,1.0,3.9,0,0,,2026-09-19T02:38:55,
1154,run_1789774700_1967,0,1395,-1.4185495554732324,-0.47465716783732637,V1_INV_PI,V1_INV_PI,2,0,1.0,200,0.63623,0.558163,0.652045,0.61454,0.453663,0.59278,0.998233,0.042897,0.013608,0.268889,0.005556,1.0,3.9,0,0,,2026-09-19T02:38:55,
1155,run_1789774700_1967,0,1396,-0.1261791812343238,0.04428550276985388,V1_INV_PI,V1_INV_PI,2,0,1.0,200,0.738688,0.689252,0.888717,0.638053,0.537849,0.802424,0.90879,0.067452,0.085412,0.445556,0.036667,0.956667,3.9,0,0,,2026-09-19T02:38:55,
1156,run_1789774700_1967,0,1397,-1.201527927229825,-0.5126472546070452,V1_INV_PI,V1_INV_PI,2,0,1.0,200,0.680543,0.631161,0.707436,0.616789,0.489012,0.674162,0.997624,0.054053,0.01367,0.295556,0.01,1.0,3.9,0,0,,2026-09-19T02:38:55,
1157,run_1789774700_1967,0,1398,-0.1623477881613753,-0.7262461671133524,V1_INV_PI,V1_INV_PI,2,0,1.0,200,0.787664,0.799609,0.871956,0.603221,0.562946,0.888641,0.991645,0.014444,0.074545,0.466667,0.005556,1.0,3.8,0,0,,2026-09-19T02:38:55,
1158,run_1789774700_1967,0,1399,-0.3359679087925771,0.904915910367208,V1_INV_PI,V1_INV_PI,2,0,1.0,200,0.794613,0.820688,0.857476,0.603444,0.576252,0.895713,0.996718,0.008058,0.033577,0.45,0.001111,1.0,3.9,0,0,,2026-09-19T02:38:55,
1159,run_1789774700_1967,0,1400,-0.24620392980146777,-0.9926753015845828,V1_INV_PI,V1_INV_PI,2,0,1.0,200,0.798725,0.831225,0.856813,0.602273,0.589561,0.893294,0.997517,0.003127,0.066271,0.476667,0.001111,1.0,3.8,0,0,,2026-09-19T02:38:55,
1160,run_1789774700_1967,0,1401,-0.26376231295872477,0.5198249119348564,V1_INV_PI,V1_INV_PI,2,0,1.0,200,0.734854,0.683277,0.8783,0.636196,0.533,0.794693,0.918042,0.064951,0.097149,0.434444,0.041111,0.958889,3.9,0,0,,2026-09-19T02:38:55,
1161,run_1789774700_1967,0,1402,0.5247261852216476,0.8971642582614014,V1_INV_PI,V1_INV_PI,2,0,1.0,200,0.835737,0.885247,0.878387,0.599148,0.719516,0.900725,0.998391,0.0,0.031361,0.646667,0.001111,1.0,3.8,0,0,,2026-09-19T02:38:55,
1162,run_1789774700_1967,0,1403,0.38596574958706853,-0.7713665298292149,V1_INV_PI,V1_INV_PI,2,0,1.0,200,0.840968,0.894061,0.881588,0.599693,0.728508,0.907771,0.99879,0.0,0.034341,0.592222,0.001111,1.0,3.8,0,0,,2026-09-19T02:38:55,
1163,run_1789774700_1967,0,1404,0.8155395835837842,-0.9654982318308778,V1_INV_PI,V1_INV_PI,2,0,1.0,200,0.80925,0.853995,0.849186,0.598513,0.655435,0.871427,0.997114,0.0,0.014511,0.794444,0.001111,1.0,3.8,0,0,,2026-09-19T02:38:55,
1164,run_1789774700_1967,0,1405,0.7012669466518235,-0.5738951068037937,V1_INV_PI,V1_INV_PI,2,0,1.0,200,0.839741,0.893393,0.887429,0.598961,0.722045,0.902856,0.997993,0.0,0.024961,0.667778,0.001111,1.0,4.3,0,0,,2026-09-19T02:38:55,
1165,run_1789774700_1967,0,1406,-1.2511745500533797,0.9014768302113374,V1_INV_PI,V1_INV_PI,2,0,1.0,200,0.701733,0.666239,0.717984,0.609197,0.523005,0.719352,0.998283,0.008058,0.008913,0.328889,0.001111,1.0,4.3,0,0,,2026-09-19T02:38:55,
1166,run_1789774700_1967,0,1407,0.6306636789369326,-1.1143211258792232,V1_INV_PI,V1_INV_PI,2,0,1.0,200,0.816755,0.861888,0.856733,0.598706,0.673086,0.882292,0.997733,0.0,0.021995,0.731111,0.001111,1.0,4.0,0,0,,2026-09-19T02:38:55,
1167,run_1789774700_1967,0,1408,0.5419220533277249,-0.5931640029795587,V1_INV_PI,V1_INV_PI,2,0,1.0,200,0.844875,0.899183,0.889159,0.599387,0.73778,0.909003,0.998531,0.0,0.031541,0.614444,0.001111,1.0,3.8,0,0,,2026-09-19T02:38:55,
1168,run_1789774700_1967,0,1409,-0.17485269221560396,0.5129859667198668,V1_INV_PI,V1_INV_PI,2,0,1.0,200,0.707126,0.640275,0.880113,0.621047,0.522475,0.767346,0.856069,0.039942,0.095123,0.447778,0.036667,0.976667,3.9,0,0,,2026-09-19T02:38:55,
1169,run_1789774700_1967,0,1410,0.11739081807700003,-0.6192236819888524,V1_INV_PI,V1_INV_PI,2,0,1.0,200,0.763722,0.717492,0.882025,0.601406,0.526366,0.889846,0.996014,0.003127,0.070081,0.511111,0.005556,1.0,3.9,0,0,,2026-09-19T02:38:55,
1170,run_1789774700_1967,0,1411,-0.41013269586790835,0.6112222100974378,V1_INV_PI,V1_INV_PI,2,0,1.0,200,0.751898,0.697883,0.870141,0.643472,0.536806,0.8357,0.963395,0.118465,0.096584,0.416667,0.112222,0.988889,4.0,0,0,,2026-09-19T02:38:55,
1171,run_1789774700_1967,0,1412,-0.1973240574456483,-1.1403967649209656,V1_INV_PI,V1_INV_PI,2,0,1.0,200,0.798645,0.833321,0.850238,0.601338,0.59573,0.890187,0.997939,0.0,0.076792,0.506667,0.001111,1.0,3.8,0,0,,2026-09-19T02:38:55,
1172,run_1789774700_1967,0,1413,-0.646118308927266,0.25756014003657635,V1_INV_PI,V1_INV_PI,2,0,1.0,200,0.775255,0.773427,0.828689,0.689556,0.558247,0.80728,0.99555,0.239285,0.019164,0.355556,0.076667,0.657778,4.4,0,0,,2026-09-19T02:38:55,
1173,run_1789774700_1967,0,1414,0.41154174997404636,-0.9520241596073729,V1_INV_PI,V1_INV_PI,2,0,1.0,200,0.835592,0.884482,0.875463,0.599391,0.720961,0.901969,0.998694,0.0,0.035484,0.62,0.001111,1.0,4.0,0,0,,2026-09-19T02:38:55,
1174,run_1789774700_1967,0,1415,-1.4907862497547288,0.6102363078573652,V1_INV_PI,V1_INV_PI,2,0,1.0,200,0.634585,0.564445,0.643278,0.611506,0.435903,0.600532,0.998607,0.005697,0.009944,0.273333,0.001111,1.0,4.2,0,0,,2026-09-19T02:38:55,
1175,run_1789774700_1967,0,1416,0.9269103179265672,1.0971888367091351,V1_INV_PI,V1_INV_PI,2,0,1.0,200,0.813149,0.853295,0.854343,0.598226,0.677554,0.872096,0.996614,0.0,0.011611,0.854444,0.001111,1.0,4.0,0,0,,2026-09-19T02:38:55,
1176,run_1789774700_1967,0,1417,-1.34516539315452,0.41675305836365584,V1_INV_PI,V1_INV_PI,2,0,1.0,200,0.644786,0.571052,0.66542,0.616773,0.459822,0.606493,0.998311,0.064951,0.009317,0.273333,0.018889,1.0,4.2,0,0,,2026-09-19T02:38:55,
1177,run_1789774700_1967,0,1418,-0.999987343045761,0.573583605267886,V1_INV_PI,V1_INV_PI,2,0,1.0,200,0.732288,0.711643,0.774623,0.61814,0.540754,0.764714,0.99762,0.104613,0.009234,0.322222,0.027778,1.0,4.8,0,0,,2026-09-19T02:38:55,
1178,run_1789774700_1967,0,1419,0.6994725176233962,-0.12207370729170441,V1_INV_PI,V1_INV_PI,2,0,1.0,200,0.847365,0.90406,0.896235,0.599141,0.739086,0.909705,0.998168,0.0,0.027699,0.638889,0.001111,1.0,3.8,0,0,,2026-09-19T02:38:55,
1179,run_1789774700_1967,0,1420,-0.6188662065430672,0.4018468425526125,V1_INV_PI,V1_INV_PI,2,0,1.0,200,0.819315,0.829823,0.854802,0.724414,0.616799,0.88372,0.999327,0.200382,0.020148,0.367778,0.076667,0.763333,4.4,0,0,,2026-09-19T02:38:55,
1180,run_1789774700_1967,0,1421,-0.7599807971469256,0.7821433610344399,V1_INV_PI,V1_INV_PI,2,0,1.0,200,0.778928,0.790173,0.827986,0.609815,0.574367,0.866565,0.997167,0.044347,0.019479,0.372222,0.005556,1.0,3.9,0,0,,2026-09-19T02:38:55,
1181,run_1789774700_1967,0,1422,-0.9376334041747747,-1.0059632425434286,V1_INV_PI,V1_INV_PI,2,0,1.0,200,0.765528,0.773265,0.793297,0.606728,0.578144,0.838144,0.998428,0.003127,0.014199,0.378889,0.001111,1.0,3.8,0,0,,2026-09-19T02:38:55,
1182,run_1789774700_1967,0,1423,0.2262424496170623,0.2988114604814016,V1_INV_PI,V1_INV_PI,2,0,1.0,200,0.819845,0.876898,0.890594,0.601066,0.60227,0.911614,0.998592,0.0,0.117443,0.517778,0.001111,1.0,3.8,0,0,,2026-09-19T02:38:55,
1183,run_1789774700_1967,0,1424,-0.16278026086341457,-1.0850641155164609,V1_INV_PI,V1_INV_PI,2,0,1.0,200,0.801022,0.837265,0.854782,0.601373,0.597413,0.892994,0.998143,0.003127,0.081322,0.505556,0.001111,1.0,3.9,0,0,,2026-09-19T02:38:55,
1184,run_1789774700_1967,0,1425,-1.38123197937611,-0.9060559844268969,V1_INV_PI,V1_INV_PI,2,0,1.0,200,0.681097,0.637139,0.686473,0.608457,0.497921,0.687934,0.99796,0.003127,0.01076,0.318889,0.001111,1.0,3.9,0,0,,2026-09-19T02:38:55,
1185,run_1789774700_1967,0,1426,0.7961324280126503,-0.1480851612918337,V1_INV_PI,V1_INV_PI,2,0,1.0,200,0.84255,0.898844,0.89354,0.59888,0.723765,0.904949,0.997793,0.0,0.022119,0.674444,0.001111,1.0,3.8,0,0,,2026-09-19T02:38:55,
1186,run_1789774700_1967,0,1427,0.27623239106748265,-0.447420909060972,V1_INV_PI,V1_INV_PI,2,0,1.0,200,0.831212,0.893874,0.888944,0.600571,0.650475,0.912809,0.998822,0.0,0.077242,0.54,0.001111,1.0,3.8,0,0,,2026-09-19T02:38:55,
1187,run_1789774700_1967,0,1428,-0.3515732796554989,-1.1944147866637687,V1_INV_PI,V1_INV_PI,2,0,1.0,200,0.796699,0.828503,0.839869,0.601831,0.6056,0.885037,0.998153,0.0,0.055526,0.485556,0.001111,1.0,3.8,0,0,,2026-09-19T02:38:55,
1188,run_1789774700_1967,0,1429,0.5765033397746233,-0.6555044523939758,V1_INV_PI,V1_INV_PI,2,0,1.0,200,0.842025,0.895677,0.887073,0.599235,0.729531,0.906448,0.998416,0.0,0.031667,0.632222,0.001111,1.0,3.8,0,0,,2026-09-19T02:38:55,
1189,run_1789774700_1967,0,1430,0.9041632694749433,-0.764130439147358,V1_INV_PI,V1_INV_PI,2,0,1.0,200,0.811471,0.858874,0.853618,0.598469,0.656105,0.873197,0.99696,0.0,0.012778,0.794444,0.001111,1.0,4.1,0,0,,2026-09-19T02:38:55,
1190,run_1789774700_1967,0,1431,0.6343546577821244,1.0944930292553219,V1_INV_PI,V1_INV_PI,2,0,1.0,200,0.818423,0.863689,0.858504,0.598715,0.678226,0.883472,0.997753,0.0,0.021978,0.726667,0.001111,1.0,3.9,0,0,,2026-09-19T02:38:55,
1191,run_1789774700_1967,0,1432,0.28156626624545233,-0.15246105353001127,V1_INV_PI,V1_INV_PI,2,0,1.0,200,0.822973,0.883813,0.892846,0.60083,0.606752,0.914323,0.998712,0.0,0.10672,0.524444,0.001111,1.0,3.9,0,0,,2026-09-19T02:38:55,
1192,run_1789774700_1967,0,1433,-0.28818572510458007,0.5943673977771415,V1_INV_PI,V1_INV_PI,2,0,1.0,200,0.72765,0.66159,0.874903,0.62751,0.527024,0.797535,0.921379,0.055219,0.107379,0.431111,0.045556,0.971111,5.2,0,0,,2026-09-19T02:38:55,
1193,run_1789774700_1967,0,1434,-0.44485965218977874,0.76277373151891,V1_INV_PI,V1_INV_PI,2,0,1.0,200,0.765339,0.733259,0.860637,0.607436,0.539283,0.88814,0.984666,0.05062,0.057929,0.418889,0.045556,1.0,4.4,0,0,,2026-09-19T02:38:55,
1194,run_1789774700_1967,0,1435,0.677685316938498,0.5986661537657243,V1_INV_PI,V1_INV_PI,2,0,1.0,200,0.840685,0.894139,0.888184,0.599005,0.725142,0.903927,0.998076,0.0,0.02612,0.662222,0.001111,1.0,5.4,0,0,,2026-09-19T02:38:55,
1195,run_1789774700_1967,0,1436,-1.0623006655750888,-0.7270239449337026,V1_INV_PI,V1_INV_PI,2,0,1.0,200,0.72178,0.696213,0.762256,0.613121,0.528025,0.751649,0.996461,0.047197,0.013585,0.331111,0.005556,1.0,4.1,0,0,,2026-09-19T02:38:55,
1196,run_1789774700_1967,0,1437,-0.6518756342326751,1.1076601044737597,V1_INV_PI,V1_INV_PI,2,0,1.0,200,0.786167,0.808433,0.825289,0.60405,0.589708,0.876094,0.998582,0.003127,0.038514,0.425556,0.001111,1.0,3.9,0,0,,2026-09-19T02:38:55,
1197,run_1789774700_1967,0,1438,-0.9015606707461754,0.6487064984137394,V1_INV_PI,V1_INV_PI,2,0,1.0,200,0.750745,0.740442,0.796958,0.61597,0.558202,0.802477,0.997287,0.108188,0.01067,0.341111,0.045556,1.0,4.0,0,0,,2026-09-19T02:38:55,
1198,run_1789774700_1967,0,1439,0.9803789956479814,0.35816203282305836,V1_INV_PI,V1_INV_PI,2,0,1.0,200,0.815594,0.868924,0.862979,0.598479,0.65123,0.879466,0.996934,0.0,0.012047,0.78,0.001111,1.0,3.9,0,0,,2026-09-19T02:38:55,
1199,run_1789774700_1967,0,1440,-0.3000144648818299,0.04534550629811651,V1_INV_PI,V1_INV_PI,2,0,1.0,200,0.828351,0.848183,0.884564,0.721787,0.613102,0.892695,0.996554,0.158272,0.057404,0.408889,0.036667,0.845556,4.4,0,0,,2026-09-19T02:38:55,
1200,run_1789774700_1967,0,1441,0.38989300160870144,0.11450910411881354,V1_INV_PI,V1_INV_PI,2,0,1.0,200,0.847454,0.908434,0.894593,0.600236,0.72673,0.915419,0.99866,0.0,0.044377,0.555556,0.001111,1.0,3.9,0,0,,2026-09-19T02:38:55,
1201,run_1789774700_1967,0,1442,0.06562842726792173,-0.059252660866563556,V1_INV_PI,V1_INV_PI,2,0,1.0,200,0.685446,0.605402,0.890779,0.610241,0.513356,0.758209,0.788049,0.023321,0.165404,0.476667,0.023333,0.99,4.1,0,0,,2026-09-19T02:38:55,
1202,run_1789774700_1967,0,1443,-1.2615444385330743,-1.0302888920096176,V1_INV_PI,V1_INV_PI,2,0,1.0,200,0.685997,0.645373,0.709561,0.607618,0.480792,0.701896,0.997825,0.005697,0.013789,0.344444,0.001111,1.0,3.9,0,0,,2026-09-19T02:38:56,
1203,run_1789774700_1967,0,1444,-0.25014980862841596,-0.19862619790569314,V1_INV_PI,V1_INV_PI,2,0,1.0,200,0.783931,0.761385,0.885125,0.672301,0.56447,0.85981,0.975526,0.107252,0.042072,0.421111,0.054444,0.912222,4.0,0,0,,2026-09-19T02:38:56,
1204,run_1789774700_1967,0,1445,-0.4351910613459973,-1.1588215745656636,V1_INV_PI,V1_INV_PI,2,0,1.0,200,0.799383,0.831645,0.837762,0.602395,0.618488,0.885924,0.998576,0.0,0.040821,0.466667,0.001111,1.0,4.2,0,0,,2026-09-19T02:38:56,
1205,run_1789774700_1967,0,1446,-1.2990148215084858,-0.8687929063687567,V1_INV_PI,V1_INV_PI,2,0,1.0,200,0.692682,0.652315,0.70592,0.6094,0.513813,0.703521,0.998035,0.003127,0.007193,0.321111,0.001111,1.0,4.0,0,0,,2026-09-19T02:38:56,
1206,run_1789774700_1967,0,1447,0.9133346984026054,-0.599980445807769,V1_INV_PI,V1_INV_PI,2,0,1.0,200,0.815379,0.867972,0.862006,0.598516,0.651087,0.880572,0.997057,0.0,0.013828,0.768889,0.001111,1.0,3.8,0,0,,2026-09-19T02:38:56,
1207,run_1789774700_1967,0,1448,-0.9273477041899473,-0.899972997029387,V1_INV_PI,V1_INV_PI,2,0,1.0,200,0.765943,0.772534,0.799362,0.608232,0.573876,0.838673,0.998585,0.008058,0.014533,0.364444,0.005556,1.0,4.0,0,0,,2026-09-19T02:38:56,
1208,run_1789774700_1967,0,1449,-1.065242731160133,0.05383104977033071,V1_INV_PI,V1_INV_PI,2,0,1.0,200,0.662123,0.600468,0.731378,0.588968,0.45818,0.636869,0.997978,0.268794,0.00467,0.361111,0.121111,0.638889,4.5,0,0,,2026-09-19T02:38:56,
1209,run_1789774700_1967,0,1450,-0.2445385760716512,0.09740531323484092,V1_INV_PI,V1_INV_PI,2,0,1.0,200,0.792763,0.77869,0.885892,0.680919,0.568391,0.871727,0.980343,0.118563,0.050053,0.421111,0.054444,0.902222,4.0,0,0,,2026-09-19T02:38:56,
1210,run_1789774700_1967,0,1451,-1.1820082939468632,-0.2311536627416546,V1_INV_PI,V1_INV_PI,2,0,1.0,200,0.65461,0.563369,0.702949,0.628885,0.490958,0.649026,0.953303,0.332183,0.068358,0.284444,0.23,0.957778,4.0,0,0,,2026-09-19T02:38:56,
1211,run_1789774700_1967,0,1452,-1.0028885112461705,0.7661107555764832,V1_INV_PI,V1_INV_PI,2,0,1.0,200,0.749393,0.741504,0.783492,0.611619,0.566864,0.800354,0.997788,0.030573,0.007892,0.335556,0.001111,1.0,3.9,0,0,,2026-09-19T02:38:56,
1212,run_1789774700_1967,0,1453,-0.7497850285414535,0.38415521927286367,V1_INV_PI,V1_INV_PI,2,0,1.0,200,0.783455,0.771655,0.829774,0.714435,0.578152,0.816776,0.997808,0.420606,0.008456,0.343333,0.392222,1.0,4.1,0,0,,2026-09-19T02:38:56,
1213,run_1789774700_1967,0,1454,0.38169131896922437,0.33458782861224257,V1_INV_PI,V1_INV_PI,2,0,1.0,200,0.846229,0.905881,0.89177,0.600168,0.727175,0.913902,0.998709,0.0,0.042287,0.562222,0.001111,1.0,3.8,0,0,,2026-09-19T02:38:56,
1214,run_1789774700_1967,0,1455,-0.0016213097033908053,-0.9038298030240032,V1_INV_PI,V1_INV_PI,2,0,1.0,200,0.807662,0.850801,0.869131,0.601148,0.597603,0.900331,0.9982,0.0,0.095983,0.514444,0.001111,1.0,4.9,0,0,,2026-09-19T02:38:56,
1215,run_1789774700_1967,0,1456,0.0901181312753927,-0.9057786027182311,V1_INV_PI,V1_INV_PI,2,0,1.0,200,0.820304,0.872571,0.871278,0.600637,0.638222,0.905294,0.998979,0.0,0.084627,0.533333,0.001111,1.0,3.8,0,0,,2026-09-19T02:38:56,
1216,run_1789774700_1967,0,1457,-1.3630707221670422,-0.6539926674876362,V1_INV_PI,V1_INV_PI,2,0,1.0,200,0.654651,0.590772,0.67537,0.612448,0.462546,0.631295,0.99806,0.014444,0.009312,0.292222,0.001111,1.0,3.9,0,0,,2026-09-19T02:38:56,
1217,run_1789774700_1967,0,1458,-0.7453226332789848,0.6484387962323084,V1_INV_PI,V1_INV_PI,2,0,1.0,200,0.747745,0.728564,0.819412,0.616979,0.530537,0.811305,0.992464,0.152248,0.013188,0.365556,0.103333,1.0,3.9,0,0,,2026-09-19T02:38:56,
1218,run_1789774700_1967,0,1459,0.4193319770612838,-1.1316740972977226,V1_INV_PI,V1_INV_PI,2,0,1.0,200,0.827228,0.871855,0.865805,0.599144,0.704875,0.893456,0.998485,0.0,0.033176,0.66,0.001111,1.0,4.0,0,0,,2026-09-19T02:38:56,
1219,run_1789774700_1967,0,1460,0.30864398988347297,0.9828289622018864,V1_INV_PI,V1_INV_PI,2,0,1.0,200,0.834587,0.883828,0.873087,0.599645,0.716073,0.903183,0.998877,0.0,0.036465,0.598889,0.001111,1.0,3.8,0,0,,2026-09-19T02:38:56,
1220,run_1789774700_1967,0,1461,-0.07413770381742735,0.2780228428380864,V1_INV_PI,V1_INV_PI,2,0,1.0,200,0.703776,0.643667,0.887739,0.621489,0.523157,0.745724,0.840955,0.039942,0.131701,0.453333,0.027778,0.976667,3.9,0,0,,2026-09-19T02:38:56,
1221,run_1789774700_1967,0,1462,0.6004121450927316,-1.0535585864841392,V1_INV_PI,V1_INV_PI,2,0,1.0,200,0.824919,0.871225,0.866486,0.598816,0.694441,0.889725,0.997949,0.0,0.024469,0.702222,0.001111,1.0,3.8,0,0,,2026-09-19T02:38:56,
1222,run_1789774700_1967,0,1463,0.31714670679790324,-0.17638286748558984,V1_INV_PI,V1_INV_PI,2,0,1.0,200,0.837018,0.901424,0.893216,0.600592,0.669998,0.915131,0.998809,0.0,0.068835,0.54,0.001111,1.0,3.9,0,0,,2026-09-19T02:38:56,
1223,run_1789774700_1967,0,1464,0.920868045278393,-0.749234386274914,V1_INV_PI,V1_INV_PI,2,0,1.0,200,0.811642,0.858377,0.853643,0.598452,0.658926,0.872443,0.996852,0.0,0.011863,0.802222,0.001111,1.0,3.8,0,0,,2026-09-19T02:38:56,
1224,run_1789774700_1967,0,1465,0.027462746474773425,-1.1854107914038903,V1_INV_PI,V1_INV_PI,2,0,1.0,200,0.814095,0.859768,0.85565,0.6002,0.642308,0.897045,0.99915,0.0,0.077738,0.56,0.001111,1.0,3.8,0,0,,2026-09-19T02:38:56,
1225,run_1789774700_1967,0,1466,0.7081602009422161,0.47880326942674856,V1_INV_PI,V1_INV_PI,2,0,1.0,200,0.8427,0.897246,0.891063,0.598992,0.72897,0.905524,0.998037,0.0,0.025463,0.657778,0.001111,1.0,4.1,0,0,,2026-09-19T02:38:56,
1226,run_1789774700_1967,0,1467,0.5803216308420232,1.1286395931136706,V1_INV_PI,V1_INV_PI,2,0,1.0,200,0.820921,0.865545,0.861065,0.598789,0.686255,0.886214,0.997911,0.0,0.024062,0.712222,0.001111,1.0,3.8,0,0,,2026-09-19T02:38:56,
1227,run_1789774700_1967,0,1468,0.05639622610670192,0.5159811844526887,V1_INV_PI,V1_INV_PI,2,0,1.0,200,0.70505,0.581237,0.883757,0.603586,0.508737,0.797871,0.937653,0.008823,0.013012,0.491111,0.014444,0.997778,3.8,0,0,,2026-09-19T02:38:56,
1228,run_1789774700_1967,0,1469,-0.852982605544195,-1.1751390188007707,V1_INV_PI,V1_INV_PI,2,0,1.0,200,0.773711,0.787716,0.798972,0.604419,0.592986,0.850256,0.998582,0.0,0.014139,0.411111,0.001111,1.0,3.8,0,0,,2026-09-19T02:38:56,
1229,run_1789774700_1967,0,1470,-0.5385028310580553,-0.8843552443704212,V1_INV_PI,V1_INV_PI,2,0,1.0,200,0.783117,0.791419,0.848136,0.605823,0.562794,0.889364,0.995631,0.028661,0.038957,0.414444,0.005556,1.0,4.0,0,0,,2026-09-19T02:38:56,
1230,run_1789774700_1967,0,1471,0.5885025831479238,0.18707336265443764,V1_INV_PI,V1_INV_PI,2,0,1.0,200,0.849517,0.90644,0.894588,0.599462,0.74844,0.911763,0.99846,0.0,0.025163,0.607778,0.001111,1.0,3.8,0,0,,2026-09-19T02:38:56,
1231,run_1789774700_1967,0,1472,0.04065673245193957,0.531890967641117,V1_INV_PI,V1_INV_PI,2,0,1.0,200,0.708886,0.595382,0.883261,0.603118,0.509691,0.801374,0.936162,0.006253,0.024951,0.488889,0.01,0.998889,3.8,0,0,,2026-09-19T02:38:56,
1232,run_1789774700_1967,0,1473,-0.36973556149191134,-0.37130309792930505,V1_INV_PI,V1_INV_PI,2,0,1.0,200,0.792193,0.77706,0.878469,0.682876,0.571095,0.870006,0.983739,0.128051,0.040132,0.405556,0.058889,0.893333,4.2,0,0,,2026-09-19T02:38:56,
1233,run_1789774700_1967,0,1474,-0.8154418288836438,-0.3562352640246712,V1_INV_PI,V1_INV_PI,2,0,1.0,200,0.759241,0.739431,0.810097,0.680874,0.559218,0.781866,0.997169,0.380825,0.015237,0.337778,0.287778,1.0,4.2,0,0,,2026-09-19T02:38:56,
1234,run_1789774700_1967,0,1475,-0.936463093400471,-0.01254347412122847,V1_INV_PI,V1_INV_PI,2,0,1.0,200,0.698128,0.660884,0.764059,0.620343,0.477056,0.694537,0.99672,0.256565,0.011103,0.383333,0.085556,0.616667,4.5,0,0,,2026-09-19T02:38:56,
1235,run_1789774700_1967,0,1476,-1.2947406267305106,0.4479257200543225,V1_INV_PI,V1_INV_PI,2,0,1.0,200,0.65849,0.595427,0.6777,0.616768,0.469057,0.635865,0.998166,0.051354,0.018829,0.282222,0.014444,1.0,4.7,0,0,,2026-09-19T02:38:56,
1236,run_1789774700_1967,0,1477,-1.0139133859681257,0.5263972578979077,V1_INV_PI,V1_INV_PI,2,0,1.0,200,0.726946,0.705384,0.767734,0.619683,0.531931,0.753852,0.997466,0.130551,0.013336,0.316667,0.032222,1.0,3.9,0,0,,2026-09-19T02:38:56,
1237,run_1789774700_1967,0,1478,-0.5057485393784955,1.162245630268383,V1_INV_PI,V1_INV_PI,2,0,1.0,200,0.786524,0.80901,0.8331,0.60283,0.579405,0.881715,0.998092,0.003127,0.039188,0.458889,0.001111,1.0,3.8,0,0,,2026-09-19T02:38:56,
1238,run_1789774700_1967,0,1479,0.20075023318401364,1.1229147785085132,V1_INV_PI,V1_INV_PI,2,0,1.0,200,0.827716,0.874217,0.863695,0.599746,0.699154,0.899429,0.999057,0.0,0.044044,0.592222,0.001111,1.0,3.8,0,0,,2026-09-19T02:38:56,
1239,run_1789774700_1967,0,1480,-1.1223160855824938,-0.778339114491563,V1_INV_PI,V1_INV_PI,2,0,1.0,200,0.723971,0.700126,0.751811,0.611466,0.547782,0.750969,0.997567,0.010281,0.011595,0.326667,0.001111,1.0,3.9,0,0,,2026-09-19T02:38:56,
1240,run_1789774700_1967,0,1481,-1.1649847966179312,0.37729631575335887,V1_INV_PI,V1_INV_PI,2,0,1.0,200,0.685905,0.641257,0.710806,0.620604,0.489618,0.684935,0.997973,0.106175,0.013125,0.292222,0.041111,1.0,4.3,0,0,,2026-09-19T02:38:56,
1241,run_1789774700_1967,0,1482,0.6755790817277147,-0.6276784316254613,V1_INV_PI,V1_INV_PI,2,0,1.0,200,0.839776,0.892783,0.886791,0.59899,0.723773,0.902923,0.998057,0.0,0.026007,0.663333,0.001111,1.0,3.9,0,0,,2026-09-19T02:38:56,
1242,run_1789774700_1967,0,1483,-0.9785855615202297,0.6152512274807935,V1_INV_PI,V1_INV_PI,2,0,1.0,200,0.741356,0.726299,0.781909,0.616655,0.553961,0.78148,0.997869,0.094578,0.011356,0.331111,0.01,1.0,3.9,0,0,,2026-09-19T02:38:56,
1243,run_1789774700_1967,0,1484,0.6981244700490832,0.11687764727418948,V1_INV_PI,V1_INV_PI,2,0,1.0,200,0.847269,0.904012,0.895937,0.599145,0.738886,0.909629,0.998179,0.0,0.027837,0.637778,0.001111,1.0,4.0,0,0,,2026-09-19T02:38:56,
1244,run_1789774700_1967,0,1485,-1.3249490463934686,-0.0655686095561363,V1_INV_PI,V1_INV_PI,2,0,1.0,200,0.603917,0.488685,0.65249,0.627797,0.411615,0.520774,0.998963,0.394545,0.032613,0.266667,0.276667,0.994444,4.2,0,0,,2026-09-19T02:38:56,
1245,run_1789774700_1967,0,1486,-1.3191242086774637,0.3885644518716669,V1_INV_PI,V1_INV_PI,2,0,1.0,200,0.649621,0.579237,0.67082,0.617956,0.46265,0.615954,0.998031,0.077386,0.018426,0.272222,0.018889,1.0,3.9,0,0,,2026-09-19T02:38:56,
1246,run_1789774700_1967,0,1487,0.4876261440233247,-0.17507573848643943,V1_INV_PI,V1_INV_PI,2,0,1.0,200,0.851453,0.909302,0.895262,0.599811,0.752564,0.914588,0.998625,0.0,0.03206,0.576667,0.001111,1.0,4.1,0,0,,2026-09-19T02:38:56,
1247,run_1789774700_1967,0,1488,-0.6508672544078027,0.8589400461705321,V1_INV_PI,V1_INV_PI,2,0,1.0,200,0.786014,0.800219,0.840433,0.607308,0.576854,0.885081,0.996718,0.030573,0.033063,0.396667,0.001111,1.0,4.0,0,0,,2026-09-19T02:38:56,
1248,run_1789774700_1967,0,1489,-0.17575219353481053,0.5477074301732561,V1_INV_PI,V1_INV_PI,2,0,1.0,200,0.707258,0.636776,0.879033,0.61965,0.521388,0.768434,0.865256,0.040027,0.116382,0.447778,0.036667,0.978889,3.9,0,0,,2026-09-19T02:38:56,
1249,run_1789774700_1967,0,1490,0.37617222256979455,0.684316569121229,V1_INV_PI,V1_INV_PI,2,0,1.0,200,0.843072,0.897628,0.884449,0.599833,0.731613,0.90976,0.998776,0.0,0.036049,0.58,0.001111,1.0,3.8,0,0,,2026-09-19T02:38:56,
1250,run_1789774700_1967,0,1491,-0.4800822981503363,-0.662795074147518,V1_INV_PI,V1_INV_PI,2,0,1.0,200,0.763288,0.730983,0.863871,0.613759,0.54337,0.871499,0.977781,0.098892,0.057017,0.403333,0.09,1.0,4.1,0,0,,2026-09-19T02:38:56,
1251,run_1789774700_1967,0,1492,-0.8341216117511752,0.08829263514713026,V1_INV_PI,V1_INV_PI,2,0,1.0,200,0.724438,0.700405,0.785408,0.649897,0.496957,0.734143,0.99584,0.314798,0.008371,0.35,0.172222,0.65,4.6,0,0,,2026-09-19T02:38:56,
1252,run_1789774700_1967,0,1493,0.12920960209184584,0.744546002524983,V1_INV_PI,V1_INV_PI,2,0,1.0,200,0.820532,0.875372,0.878245,0.60083,0.625836,0.907485,0.998867,0.0,0.092502,0.524444,0.001111,1.0,3.9,0,0,,2026-09-19T02:38:56,
1253,run_1789774700_1967,0,1494,-0.8317732916552282,-0.42342315008775666,V1_INV_PI,V1_INV_PI,2,0,1.0,200,0.748624,0.731698,0.803021,0.648427,0.543853,0.778375,0.997654,0.328618,0.008524,0.338889,0.225556,1.0,4.0,0,0,,2026-09-19T02:38:56,
1254,run_1789774700_1967,0,1495,0.06452647425628144,-0.06883593485357542,V1_INV_PI,V1_INV_PI,2,0,1.0,200,0.684579,0.608187,0.890737,0.61104,0.51408,0.753305,0.781055,0.022018,0.178398,0.476667,0.023333,0.988889,3.9,0,0,,2026-09-19T02:38:56,
1255,run_1789774700_1967,0,1496,-0.37340923291112804,-0.7251340466712977,V1_INV_PI,V1_INV_PI,2,0,1.0,200,0.762243,0.724861,0.866317,0.607143,0.537362,0.883399,0.9793,0.051466,0.019479,0.426667,0.054444,1.0,3.9,0,0,,2026-09-19T02:38:56,
1256,run_1789774700_1967,0,1497,-0.7276289786040686,-1.0275600294618186,V1_INV_PI,V1_INV_PI,2,0,1.0,200,0.7859,0.808045,0.822178,0.605265,0.595299,0.871397,0.998452,0.0,0.024998,0.406667,0.001111,1.0,3.9,0,0,,2026-09-19T02:38:56,
1257,run_1789774700_1967,0,1498,0.807793738976804,-0.1732046061850634,V1_INV_PI,V1_INV_PI,2,0,1.0,200,0.841948,0.897806,0.892834,0.598847,0.723214,0.904013,0.997734,0.0,0.02138,0.678889,0.001111,1.0,4.2,0,0,,2026-09-19T02:38:56,
1258,run_1789774700_1967,0,1499,-0.5333310281681869,-0.2790579828191039,V1_INV_PI,V1_INV_PI,2,0,1.0,200,0.806134,0.81576,0.851963,0.716558,0.597306,0.851549,0.997248,0.214615,0.014875,0.376667,0.072222,0.717778,4.3,0,0,,2026-09-19T02:38:56,
1259,run_1789774700_1967,0,1500,-0.5463587043525575,1.1950779574191237,V1_INV_PI,V1_INV_PI,2,0,1.0,200,0.787821,0.812706,0.828055,0.602812,0.588861,0.879395,0.998508,0.0,0.03579,0.456667,0.001111,1.0,3.9,0,0,,2026-09-19T02:38:56,
1260,run_1789774700_1967,0,1501,-0.22195947945641814,-0.4139269689772883,V1_INV_PI,V1_INV_PI,2,0,1.0,200,0.741602,0.69255,0.882571,0.640083,0.537957,0.798153,0.931001,0.068016,0.062545,0.431111,0.045556,0.953333,3.9,0,0,,2026-09-19T02:38:56,
1261,run_1789774700_1967,0,1502,-0.8267481727711848,0.4101733091965585,V1_INV_PI,V1_INV_PI,2,0,1.0,200,0.752309,0.73773,0.805409,0.652234,0.549226,0.781116,0.997858,0.339593,0.013764,0.34,0.234444,1.0,4.0,0,0,,2026-09-19T02:38:56,
1262,run_1789774700_1967,0,1503,0.6874302258168954,0.4396512418592957,V1_INV_PI,V1_INV_PI,2,0,1.0,200,0.84378,0.898737,0.89169,0.59907,0.731887,0.906524,0.998135,0.0,0.026918,0.65,0.001111,1.0,3.9,0,0,,2026-09-19T02:38:56,
1263,run_1789774700_1967,0,1504,-0.19910735392152112,1.0590925844645793,V1_INV_PI,V1_INV_PI,2,0,1.0,200,0.803711,0.841105,0.855054,0.601659,0.607932,0.893622,0.997965,0.0,0.068671,0.494444,0.001111,1.0,3.8,0,0,,2026-09-19T02:38:56,
1264,run_1789774700_1967,0,1505,0.08972491752492084,0.45455630621399346,V1_INV_PI,V1_INV_PI,2,0,1.0,200,0.671907,0.582902,0.885973,0.60444,0.509955,0.77943,0.728078,0.008058,0.20889,0.496667,0.014444,0.996667,4.0,0,0,,2026-09-19T02:38:57,
1265,run_1789774700_1967,0,1506,-0.7912360541872047,-0.7783741501754288,V1_INV_PI,V1_INV_PI,2,0,1.0,200,0.775547,0.783829,0.823359,0.610079,0.572879,0.860247,0.997365,0.036909,0.011538,0.364444,0.01,1.0,3.9,0,0,,2026-09-19T02:38:57,
1266,run_1789774700_1967,0,1507,-1.1730823264532089,0.03183994678443591,V1_INV_PI,V1_INV_PI,2,0,1.0,200,0.636521,0.560247,0.704943,0.570661,0.439325,0.596532,0.998271,0.261947,0.016346,0.338889,0.123333,0.661111,4.4,0,0,,2026-09-19T02:38:57,
1267,run_1789774700_1967,0,1508,0.5688222868227908,0.20587823588213916,V1_INV_PI,V1_INV_PI,2,0,1.0,200,0.851358,0.908016,0.895938,0.599518,0.755069,0.9133,0.998534,0.0,0.026008,0.6,0.001111,1.0,3.8,0,0,,2026-09-19T02:38:57,
1268,run_1789774700_1967,0,1509,-0.5787419005349984,0.3180872420402725,V1_INV_PI,V1_INV_PI,2,0,1.0,200,0.804955,0.812347,0.848528,0.714926,0.601124,0.850508,0.997366,0.221155,0.014514,0.366667,0.076667,0.714444,5.5,0,0,,2026-09-19T02:38:57,
1269,run_1789774700_1967,0,1510,-0.9864136767994856,0.6747500804918027,V1_INV_PI,V1_INV_PI,2,0,1.0,200,0.747249,0.737656,0.783667,0.61433,0.563686,0.793077,0.997473,0.059294,0.009271,0.33,0.001111,1.0,3.9,0,0,,2026-09-19T02:38:57,
1270,run_1789774700_1967,0,1511,-0.49215595626881004,-0.4657309072123167,V1_INV_PI,V1_INV_PI,2,0,1.0,200,0.809146,0.813522,0.870012,0.705291,0.584931,0.885441,0.992759,0.157542,0.045925,0.387778,0.063333,0.857778,4.2,0,0,,2026-09-19T02:38:57,
1271,run_1789774700_1967,0,1512,0.9212379086672637,-0.39668561341544717,V1_INV_PI,V1_INV_PI,2,0,1.0,200,0.826916,0.881181,0.876915,0.598555,0.681035,0.890529,0.997104,0.0,0.014403,0.742222,0.001111,1.0,3.9,0,0,,2026-09-19T02:38:57,
1272,run_1789774700_1967,0,1513,-0.9295078436480309,0.7143933378116856,V1_INV_PI,V1_INV_PI,2,0,1.0,200,0.758399,0.755957,0.797826,0.612971,0.568349,0.81873,0.998187,0.056699,0.013958,0.346667,0.014444,1.0,3.9,0,0,,2026-09-19T02:38:57,
1273,run_1789774700_1967,0,1514,-0.10112849998645035,-0.3273193431851521,V1_INV_PI,V1_INV_PI,2,0,1.0,200,0.716749,0.654555,0.886527,0.625121,0.526614,0.766315,0.882824,0.045781,0.064056,0.45,0.041111,0.972222,3.9,0,0,,2026-09-19T02:38:57,
1274,run_1789774700_1967,0,1515,-0.07330924892787571,-0.7007229331280328,V1_INV_PI,V1_INV_PI,2,0,1.0,200,0.795538,0.821403,0.875382,0.602445,0.569005,0.892677,0.995069,0.008058,0.071687,0.478889,0.001111,1.0,3.8,0,0,,2026-09-19T02:38:57,
1275,run_1789774700_1967,0,1516,-0.40641643694591334,0.2539349431386151,V1_INV_PI,V1_INV_PI,2,0,1.0,200,0.832254,0.854805,0.877848,0.729858,0.614905,0.902268,0.998809,0.173066,0.032873,0.393333,0.054444,0.82,4.2,0,0,,2026-09-19T02:38:57,
1276,run_1789774700_1967,0,1517,0.8450497291774073,1.1094400826617632,V1_INV_PI,V1_INV_PI,2,0,1.0,200,0.80986,0.850032,0.849142,0.598362,0.668466,0.869558,0.996818,0.0,0.012138,0.833333,0.001111,1.0,3.9,0,0,,2026-09-19T02:38:57,
1277,run_1789774700_1967,0,1518,0.06761977503728644,0.15562652343093442,V1_INV_PI,V1_INV_PI,2,0,1.0,200,0.680503,0.602328,0.89073,0.609376,0.512775,0.756366,0.763561,0.018333,0.225592,0.482222,0.018889,0.991111,4.0,0,0,,2026-09-19T02:38:57,
1278,run_1789774700_1967,0,1519,-0.49811010864401495,0.5274558609511311,V1_INV_PI,V1_INV_PI,2,0,1.0,200,0.789798,0.773392,0.867516,0.682565,0.565469,0.877211,0.98357,0.136311,0.055202,0.392222,0.072222,0.891111,4.2,0,0,,2026-09-19T02:38:57,
1279,run_1789774700_1967,0,1520,0.05576376820182527,-0.9631732314027625,V1_INV_PI,V1_INV_PI,2,0,1.0,200,0.808337,0.853739,0.867826,0.600683,0.595871,0.902879,0.998758,0.0,0.098137,0.535556,0.001111,1.0,4.6,0,0,,2026-09-19T02:38:57,
1280,run_1789774700_1967,0,1521,0.8969564031900812,0.022383623727450175,V1_INV_PI,V1_INV_PI,2,0,1.0,200,0.835543,0.891231,0.887072,0.598659,0.703966,0.89787,0.997334,0.0,0.016612,0.712222,0.001111,1.0,4.4,0,0,,2026-09-19T02:38:57,
1281,run_1789774700_1967,0,1522,-0.3652462993105421,0.5979046910619121,V1_INV_PI,V1_INV_PI,2,0,1.0,200,0.739716,0.680271,0.872536,0.635844,0.532337,0.818782,0.938154,0.069848,0.040909,0.42,0.063333,0.958889,4.1,0,0,,2026-09-19T02:38:57,
1282,run_1789774700_1967,0,1523,0.24524387329843766,-0.5026541265276133,V1_INV_PI,V1_INV_PI,2,0,1.0,200,0.805874,0.846574,0.887098,0.600712,0.566186,0.909028,0.998513,0.003127,0.1042,0.534444,0.001111,1.0,3.8,0,0,,2026-09-19T02:38:57,
1283,run_1789774700_1967,0,1524,0.787195552844282,0.6094685715311654,V1_INV_PI,V1_INV_PI,2,0,1.0,200,0.833127,0.886067,0.881292,0.598739,0.703328,0.896436,0.997605,0.0,0.019961,0.701111,0.001111,1.0,3.8,0,0,,2026-09-19T02:38:57,
1284,run_1789774700_1967,0,1525,-1.0872923122195342,1.1591730574575492,V1_INV_PI,V1_INV_PI,2,0,1.0,200,0.742513,0.734008,0.755771,0.605506,0.571897,0.796253,0.997316,0.0,0.014053,0.38,0.001111,1.0,3.9,0,0,,2026-09-19T02:38:57,
1285,run_1789774700_1967,0,1526,0.3828063647724891,0.9221808872728727,V1_INV_PI,V1_INV_PI,2,0,1.0,200,0.837878,0.887447,0.877875,0.599509,0.726403,0.904236,0.998751,0.0,0.031542,0.612222,0.001111,1.0,3.8,0,0,,2026-09-19T02:38:57,
1286,run_1789774700_1967,0,1527,0.040021027562756384,-0.10003033237986836,V1_INV_PI,V1_INV_PI,2,0,1.0,200,0.693462,0.62031,0.890138,0.614092,0.516944,0.76087,0.807189,0.030369,0.158187,0.475556,0.023333,0.985556,4.0,0,0,,2026-09-19T02:38:57,
1287,run_1789774700_1967,0,1528,-1.1884033129503335,0.6670989311842317,V1_INV_PI,V1_INV_PI,2,0,1.0,200,0.692981,0.649419,0.724271,0.613864,0.505174,0.696857,0.997345,0.036909,0.008263,0.311111,0.001111,1.0,4.3,0,0,,2026-09-19T02:38:57,
1288,run_1789774700_1967,0,1529,0.9839405670439159,0.7529044872880792,V1_INV_PI,V1_INV_PI,2,0,1.0,200,0.813959,0.85912,0.856876,0.59834,0.669809,0.872907,0.996594,0.0,0.011872,0.828889,0.001111,1.0,3.8,0,0,,2026-09-19T02:38:57,
1289,run_1789774700_1967,0,1530,0.15437349958896807,0.22455624406262498,V1_INV_PI,V1_INV_PI,2,0,1.0,200,0.713368,0.589904,0.890829,0.602691,0.508982,0.80896,0.96115,0.003127,0.023755,0.501111,0.005556,0.998889,3.9,0,0,,2026-09-19T02:38:57,
1290,run_1789774700_1967,0,1531,-0.7468361598111593,0.3172167053712154,V1_INV_PI,V1_INV_PI,2,0,1.0,200,0.776938,0.760733,0.830817,0.715387,0.571342,0.797127,0.997024,0.438805,0.006634,0.342222,0.345556,0.97,5.5,0,0,,2026-09-19T02:38:57,
1291,run_1789774700_1967,0,1532,0.3320464030736767,-1.1690734299268435,V1_INV_PI,V1_INV_PI,2,0,1.0,200,0.826398,0.870346,0.862591,0.599305,0.703956,0.894145,0.998744,0.0,0.038291,0.633333,0.001111,1.0,3.9,0,0,,2026-09-19T02:38:57,
1292,run_1789774700_1967,0,1533,0.2698216791277348,-0.2967298175162161,V1_INV_PI,V1_INV_PI,2,0,1.0,200,0.819971,0.878313,0.891351,0.600802,0.598671,0.913083,0.998714,0.0,0.103274,0.527778,0.001111,1.0,3.9,0,0,,2026-09-19T02:38:57,
1293,run_1789774700_1967,0,1534,0.7710299509924283,-0.12272712152502918,V1_INV_PI,V1_INV_PI,2,0,1.0,200,0.844932,0.900909,0.895015,0.598943,0.732817,0.906662,0.997925,0.0,0.023639,0.661111,0.001111,1.0,3.9,0,0,,2026-09-19T02:38:57,
1294,run_1789774700_1967,0,1535,0.11734072245820282,0.4435740011766145,V1_INV_PI,V1_INV_PI,2,0,1.0,200,0.666736,0.584302,0.886741,0.60362,0.508852,0.766841,0.705016,0.008823,0.147581,0.502222,0.01,0.997778,4.0,0,0,,2026-09-19T02:38:57,
1295,run_1789774700_1967,0,1536,-0.037556959760897346,0.3003803521559987,V1_INV_PI,V1_INV_PI,2,0,1.0,200,0.697005,0.633701,0.886825,0.618422,0.521044,0.746526,0.817713,0.03536,0.103615,0.464444,0.027778,0.98,4.0,0,0,,2026-09-19T02:38:57,
1296,run_1789774700_1967,0,1537,-1.426212927687275,0.9716664585830459,V1_INV_PI,V1_INV_PI,2,0,1.0,200,0.677245,0.633085,0.678635,0.607452,0.489484,0.686323,0.997932,0.0,0.009488,0.325556,0.001111,1.0,3.9,0,0,,2026-09-19T02:38:57,
1297,run_1789774700_1967,0,1538,0.054131767290020116,-0.6048520001186865,V1_INV_PI,V1_INV_PI,2,0,1.0,200,0.793441,0.815452,0.881448,0.601778,0.557966,0.894302,0.995026,0.003127,0.133031,0.497778,0.005556,1.0,4.5,0,0,,2026-09-19T02:38:57,
1298,run_1789774700_1967,0,1539,-0.32991206228068437,0.9563322967018222,V1_INV_PI,V1_INV_PI,2,0,1.0,200,0.795072,0.82256,0.855192,0.603037,0.581405,0.893447,0.996463,0.005697,0.050038,0.457778,0.001111,1.0,4.2,0,0,,2026-09-19T02:38:57,
1299,run_1789774700_1967,0,1540,0.5159206627929405,-0.9468564697025221,V1_INV_PI,V1_INV_PI,2,0,1.0,200,0.833977,0.882736,0.876301,0.599119,0.715482,0.899344,0.998371,0.0,0.030936,0.653333,0.001111,1.0,3.9,0,0,,2026-09-19T02:38:57,
1300,run_1789774700_1967,0,1541,-0.8009851894702561,-0.22455518180066958,V1_INV_PI,V1_INV_PI,2,0,1.0,200,0.748863,0.721898,0.793182,0.714839,0.533583,0.751717,0.995938,0.486477,0.008903,0.333333,0.396667,0.997778,4.3,0,0,,2026-09-19T02:38:57,
1301,run_1789774700_1967,0,1542,0.025860993217654782,-0.11672602990763581,V1_INV_PI,V1_INV_PI,2,0,1.0,200,0.694074,0.62213,0.889826,0.614824,0.516639,0.754202,0.814783,0.028925,0.114284,0.472222,0.027778,0.984444,3.8,0,0,,2026-09-19T02:38:57,
1302,run_1789774700_1967,0,1543,0.7012409523358616,0.17969448863316817,V1_INV_PI,V1_INV_PI,2,0,1.0,200,0.847264,0.903663,0.896174,0.599125,0.739369,0.909482,0.998172,0.0,0.027443,0.641111,0.001111,1.0,4.0,0,0,,2026-09-19T02:38:57,
1303,run_1789774700_1967,0,1544,-0.7938654816100313,-0.929781463206256,V1_INV_PI,V1_INV_PI,2,0,1.0,200,0.777906,0.791372,0.819568,0.607145,0.575213,0.866802,0.998357,0.012404,0.019505,0.383333,0.001111,1.0,3.9,0,0,,2026-09-19T02:38:57,
1304,run_1789774700_1967,0,1545,-1.4577556072388027,-0.4148608986084362,V1_INV_PI,V1_INV_PI,2,0,1.0,200,0.632609,0.548484,0.6449,0.615592,0.464444,0.580044,0.998274,0.06876,0.014809,0.26,0.023333,1.0,3.9,0,0,,2026-09-19T02:38:57,
1305,run_1789774700_1967,0,1546,-0.7882346928520085,-0.7112883803745649,V1_INV_PI,V1_INV_PI,2,0,1.0,200,0.772411,0.777854,0.820819,0.612489,0.573456,0.85006,0.996161,0.074878,0.013752,0.362222,0.027778,1.0,4.2,0,0,,2026-09-19T02:38:57,
1306,run_1789774700_1967,0,1547,0.769231532018186,0.6247356482590809,V1_INV_PI,V1_INV_PI,2,0,1.0,200,0.835394,0.887947,0.883563,0.598769,0.711081,0.898292,0.997675,0.0,0.020694,0.695556,0.001111,1.0,3.9,0,0,,2026-09-19T02:38:57,
1307,run_1789774700_1967,0,1548,0.1119963377895361,0.5139118246897518,V1_INV_PI,V1_INV_PI,2,0,1.0,200,0.710228,0.587245,0.884871,0.602533,0.508644,0.800891,0.95917,0.003127,0.024933,0.506667,0.005556,0.998889,4.2,0,0,,2026-09-19T02:38:57,
1308,run_1789774700_1967,0,1549,-0.06833571417408502,0.8925231471978157,V1_INV_PI,V1_INV_PI,2,0,1.0,200,0.797712,0.827913,0.867639,0.601609,0.573641,0.898042,0.997295,0.003127,0.077969,0.5,0.001111,1.0,3.9,0,0,,2026-09-19T02:38:57,
1309,run_1789774700_1967,0,1550,0.816701985523804,1.1248186949933807,V1_INV_PI,V1_INV_PI,2,0,1.0,200,0.808891,0.848835,0.847094,0.598397,0.666927,0.868529,0.996934,0.0,0.013464,0.825556,0.001111,1.0,4.2,0,0,,2026-09-19T02:38:57,
1310,run_1789774700_1967,0,1551,0.7271948725335311,0.3509941527870737,V1_INV_PI,V1_INV_PI,2,0,1.0,200,0.843693,0.899172,0.892587,0.599002,0.730216,0.906173,0.99802,0.0,0.02517,0.656667,0.001111,1.0,3.8,0,0,,2026-09-19T02:38:57,
1311,run_1789774700_1967,0,1552,-1.1872253627610492,0.09085925635399339,V1_INV_PI,V1_INV_PI,2,0,1.0,200,0.628573,0.544503,0.69942,0.564765,0.439869,0.580501,0.998425,0.2636,0.01508,0.323333,0.136667,0.676667,4.4,0,0,,2026-09-19T02:38:57,
1312,run_1789774700_1967,0,1553,-0.41621350038298766,0.49697836793896055,V1_INV_PI,V1_INV_PI,2,0,1.0,200,0.774958,0.745788,0.873614,0.666731,0.554592,0.856787,0.971685,0.110039,0.059562,0.403333,0.058889,0.915556,4.0,0,0,,2026-09-19T02:38:57,
1313,run_1789774700_1967,0,1554,-0.35114203715065107,0.4958893761906249,V1_INV_PI,V1_INV_PI,2,0,1.0,200,0.761702,0.72245,0.876513,0.654477,0.548087,0.835978,0.958874,0.091439,0.076051,0.414444,0.05,0.933333,4.2,0,0,,2026-09-19T02:38:57,
1314,run_1789774700_1967,0,1555,0.2972599239793905,-0.7508568386114431,V1_INV_PI,V1_INV_PI,2,0,1.0,200,0.838037,0.893649,0.881072,0.600036,0.708298,0.909229,0.99886,0.0,0.046828,0.565556,0.001111,1.0,3.8,0,0,,2026-09-19T02:38:57,
1315,run_1789774700_1967,0,1556,0.6797764321124231,-0.864932607873719,V1_INV_PI,V1_INV_PI,2,0,1.0,200,0.830741,0.880447,0.87562,0.598803,0.703832,0.894744,0.997863,0.0,0.023144,0.693333,0.001111,1.0,3.9,0,0,,2026-09-19T02:38:57,
1316,run_1789774700_1967,0,1557,-0.7479153262519884,-1.0053473657978216,V1_INV_PI,V1_INV_PI,2,0,1.0,200,0.782079,0.801057,0.820955,0.605761,0.583118,0.870675,0.998258,0.005697,0.032477,0.4,0.001111,1.0,4.0,0,0,,2026-09-19T02:38:57,
1317,run_1789774700_1967,0,1558,-0.8213578150303988,-0.9708845393927155,V1_INV_PI,V1_INV_PI,2,0,1.0,200,0.779767,0.798472,0.813597,0.606504,0.588899,0.860122,0.998538,0.005697,0.019396,0.385556,0.001111,1.0,3.8,0,0,,2026-09-19T02:38:57,
1318,run_1789774700_1967,0,1559,0.7757466131216684,-0.37746669909834607,V1_INV_PI,V1_INV_PI,2,0,1.0,200,0.841144,0.896168,0.890889,0.598869,0.722918,0.90353,0.997809,0.0,0.022309,0.676667,0.001111,1.0,3.8,0,0,,2026-09-19T02:38:57,
1319,run_1789774700_1967,0,1560,0.07220825147167709,-0.16139716588693398,V1_INV_PI,V1_INV_PI,2,0,1.0,200,0.67905,0.598911,0.890709,0.608481,0.512396,0.762334,0.754899,0.019541,0.215778,0.483333,0.018889,0.992222,3.9,0,0,,2026-09-19T02:38:57,
1320,run_1789774700_1967,0,1561,-0.6413094001575192,-0.21375369321250015,V1_INV_PI,V1_INV_PI,2,0,1.0,200,0.775829,0.775784,0.828523,0.689976,0.560035,0.805481,0.995203,0.234009,0.021308,0.357778,0.067778,0.647778,4.5,0,0,,2026-09-19T02:38:57,
1321,run_1789774700_1967,0,1562,0.9985808622843795,-0.4927660392441803,V1_INV_PI,V1_INV_PI,2,0,1.0,200,0.814028,0.863341,0.85899,0.598422,0.659053,0.874823,0.996661,0.0,0.012157,0.806667,0.001111,1.0,3.8,0,0,,2026-09-19T02:38:57,
1322,run_1789774700_1967,0,1563,-0.4894845469663145,0.7232311560933764,V1_INV_PI,V1_INV_PI,2,0,1.0,200,0.780064,0.775882,0.860487,0.608579,0.558145,0.890383,0.989697,0.069511,0.042325,0.41,0.054444,1.0,3.8,0,0,,2026-09-19T02:38:57,
1323,run_1789774700_1967,0,1564,-1.2121085280895953,0.06622335395007073,V1_INV_PI,V1_INV_PI,2,0,1.0,200,0.61977,0.532701,0.691319,0.558273,0.428604,0.567212,0.998559,0.255193,0.017995,0.323333,0.114444,0.676667,4.8,0,0,,2026-09-19T02:38:57,
1324,run_1789774700_1967,0,1565,0.24174194055636145,0.11566577182861248,V1_INV_PI,V1_INV_PI,2,0,1.0,200,0.812971,0.862064,0.892377,0.601148,0.579407,0.912032,0.998072,0.0,0.144539,0.52,0.001111,1.0,3.8,0,0,,2026-09-19T02:38:57,
1325,run_1789774700_1967,0,1566,0.7544515426654339,0.4777378587003891,V1_INV_PI,V1_INV_PI,2,0,1.0,200,0.840221,0.894615,0.889223,0.598877,0.721538,0.902965,0.997846,0.0,0.022967,0.674444,0.001111,1.0,4.1,0,0,,2026-09-19T02:38:58,
1326,run_1789774700_1967,0,1567,-0.32929765887671447,0.2778461773111631,V1_INV_PI,V1_INV_PI,2,0,1.0,200,0.806426,0.806881,0.881776,0.697948,0.579471,0.884469,0.987704,0.134717,0.055167,0.411111,0.054444,0.876667,4.8,0,0,,2026-09-19T02:38:58,
1327,run_1789774700_1967,0,1568,-0.015143646961922608,0.32047309673690494,V1_INV_PI,V1_INV_PI,2,0,1.0,200,0.68976,0.616519,0.886731,0.613239,0.515812,0.742767,0.812323,0.02554,0.122261,0.471111,0.027778,0.986667,5.4,0,0,,2026-09-19T02:38:58,
1328,run_1789774700_1967,0,1569,-0.5137295961301664,1.1691147141594278,V1_INV_PI,V1_INV_PI,2,0,1.0,200,0.787261,0.810788,0.832224,0.602816,0.582764,0.881208,0.998083,0.0,0.039837,0.457778,0.001111,1.0,4.0,0,0,,2026-09-19T02:38:58,
1329,run_1789774700_1967,0,1570,-0.7156660697202188,1.1967895177070196,V1_INV_PI,V1_INV_PI,2,0,1.0,200,0.780821,0.799474,0.814098,0.603606,0.588838,0.86756,0.998917,0.003127,0.038905,0.431111,0.001111,1.0,3.8,0,0,,2026-09-19T02:38:58,
1330,run_1789774700_1967,0,1571,0.8560059509943718,1.047674532497146,V1_INV_PI,V1_INV_PI,2,0,1.0,200,0.810291,0.851573,0.850015,0.59839,0.667411,0.870015,0.996819,0.0,0.011947,0.827778,0.001111,1.0,3.9,0,0,,2026-09-19T02:38:58,
1331,run_1789774700_1967,0,1572,0.39444992102757204,1.0859244827777987,V1_INV_PI,V1_INV_PI,2,0,1.0,200,0.830491,0.87638,0.868836,0.599258,0.712195,0.897043,0.998645,0.0,0.035119,0.636667,0.001111,1.0,3.9,0,0,,2026-09-19T02:38:58,
1332,run_1789774700_1967,0,1573,-1.420172507197279,-0.2868616915610128,V1_INV_PI,V1_INV_PI,2,0,1.0,200,0.621512,0.526443,0.647522,0.62052,0.444032,0.554807,0.999129,0.159701,0.012787,0.256667,0.09,1.0,3.9,0,0,,2026-09-19T02:38:58,
1333,run_1789774700_1967,0,1574,0.6511143536133277,0.7307230307015262,V1_INV_PI,V1_INV_PI,2,0,1.0,200,0.837551,0.889513,0.883329,0.598975,0.719398,0.90135,0.998097,0.0,0.026259,0.664444,0.001111,1.0,3.8,0,0,,2026-09-19T02:38:58,
1334,run_1789774700_1967,0,1575,-1.15785735666594,-0.23679299111166308,V1_INV_PI,V1_INV_PI,2,0,1.0,200,0.655581,0.55618,0.706741,0.629942,0.494155,0.649789,0.962945,0.324858,0.034551,0.287778,0.234444,0.982222,4.0,0,0,,2026-09-19T02:38:58,
1335,run_1789774700_1967,0,1576,-0.31267523368768124,-0.10418046972078265,V1_INV_PI,V1_INV_PI,2,0,1.0,200,0.828483,0.84796,0.883929,0.721983,0.613625,0.894127,0.996289,0.158951,0.057941,0.406667,0.036667,0.844444,4.1,0,0,,2026-09-19T02:38:58,
1336,run_1789774700_1967,0,1577,0.353206357170361,-1.1373128666508385,V1_INV_PI,V1_INV_PI,2,0,1.0,200,0.827928,0.872698,0.86488,0.599296,0.706824,0.895313,0.99871,0.0,0.03714,0.633333,0.001111,1.0,3.8,0,0,,2026-09-19T02:38:58,
1337,run_1789774700_1967,0,1578,0.6242450909061841,0.33696563596547024,V1_INV_PI,V1_INV_PI,2,0,1.0,200,0.847394,0.903799,0.894473,0.599302,0.740179,0.910608,0.998401,0.0,0.031539,0.623333,0.001111,1.0,3.8,0,0,,2026-09-19T02:38:58,
1338,run_1789774700_1967,0,1579,0.5160919501731733,0.8113145639469026,V1_INV_PI,V1_INV_PI,2,0,1.0,200,0.839343,0.890607,0.882978,0.599262,0.726198,0.904348,0.998488,0.0,0.032714,0.634444,0.001111,1.0,3.8,0,0,,2026-09-19T02:38:58,
1339,run_1789774700_1967,0,1580,-1.3358537585593684,-0.21416495757616916,V1_INV_PI,V1_INV_PI,2,0,1.0,200,0.61863,0.511681,0.65821,0.631431,0.440313,0.542336,0.999104,0.301308,0.011324,0.267778,0.225556,1.0,3.9,0,0,,2026-09-19T02:38:58,
1340,run_1789774700_1967,0,1581,-1.3171778747860539,0.6929268615483939,V1_INV_PI,V1_INV_PI,2,0,1.0,200,0.66983,0.612939,0.692195,0.612226,0.485273,0.656455,0.997821,0.016418,0.010819,0.298889,0.001111,1.0,3.9,0,0,,2026-09-19T02:38:58,
1341,run_1789774700_1967,0,1582,0.486655226941596,0.22611042553885596,V1_INV_PI,V1_INV_PI,2,0,1.0,200,0.850588,0.908257,0.894271,0.5998,0.750345,0.913788,0.998622,0.0,0.032035,0.58,0.001111,1.0,3.9,0,0,,2026-09-19T02:38:58,
1342,run_1789774700_1967,0,1583,-0.9651194866384414,0.283030744495425,V1_INV_PI,V1_INV_PI,2,0,1.0,200,0.720409,0.686355,0.77242,0.642361,0.520828,0.725378,0.997814,0.339261,0.011474,0.312222,0.127778,1.0,4.1,0,0,,2026-09-19T02:38:58,
1343,run_1789774700_1967,0,1584,-0.6555359564357162,0.3397896981792585,V1_INV_PI,V1_INV_PI,2,0,1.0,200,0.787379,0.785078,0.835017,0.698896,0.585335,0.824715,0.996766,0.226271,0.01682,0.36,0.072222,0.69,4.4,0,0,,2026-09-19T02:38:58,
1344,run_1789774700_1967,0,1585,-0.6082593126530331,-0.08408379019573164,V1_INV_PI,V1_INV_PI,2,0,1.0,200,0.772116,0.772284,0.827754,0.686178,0.55307,0.798876,0.994421,0.23702,0.025899,0.366667,0.067778,0.633333,4.4,0,0,,2026-09-19T02:38:58,
1345,run_1789774700_1967,0,1586,-0.0023592932473750494,0.21441860027793602,V1_INV_PI,V1_INV_PI,2,0,1.0,200,0.698317,0.630018,0.888166,0.616949,0.518911,0.748022,0.833368,0.035313,0.13926,0.466667,0.027778,0.982222,3.9,0,0,,2026-09-19T02:38:58,
1346,run_1789774700_1967,0,1587,-1.3677624159119672,-1.083951297563055,V1_INV_PI,V1_INV_PI,2,0,1.0,200,0.688094,0.65014,0.69152,0.60646,0.501346,0.706923,0.997479,0.0,0.010865,0.346667,0.001111,1.0,4.3,0,0,,2026-09-19T02:38:58,
1347,run_1789774700_1967,0,1588,-1.1395666150646147,1.061079355777837,V1_INV_PI,V1_INV_PI,2,0,1.0,200,0.711845,0.685814,0.739386,0.607059,0.517296,0.74244,0.99643,0.005697,0.013583,0.361111,0.001111,1.0,4.4,0,0,,2026-09-19T02:38:58,
1348,run_1789774700_1967,0,1589,-0.6531144053742344,0.4540484844489865,V1_INV_PI,V1_INV_PI,2,0,1.0,200,0.812633,0.813442,0.850529,0.731447,0.601108,0.880329,0.998405,0.356967,0.02041,0.364444,0.356667,0.968889,5.0,0,0,,2026-09-19T02:38:58,
1349,run_1789774700_1967,0,1590,-1.4149532397541917,-1.1721240210132418,V1_INV_PI,V1_INV_PI,2,0,1.0,200,0.694003,0.65433,0.688362,0.605543,0.523993,0.720746,0.997497,0.003127,0.011474,0.355556,0.001111,1.0,3.9,0,0,,2026-09-19T02:38:58,
1350,run_1789774700_1967,0,1591,-0.2168955240200039,-0.7489790853920167,V1_INV_PI,V1_INV_PI,2,0,1.0,200,0.688652,0.601385,0.869138,0.60552,0.51183,0.805785,0.796431,0.015975,0.005133,0.455556,0.01,0.997778,3.9,0,0,,2026-09-19T02:38:58,
1351,run_1789774700_1967,0,1592,0.8505618447865166,-0.09170794157884088,V1_INV_PI,V1_INV_PI,2,0,1.0,200,0.839187,0.895331,0.890426,0.598753,0.714025,0.901583,0.997573,0.0,0.019539,0.692222,0.001111,1.0,3.8,0,0,,2026-09-19T02:38:58,
1352,run_1789774700_1967,0,1593,-0.7343544593845408,0.8234162294646004,V1_INV_PI,V1_INV_PI,2,0,1.0,200,0.781335,0.792148,0.831857,0.608681,0.573247,0.877678,0.997193,0.036909,0.028611,0.38,0.01,1.0,3.9,0,0,,2026-09-19T02:38:58,
1353,run_1789774700_1967,0,1594,-0.2923285552648096,1.0106393573404768,V1_INV_PI,V1_INV_PI,2,0,1.0,200,0.792243,0.817098,0.853923,0.602497,0.576169,0.890774,0.996429,0.003127,0.044829,0.468889,0.001111,1.0,3.9,0,0,,2026-09-19T02:38:58,
1354,run_1789774700_1967,0,1595,-0.5936798068950067,-0.3878947867146857,V1_INV_PI,V1_INV_PI,2,0,1.0,200,0.822634,0.835715,0.858313,0.727008,0.619666,0.886875,0.99951,0.200951,0.029637,0.368889,0.063333,0.767778,4.4,0,0,,2026-09-19T02:38:58,
1355,run_1789774700_1967,0,1596,-1.3568968180451868,0.6648772864729355,V1_INV_PI,V1_INV_PI,2,0,1.0,200,0.656917,0.593695,0.678373,0.612311,0.465761,0.635443,0.998064,0.016418,0.009473,0.292222,0.001111,1.0,4.9,0,0,,2026-09-19T02:38:58,
1356,run_1789774700_1967,0,1597,-1.0623400677445936,-0.34116013972468784,V1_INV_PI,V1_INV_PI,2,0,1.0,200,0.713041,0.680528,0.752756,0.626318,0.51333,0.729392,0.997599,0.22914,0.016698,0.301111,0.118889,1.0,3.9,0,0,,2026-09-19T02:38:58,
1357,run_1789774700_1967,0,1598,0.047599330179219024,-0.9018011501210152,V1_INV_PI,V1_INV_PI,2,0,1.0,200,0.814,0.863028,0.87048,0.600874,0.614381,0.903788,0.998766,0.0,0.095289,0.524444,0.001111,1.0,3.8,0,0,,2026-09-19T02:38:58,
1358,run_1789774700_1967,0,1599,-0.8979321011216479,1.0747842477870708,V1_INV_PI,V1_INV_PI,2,0,1.0,200,0.771625,0.785552,0.795892,0.605617,0.589825,0.845256,0.998321,0.003127,0.015934,0.388889,0.001111,1.0,3.8,0,0,,2026-09-19T02:38:58,
1359,run_1789774700_1967,0,1600,0.01978149860695555,0.3636782886121708,V1_INV_PI,V1_INV_PI,2,0,1.0,200,0.688471,0.611729,0.886623,0.611063,0.51571,0.728852,0.828013,0.023321,0.059212,0.478889,0.023333,0.99,3.8,0,0,,2026-09-19T02:38:58,
1360,run_1789774700_1967,0,1601,0.5015628723139436,1.0773565526090143,V1_INV_PI,V1_INV_PI,2,0,1.0,200,0.827948,0.873681,0.868375,0.599011,0.704563,0.893303,0.998267,0.0,0.029465,0.671111,0.001111,1.0,3.8,0,0,,2026-09-19T02:38:58,
1361,run_1789774700_1967,0,1602,-1.2402798213164907,-1.07145113854034,V1_INV_PI,V1_INV_PI,2,0,1.0,200,0.689546,0.650995,0.714535,0.607107,0.488041,0.705454,0.996845,0.005697,0.011348,0.352222,0.001111,1.0,3.8,0,0,,2026-09-19T02:38:58,
1362,run_1789774700_1967,0,1603,-1.0145627394977137,-0.5998957426287747,V1_INV_PI,V1_INV_PI,2,0,1.0,200,0.732288,0.711374,0.772277,0.616768,0.546529,0.763148,0.997573,0.08162,0.011017,0.325556,0.027778,1.0,3.9,0,0,,2026-09-19T02:38:58,
1363,run_1789774700_1967,0,1604,-0.027924367506092285,-0.24564842525860742,V1_INV_PI,V1_INV_PI,2,0,1.0,200,0.699959,0.633288,0.888242,0.61796,0.520522,0.752095,0.832097,0.036908,0.149682,0.464444,0.027778,0.981111,3.9,0,0,,2026-09-19T02:38:58,
1364,run_1789774700_1967,0,1605,-0.7734447358857799,-0.7591583812460203,V1_INV_PI,V1_INV_PI,2,0,1.0,200,0.777914,0.788722,0.825803,0.61046,0.575128,0.86307,0.997098,0.046013,0.020931,0.366667,0.01,1.0,3.9,0,0,,2026-09-19T02:38:58,
1365,run_1789774700_1967,0,1606,-0.937218219334772,0.4439116028245116,V1_INV_PI,V1_INV_PI,2,0,1.0,200,0.730848,0.710268,0.781613,0.629556,0.521742,0.757909,0.997718,0.254181,0.010829,0.322222,0.165556,1.0,4.0,0,0,,2026-09-19T02:38:58,
1366,run_1789774700_1967,0,1607,-1.046885715103679,-0.5338585056119453,V1_INV_PI,V1_INV_PI,2,0,1.0,200,0.723597,0.699732,0.760876,0.619026,0.532054,0.74838,0.997426,0.111277,0.013035,0.314444,0.023333,1.0,3.9,0,0,,2026-09-19T02:38:58,
1367,run_1789774700_1967,0,1608,0.2196458272705697,-1.0765124609541659,V1_INV_PI,V1_INV_PI,2,0,1.0,200,0.82994,0.877578,0.866889,0.599769,0.703302,0.90131,0.999034,0.0,0.042905,0.587778,0.001111,1.0,3.8,0,0,,2026-09-19T02:38:58,
1368,run_1789774700_1967,0,1609,-0.657186237421418,0.27755633833130644,V1_INV_PI,V1_INV_PI,2,0,1.0,200,0.773814,0.770275,0.827912,0.688388,0.557975,0.805098,0.995598,0.230126,0.019398,0.356667,0.081111,0.664444,4.4,0,0,,2026-09-19T02:38:58,
1369,run_1789774700_1967,0,1610,0.37153861668286803,0.8085744909246981,V1_INV_PI,V1_INV_PI,2,0,1.0,200,0.840508,0.892849,0.880994,0.599694,0.728367,0.907455,0.998798,0.0,0.034024,0.594444,0.001111,1.0,3.8,0,0,,2026-09-19T02:38:58,
1370,run_1789774700_1967,0,1611,0.17587836148773217,0.26802181497070987,V1_INV_PI,V1_INV_PI,2,0,1.0,200,0.713412,0.585674,0.890552,0.602416,0.50847,0.806926,0.971591,0.003127,0.023819,0.505556,0.005556,0.998889,4.1,0,0,,2026-09-19T02:38:58,
1371,run_1789774700_1967,0,1612,0.4523777034591929,-0.6178046859846517,V1_INV_PI,V1_INV_PI,2,0,1.0,200,0.845584,0.900056,0.887422,0.599641,0.741159,0.910225,0.998689,0.0,0.03064,0.593333,0.001111,1.0,3.8,0,0,,2026-09-19T02:38:58,
1372,run_1789774700_1967,0,1613,-0.5697291797138355,0.7126660698408949,V1_INV_PI,V1_INV_PI,2,0,1.0,200,0.784448,0.78747,0.854846,0.610174,0.567432,0.89243,0.992324,0.081934,0.020026,0.395556,0.058889,1.0,3.9,0,0,,2026-09-19T02:38:58,
1373,run_1789774700_1967,0,1614,-1.2949572666692009,-0.1472596342941741,V1_INV_PI,V1_INV_PI,2,0,1.0,200,0.60631,0.489614,0.65887,0.639872,0.406936,0.521159,0.999204,0.4019,0.010938,0.266667,0.336667,1.0,4.1,0,0,,2026-09-19T02:38:58,
1374,run_1789774700_1967,0,1615,-0.062272131169393674,-0.4153011651484062,V1_INV_PI,V1_INV_PI,2,0,1.0,200,0.697816,0.63328,0.88385,0.618356,0.521263,0.737957,0.835216,0.03536,0.131466,0.463333,0.027778,0.98,3.9,0,0,,2026-09-19T02:38:58,
1375,run_1789774700_1967,0,1616,0.0957161526948953,-0.22513849969189248,V1_INV_PI,V1_INV_PI,2,0,1.0,200,0.674211,0.591543,0.889984,0.606552,0.511044,0.775613,0.72564,0.015528,0.166659,0.491111,0.014444,0.994444,4.0,0,0,,2026-09-19T02:38:58,
1376,run_1789774700_1967,0,1617,-0.5184459129868708,-0.346440832846181,V1_INV_PI,V1_INV_PI,2,0,1.0,200,0.831345,0.851203,0.866562,0.733477,0.624646,0.899355,0.999585,0.190042,0.030344,0.381111,0.058889,0.78,4.6,0,0,,2026-09-19T02:38:58,
1377,run_1789774700_1967,0,1618,0.9805725839404595,-0.86061129132524,V1_INV_PI,V1_INV_PI,2,0,1.0,200,0.81444,0.857614,0.856944,0.598293,0.67581,0.872687,0.996514,0.0,0.011806,0.843333,0.001111,1.0,3.8,0,0,,2026-09-19T02:38:58,
1378,run_1789774700_1967,0,1619,0.25648942788500206,-0.9359603040150465,V1_INV_PI,V1_INV_PI,2,0,1.0,200,0.833948,0.885359,0.873321,0.599888,0.706704,0.90519,0.99895,0.0,0.044086,0.578889,0.001111,1.0,4.0,0,0,,2026-09-19T02:38:58,
1379,run_1789774700_1967,0,1620,-1.2368817506089638,-0.529302226881352,V1_INV_PI,V1_INV_PI,2,0,1.0,200,0.670988,0.615349,0.698273,0.615916,0.477955,0.657799,0.997731,0.049983,0.01081,0.29,0.001111,1.0,3.9,0,0,,2026-09-19T02:38:58,
1380,run_1789774700_1967,0,1621,-0.3400246872222643,-0.372547999111691,V1_INV_PI,V1_INV_PI,2,0,1.0,200,0.782841,0.760819,0.879776,0.673019,0.562844,0.858247,0.977022,0.109117,0.039979,0.412222,0.058889,0.91,4.4,0,0,,2026-09-19T02:38:58,
1381,run_1789774700_1967,0,1622,-0.9172755798517194,0.18672356372185295,V1_INV_PI,V1_INV_PI,2,0,1.0,200,0.708613,0.633043,0.775413,0.662216,0.512397,0.728131,0.990856,0.393398,0.026401,0.314444,0.303333,0.93,4.2,0,0,,2026-09-19T02:38:58,
1382,run_1789774700_1967,0,1623,0.9366544949770934,0.13199837573576256,V1_INV_PI,V1_INV_PI,2,0,1.0,200,0.831284,0.886327,0.882601,0.598575,0.692612,0.893783,0.997113,0.0,0.014212,0.734444,0.001111,1.0,4.1,0,0,,2026-09-19T02:38:58,
1383,run_1789774700_1967,0,1624,-1.4371732538546167,-1.0652646671243737,V1_INV_PI,V1_INV_PI,2,0,1.0,200,0.682942,0.642159,0.679158,0.606407,0.500905,0.698317,0.997893,0.0,0.015148,0.338889,0.001111,1.0,3.9,0,0,,2026-09-19T02:38:59,
1384,run_1789774700_1967,0,1625,-0.3422597942290768,0.525554839969183,V1_INV_PI,V1_INV_PI,2,0,1.0,200,0.749733,0.702036,0.87586,0.644946,0.539681,0.821922,0.945753,0.078202,0.067369,0.415556,0.05,0.946667,4.1,0,0,,2026-09-19T02:38:59,
1385,run_1789774700_1967,0,1626,0.07745874103534067,1.0096673979001698,V1_INV_PI,V1_INV_PI,2,0,1.0,200,0.819122,0.869686,0.866519,0.600435,0.642106,0.903225,0.999052,0.0,0.080205,0.544444,0.001111,1.0,5.2,0,0,,2026-09-19T02:38:59,
1386,run_1789774700_1967,0,1627,-0.28090176096489605,0.5311528561569632,V1_INV_PI,V1_INV_PI,2,0,1.0,200,0.73482,0.682239,0.877625,0.635697,0.532409,0.795191,0.920809,0.063683,0.100343,0.428889,0.041111,0.96,3.9,0,0,,2026-09-19T02:38:59,
1387,run_1789774700_1967,0,1628,-1.1416952484032026,-0.2453876823583636,V1_INV_PI,V1_INV_PI,2,0,1.0,200,0.649918,0.551135,0.70941,0.628243,0.486437,0.628425,0.961715,0.301211,0.083181,0.288889,0.172222,0.995556,5.4,0,0,,2026-09-19T02:38:59,
1388,run_1789774700_1967,0,1629,0.5640373563950067,-0.9768424104340774,V1_INV_PI,V1_INV_PI,2,0,1.0,200,0.83084,0.87877,0.873208,0.598968,0.708271,0.895694,0.99818,0.0,0.027784,0.673333,0.001111,1.0,3.8,0,0,,2026-09-19T02:38:59,
1389,run_1789774700_1967,0,1630,0.72186099916863,-0.21424497837437528,V1_INV_PI,V1_INV_PI,2,0,1.0,200,0.845613,0.901894,0.894991,0.599063,0.734184,0.907957,0.998072,0.0,0.0261,0.652222,0.001111,1.0,4.0,0,0,,2026-09-19T02:38:59,
1390,run_1789774700_1967,0,1631,-0.8279638606550799,0.283881959643727,V1_INV_PI,V1_INV_PI,2,0,1.0,200,0.754389,0.726257,0.808101,0.703069,0.551624,0.758982,0.997055,0.417623,0.008512,0.333333,0.243333,1.0,4.1,0,0,,2026-09-19T02:38:59,
1391,run_1789774700_1967,0,1632,-0.644149814703913,0.050642638129045014,V1_INV_PI,V1_INV_PI,2,0,1.0,200,0.761141,0.757644,0.820048,0.676465,0.536101,0.78459,0.994328,0.238913,0.027009,0.376667,0.067778,0.623333,4.6,0,0,,2026-09-19T02:38:59,
1392,run_1789774700_1967,0,1633,0.5340878721638491,0.1787156792747151,V1_INV_PI,V1_INV_PI,2,0,1.0,200,0.850617,0.907932,0.894614,0.599644,0.751595,0.913158,0.998551,0.0,0.028027,0.592222,0.001111,1.0,4.0,0,0,,2026-09-19T02:38:59,
1393,run_1789774700_1967,0,1634,-1.1809224554599491,1.109798724350602,V1_INV_PI,V1_INV_PI,2,0,1.0,200,0.714031,0.688238,0.73013,0.606461,0.537135,0.74285,0.996567,0.0,0.010285,0.364444,0.001111,1.0,4.0,0,0,,2026-09-19T02:38:59,
1394,run_1789774700_1967,0,1635,0.9268780997871513,0.07377120449418695,V1_INV_PI,V1_INV_PI,2,0,1.0,200,0.832444,0.888137,0.884152,0.598595,0.694173,0.895297,0.997182,0.0,0.015126,0.726667,0.001111,1.0,3.9,0,0,,2026-09-19T02:38:59,
1395,run_1789774700_1967,0,1636,-1.1103945121659256,-0.6345466542645626,V1_INV_PI,V1_INV_PI,2,0,1.0,200,0.707893,0.673818,0.743595,0.615117,0.515163,0.725039,0.997343,0.050312,0.014485,0.318889,0.005556,1.0,4.6,0,0,,2026-09-19T02:38:59,
1396,run_1789774700_1967,0,1637,0.9368092455218711,0.29773614520148683,V1_INV_PI,V1_INV_PI,2,0,1.0,200,0.82727,0.881893,0.877626,0.598551,0.681466,0.890606,0.997065,0.0,0.013756,0.742222,0.001111,1.0,4.1,0,0,,2026-09-19T02:38:59,
1397,run_1789774700_1967,0,1638,-0.8473622904379527,-0.864749403910062,V1_INV_PI,V1_INV_PI,2,0,1.0,200,0.776207,0.790217,0.814432,0.608387,0.579402,0.856909,0.998552,0.016418,0.013801,0.367778,0.001111,1.0,4.0,0,0,,2026-09-19T02:38:59,
1398,run_1789774700_1967,0,1639,0.6808505541921588,-1.1164609288923202,V1_INV_PI,V1_INV_PI,2,0,1.0,200,0.806785,0.851073,0.844585,0.598637,0.647431,0.871945,0.997515,0.0,0.019189,0.766667,0.001111,1.0,4.0,0,0,,2026-09-19T02:38:59,
1399,run_1789774700_1967,0,1640,-0.28322008316747826,0.07440455315887662,V1_INV_PI,V1_INV_PI,2,0,1.0,200,0.820916,0.834684,0.885235,0.712874,0.600734,0.889075,0.993713,0.14606,0.05461,0.412222,0.045556,0.86,4.2,0,0,,2026-09-19T02:38:59,
1400,run_1789774700_1967,0,1641,-0.9360285844893264,-0.1044814083501231,V1_INV_PI,V1_INV_PI,2,0,1.0,200,0.702728,0.625238,0.767596,0.656485,0.493412,0.743522,0.981777,0.343403,0.045968,0.31,0.21,0.931111,4.1,0,0,,2026-09-19T02:38:59,
1401,run_1789774700_1967,0,1642,-0.8592557613451257,0.17820068521255772,V1_INV_PI,V1_INV_PI,2,0,1.0,200,0.727215,0.678165,0.784974,0.695804,0.505933,0.734872,0.996244,0.438279,0.020888,0.325556,0.303333,0.97,4.1,0,0,,2026-09-19T02:38:59,
1402,run_1789774700_1967,0,1643,-0.4252896414818421,-0.8812016677528147,V1_INV_PI,V1_INV_PI,2,0,1.0,200,0.784232,0.792649,0.854468,0.604608,0.559513,0.89366,0.994886,0.018333,0.05514,0.434444,0.005556,1.0,3.9,0,0,,2026-09-19T02:38:59,
1403,run_1789774700_1967,0,1644,-0.576357914898554,0.9129644023319254,V1_INV_PI,V1_INV_PI,2,0,1.0,200,0.780234,0.785126,0.84361,0.605948,0.562012,0.886149,0.995295,0.030573,0.025491,0.412222,0.01,1.0,4.0,0,0,,2026-09-19T02:38:59,
1404,run_1789774700_1967,0,1645,-1.3395105792986537,-0.0004029061633028519,V1_INV_PI,V1_INV_PI,2,0,1.0,200,0.59479,0.490182,0.659959,0.553069,0.414253,0.52195,0.999069,0.301867,0.010965,0.26,0.234444,0.746667,4.3,0,0,,2026-09-19T02:38:59,
1405,run_1789774700_1967,0,1646,-0.768267249573837,1.13101869491603,V1_INV_PI,V1_INV_PI,2,0,1.0,200,0.778613,0.795566,0.811273,0.60446,0.58825,0.862383,0.998441,0.003127,0.017394,0.416667,0.001111,1.0,3.9,0,0,,2026-09-19T02:38:59,
1406,run_1789774700_1967,0,1647,0.1967769054961679,-0.5143242093525179,V1_INV_PI,V1_INV_PI,2,0,1.0,200,0.82147,0.879381,0.886314,0.600926,0.614749,0.910065,0.998776,0.0,0.102758,0.521111,0.001111,1.0,4.0,0,0,,2026-09-19T02:38:59,
1407,run_1789774700_1967,0,1648,-0.12710271855964383,-0.6867378912677724,V1_INV_PI,V1_INV_PI,2,0,1.0,200,0.785724,0.795987,0.874554,0.603137,0.561538,0.88465,0.987639,0.011183,0.09216,0.468889,0.005556,1.0,4.1,0,0,,2026-09-19T02:38:59,
1408,run_1789774700_1967,0,1649,-0.5501152080388105,-1.0452350042620473,V1_INV_PI,V1_INV_PI,2,0,1.0,200,0.78922,0.811202,0.837275,0.603959,0.585134,0.885207,0.997887,0.008058,0.026004,0.434444,0.001111,1.0,3.9,0,0,,2026-09-19T02:38:59,
1409,run_1789774700_1967,0,1650,-1.298071588988533,-0.024994277061419323,V1_INV_PI,V1_INV_PI,2,0,1.0,200,0.598938,0.500396,0.664919,0.546248,0.415833,0.532935,0.998992,0.254449,0.026281,0.277778,0.107778,0.722222,4.4,0,0,,2026-09-19T02:38:59,
1410,run_1789774700_1967,0,1651,0.5079907723227426,-1.1196123433128344,V1_INV_PI,V1_INV_PI,2,0,1.0,200,0.82564,0.870456,0.865452,0.598948,0.69998,0.89091,0.998218,0.0,0.028399,0.683333,0.001111,1.0,3.8,0,0,,2026-09-19T02:38:59,
1411,run_1789774700_1967,0,1652,0.5971779305423484,-0.8002634950269771,V1_INV_PI,V1_INV_PI,2,0,1.0,200,0.837193,0.888237,0.881901,0.599055,0.720282,0.901428,0.998226,0.0,0.028503,0.657778,0.001111,1.0,3.9,0,0,,2026-09-19T02:38:59,
1412,run_1789774700_1967,0,1653,-0.4081547178494558,-0.07903248331908408,V1_INV_PI,V1_INV_PI,2,0,1.0,200,0.837352,0.861845,0.872307,0.739784,0.639199,0.895044,0.999605,0.196893,0.022935,0.396667,0.054444,0.764444,4.4,0,0,,2026-09-19T02:38:59,
1413,run_1789774700_1967,0,1654,-1.189161834681765,0.12247355589192921,V1_INV_PI,V1_INV_PI,2,0,1.0,200,0.628896,0.54388,0.698945,0.568199,0.440494,0.580076,0.998461,0.277501,0.003651,0.308889,0.156667,0.691111,4.3,0,0,,2026-09-19T02:38:59,
1414,run_1789774700_1967,0,1655,-0.9438387362033804,0.4002183662006684,V1_INV_PI,V1_INV_PI,2,0,1.0,200,0.734546,0.714793,0.785448,0.632737,0.530575,0.759022,0.997873,0.279629,0.008375,0.322222,0.156667,1.0,3.9,0,0,,2026-09-19T02:38:59,
1415,run_1789774700_1967,0,1656,0.12247775302936148,-1.0854900645452035,V1_INV_PI,V1_INV_PI,2,0,1.0,200,0.823428,0.872529,0.863927,0.600083,0.670623,0.901536,0.999138,0.0,0.062176,0.566667,0.001111,1.0,3.9,0,0,,2026-09-19T02:38:59,
1416,run_1789774700_1967,0,1657,-1.0279541631570364,0.7272207826691086,V1_INV_PI,V1_INV_PI,2,0,1.0,200,0.739789,0.724678,0.774361,0.61309,0.558018,0.781614,0.997051,0.03536,0.010906,0.334444,0.001111,1.0,3.9,0,0,,2026-09-19T02:38:59,
1417,run_1789774700_1967,0,1658,-0.8409927575159011,-0.8555151639215519,V1_INV_PI,V1_INV_PI,2,0,1.0,200,0.774504,0.786497,0.81515,0.608571,0.574947,0.855367,0.998495,0.022018,0.012892,0.366667,0.001111,1.0,3.9,0,0,,2026-09-19T02:38:59,
1418,run_1789774700_1967,0,1659,0.5713140774779966,1.1022902244196502,V1_INV_PI,V1_INV_PI,2,0,1.0,200,0.823611,0.868721,0.864196,0.598831,0.69336,0.888479,0.998004,0.0,0.025239,0.702222,0.001111,1.0,3.8,0,0,,2026-09-19T02:38:59,
1419,run_1789774700_1967,0,1660,0.9012967094726574,0.31971407206359537,V1_INV_PI,V1_INV_PI,2,0,1.0,200,0.832088,0.886743,0.88272,0.598612,0.696006,0.894768,0.997239,0.0,0.015743,0.725556,0.001111,1.0,4.6,0,0,,2026-09-19T02:38:59,
1420,run_1789774700_1967,0,1661,-1.357461450350836,0.30283710131811636,V1_INV_PI,V1_INV_PI,2,0,1.0,200,0.629889,0.538123,0.659127,0.621395,0.455009,0.567986,0.998871,0.158887,0.012584,0.265556,0.067778,1.0,4.0,0,0,,2026-09-19T02:38:59,
1421,run_1789774700_1967,0,1662,-0.9298327330434542,0.7769553781533369,V1_INV_PI,V1_INV_PI,2,0,1.0,200,0.762264,0.763964,0.799912,0.610815,0.571782,0.827537,0.998439,0.02554,0.010304,0.348889,0.005556,1.0,3.9,0,0,,2026-09-19T02:38:59,
1422,run_1789774700_1967,0,1663,0.334963646561083,0.5175552794727336,V1_INV_PI,V1_INV_PI,2,0,1.0,200,0.842377,0.901514,0.888308,0.600192,0.713328,0.912706,0.998792,0.0,0.046968,0.555556,0.001111,1.0,3.8,0,0,,2026-09-19T02:38:59,
1423,run_1789774700_1967,0,1664,0.1492045307347467,-0.059503224940082644,V1_INV_PI,V1_INV_PI,2,0,1.0,200,0.811458,0.855702,0.891351,0.601881,0.585617,0.908014,0.99669,0.0,0.116794,0.498889,0.001111,1.0,3.8,0,0,,2026-09-19T02:38:59,
1424,run_1789774700_1967,0,1665,-0.2792120677085195,1.156304693309642,V1_INV_PI,V1_INV_PI,2,0,1.0,200,0.798517,0.832142,0.845628,0.601659,0.603029,0.888257,0.997968,0.0,0.051778,0.496667,0.001111,1.0,3.8,0,0,,2026-09-19T02:38:59,
1425,run_1789774700_1967,0,1666,-0.34060445619045954,-0.2658072697532602,V1_INV_PI,V1_INV_PI,2,0,1.0,200,0.813528,0.821107,0.881761,0.706231,0.589078,0.887701,0.990235,0.142376,0.06163,0.407778,0.045556,0.865556,4.1,0,0,,2026-09-19T02:38:59,
1426,run_1789774700_1967,0,1667,-1.4710014962456968,-0.8843359030285538,V1_INV_PI,V1_INV_PI,2,0,1.0,200,0.6664,0.614834,0.665461,0.608181,0.484251,0.662028,0.99802,0.003127,0.010604,0.31,0.001111,1.0,3.9,0,0,,2026-09-19T02:38:59,
1427,run_1789774700_1967,0,1668,-1.4948259926839715,-0.7669762042459043,V1_INV_PI,V1_INV_PI,2,0,1.0,200,0.639288,0.572255,0.64944,0.609691,0.438221,0.612625,0.998183,0.003127,0.009196,0.292222,0.001111,1.0,3.9,0,0,,2026-09-19T02:38:59,
1428,run_1789774700_1967,0,1669,-1.0191723776122439,-0.8591034579742571,V1_INV_PI,V1_INV_PI,2,0,1.0,200,0.751274,0.747027,0.781109,0.609424,0.570072,0.804687,0.99816,0.012404,0.010483,0.346667,0.001111,1.0,3.9,0,0,,2026-09-19T02:38:59,
1429,run_1789774700_1967,0,1670,-1.1419978484080318,-1.0412608516254782,V1_INV_PI,V1_INV_PI,2,0,1.0,200,0.713381,0.687431,0.739127,0.607339,0.523083,0.743694,0.996909,0.003127,0.011705,0.356667,0.001111,1.0,4.5,0,0,,2026-09-19T02:38:59,
1430,run_1789774700_1967,0,1671,0.5090972333071027,-0.34560334942542636,V1_INV_PI,V1_INV_PI,2,0,1.0,200,0.849303,0.906115,0.892929,0.599659,0.748086,0.912586,0.99857,0.0,0.029453,0.592222,0.001111,1.0,4.1,0,0,,2026-09-19T02:38:59,
1431,run_1789774700_1967,0,1672,0.26452167907882584,-0.021947830318651995,V1_INV_PI,V1_INV_PI,2,0,1.0,200,0.815594,0.868376,0.892963,0.601012,0.58442,0.913316,0.998288,0.0,0.140552,0.526667,0.001111,1.0,4.2,0,0,,2026-09-19T02:38:59,
1432,run_1789774700_1967,0,1673,0.8553199784827878,0.8669032316546434,V1_INV_PI,V1_INV_PI,2,0,1.0,200,0.810676,0.857016,0.852041,0.598507,0.655608,0.872962,0.997029,0.0,0.013682,0.794444,0.001111,1.0,4.3,0,0,,2026-09-19T02:38:59,
1433,run_1789774700_1967,0,1674,-0.029503929172268073,1.1353209878087192,V1_INV_PI,V1_INV_PI,2,0,1.0,200,0.811896,0.856563,0.856668,0.600564,0.631284,0.89751,0.999008,0.0,0.088417,0.541111,0.001111,1.0,3.9,0,0,,2026-09-19T02:38:59,
1434,run_1789774700_1967,0,1675,-1.1857487070785917,0.19270532684729758,V1_INV_PI,V1_INV_PI,2,0,1.0,200,0.648551,0.560626,0.699735,0.613826,0.480196,0.611214,0.984328,0.341402,0.0224,0.283333,0.236667,0.851111,4.2,0,0,,2026-09-19T02:38:59,
1435,run_1789774700_1967,0,1676,-1.3492553217744563,-0.9440625247547307,V1_INV_PI,V1_INV_PI,2,0,1.0,200,0.686468,0.646043,0.694068,0.608181,0.499418,0.700127,0.997918,0.003127,0.011417,0.322222,0.001111,1.0,4.0,0,0,,2026-09-19T02:38:59,
1436,run_1789774700_1967,0,1677,-0.42236784793714754,-0.5162201388057789,V1_INV_PI,V1_INV_PI,2,0,1.0,200,0.773398,0.741192,0.872615,0.66467,0.553306,0.857325,0.972753,0.10249,0.062919,0.405556,0.058889,0.917778,4.5,0,0,,2026-09-19T02:38:59,
1437,run_1789774700_1967,0,1678,0.5640477704040054,-0.2350940630654207,V1_INV_PI,V1_INV_PI,2,0,1.0,200,0.851138,0.907693,0.895487,0.599523,0.754739,0.913136,0.998547,0.0,0.026118,0.598889,0.001111,1.0,3.9,0,0,,2026-09-19T02:38:59,
1438,run_1789774700_1967,0,1679,0.2189317922054581,-0.8402789353384637,V1_INV_PI,V1_INV_PI,2,0,1.0,200,0.831326,0.88678,0.876386,0.600199,0.680938,0.907716,0.998965,0.0,0.058038,0.556667,0.001111,1.0,4.0,0,0,,2026-09-19T02:38:59,
1439,run_1789774700_1967,0,1680,-0.037635592389059,0.3417219401010525,V1_INV_PI,V1_INV_PI,2,0,1.0,200,0.699175,0.633519,0.885706,0.617979,0.520658,0.743566,0.837391,0.033789,0.110852,0.462222,0.027778,0.981111,3.9,0,0,,2026-09-19T02:38:59,
1440,run_1789774700_1967,0,1681,-0.596135013617259,-0.5604231036047976,V1_INV_PI,V1_INV_PI,2,0,1.0,200,0.776281,0.739098,0.856628,0.663028,0.549403,0.885746,0.98857,0.235804,0.025924,0.38,0.232222,0.997778,4.1,0,0,,2026-09-19T02:38:59,
1441,run_1789774700_1967,0,1682,0.9617022227418777,0.9986519244785599,V1_INV_PI,V1_INV_PI,2,0,1.0,200,0.814285,0.856007,0.856492,0.598236,0.67748,0.873152,0.996531,0.0,0.011856,0.852222,0.001111,1.0,3.8,0,0,,2026-09-19T02:38:59,
1442,run_1789774700_1967,0,1683,0.29645006584677347,-0.3038483207647592,V1_INV_PI,V1_INV_PI,2,0,1.0,200,0.833401,0.897342,0.891157,0.600615,0.655831,0.914001,0.998829,0.0,0.075052,0.532222,0.001111,1.0,3.9,0,0,,2026-09-19T02:38:59,
1443,run_1789774700_1967,0,1684,0.8637233038886714,-0.8168513473594332,V1_INV_PI,V1_INV_PI,2,0,1.0,200,0.810913,0.858068,0.852595,0.598522,0.654585,0.87324,0.997035,0.0,0.013871,0.79,0.001111,1.0,3.9,0,0,,2026-09-19T02:38:59,
1444,run_1789774700_1967,0,1685,-0.028613182458759434,-0.2254549008484985,V1_INV_PI,V1_INV_PI,2,0,1.0,200,0.703408,0.640885,0.888775,0.620443,0.523221,0.752483,0.83632,0.038436,0.108032,0.463333,0.027778,0.977778,4.0,0,0,,2026-09-19T02:38:59,
1445,run_1789774700_1967,0,1686,0.7850857510517937,-0.4168092814220684,V1_INV_PI,V1_INV_PI,2,0,1.0,200,0.840377,0.894751,0.890174,0.598832,0.722025,0.902491,0.99774,0.0,0.021497,0.682222,0.001111,1.0,3.8,0,0,,2026-09-19T02:39:00,
1446,run_1789774700_1967,0,1687,-1.1607390988702266,-0.47008101459878404,V1_INV_PI,V1_INV_PI,2,0,1.0,200,0.690466,0.648508,0.718333,0.618326,0.49659,0.691541,0.997468,0.075098,0.007407,0.296667,0.018889,1.0,3.9,0,0,,2026-09-19T02:39:00,
1447,run_1789774700_1967,0,1688,-0.22434233988445484,-0.0739377648433448,V1_INV_PI,V1_INV_PI,2,0,1.0,200,0.785945,0.764022,0.886632,0.673127,0.564848,0.865972,0.975683,0.107252,0.039764,0.424444,0.054444,0.912222,4.0,0,0,,2026-09-19T02:39:00,
1448,run_1789774700_1967,0,1689,0.9993727455528134,0.46446603174546075,V1_INV_PI,V1_INV_PI,2,0,1.0,200,0.814075,0.863553,0.859181,0.598433,0.658831,0.874812,0.996655,0.0,0.012004,0.806667,0.001111,1.0,3.8,0,0,,2026-09-19T02:39:00,
1449,run_1789774700_1967,0,1690,-1.363275266470799,0.03554647419256152,V1_INV_PI,V1_INV_PI,2,0,1.0,200,0.597315,0.476205,0.645551,0.607738,0.435337,0.501985,0.997818,0.37194,0.046933,0.258889,0.303333,0.907778,4.2,0,0,,2026-09-19T02:39:00,
1450,run_1789774700_1967,0,1691,-0.32740933187745713,-1.0930201627162066,V1_INV_PI,V1_INV_PI,2,0,1.0,200,0.794642,0.824481,0.847317,0.602228,0.587377,0.889042,0.997515,0.003127,0.057014,0.477778,0.001111,1.0,3.8,0,0,,2026-09-19T02:39:00,
1451,run_1789774700_1967,0,1692,0.365678478788654,0.5467405978070123,V1_INV_PI,V1_INV_PI,2,0,1.0,200,0.843952,0.901434,0.887689,0.600031,0.725596,0.911914,0.998729,0.0,0.041185,0.566667,0.001111,1.0,3.9,0,0,,2026-09-19T02:39:00,
1452,run_1789774700_1967,0,1693,-1.0856273038990958,0.562018019976642,V1_INV_PI,V1_INV_PI,2,0,1.0,200,0.715459,0.685985,0.749007,0.617392,0.52842,0.734282,0.99732,0.072775,0.017593,0.31,0.014444,1.0,3.9,0,0,,2026-09-19T02:39:00,
1453,run_1789774700_1967,0,1694,0.5532578544011555,0.7911543663185878,V1_INV_PI,V1_INV_PI,2,0,1.0,200,0.839061,0.890561,0.883529,0.59918,0.724512,0.903867,0.998383,0.0,0.031057,0.643333,0.001111,1.0,4.1,0,0,,2026-09-19T02:39:00,
1454,run_1789774700_1967,0,1695,0.8295234895438584,-0.6064294705990164,V1_INV_PI,V1_INV_PI,2,0,1.0,200,0.829517,0.882051,0.877545,0.598656,0.693633,0.892785,0.997413,0.0,0.017417,0.721111,0.001111,1.0,3.9,0,0,,2026-09-19T02:39:00,
1455,run_1789774700_1967,0,1696,0.7523737622961235,0.3186581818415175,V1_INV_PI,V1_INV_PI,2,0,1.0,200,0.844418,0.899811,0.894285,0.598946,0.732053,0.906541,0.997942,0.0,0.023953,0.662222,0.001111,1.0,3.8,0,0,,2026-09-19T02:39:00,
1456,run_1789774700_1967,0,1697,-0.3882282339656282,1.1916773579207252,V1_INV_PI,V1_INV_PI,2,0,1.0,200,0.791608,0.819012,0.838348,0.602038,0.591203,0.882787,0.997989,0.0,0.058041,0.478889,0.001111,1.0,3.8,0,0,,2026-09-19T02:39:00,
1457,run_1789774700_1967,0,1698,0.11153259513894431,0.9529336796000718,V1_INV_PI,V1_INV_PI,2,0,1.0,200,0.81744,0.869599,0.869411,0.600433,0.627163,0.904303,0.998959,0.0,0.086513,0.544444,0.001111,1.0,4.2,0,0,,2026-09-19T02:39:00,
1458,run_1789774700_1967,0,1699,0.3919781675098044,0.9874952438085007,V1_INV_PI,V1_INV_PI,2,0,1.0,200,0.834496,0.882766,0.873962,0.599398,0.718569,0.901382,0.99872,0.0,0.035889,0.617778,0.001111,1.0,4.0,0,0,,2026-09-19T02:39:00,
1459,run_1789774700_1967,0,1700,-1.4915681270571863,-0.5820693320375112,V1_INV_PI,V1_INV_PI,2,0,1.0,200,0.632536,0.55934,0.641827,0.61178,0.437599,0.594806,0.998664,0.012404,0.010228,0.273333,0.001111,1.0,4.0,0,0,,2026-09-19T02:39:00,
1460,run_1789774700_1967,0,1701,0.20476521534024839,1.171782479777492,V1_INV_PI,V1_INV_PI,2,0,1.0,200,0.826169,0.871372,0.86219,0.599645,0.697167,0.897486,0.999021,0.0,0.042426,0.602222,0.001111,1.0,3.9,0,0,,2026-09-19T02:39:00,
1461,run_1789774700_1967,0,1702,-0.38163923309028847,0.9320340023295508,V1_INV_PI,V1_INV_PI,2,0,1.0,200,0.785898,0.798253,0.853632,0.603746,0.562256,0.892798,0.996462,0.010281,0.03755,0.446667,0.005556,1.0,3.9,0,0,,2026-09-19T02:39:00,
1462,run_1789774700_1967,0,1703,-1.0926466264327461,-0.4667508658876445,V1_INV_PI,V1_INV_PI,2,0,1.0,200,0.709028,0.676204,0.743713,0.620034,0.51472,0.723953,0.997423,0.110445,0.01651,0.301111,0.032222,1.0,3.9,0,0,,2026-09-19T02:39:00,
1463,run_1789774700_1967,0,1704,-1.420373578389017,-0.8099968609538386,V1_INV_PI,V1_INV_PI,2,0,1.0,200,0.66619,0.611414,0.672311,0.609554,0.486796,0.655852,0.99773,0.005697,0.012111,0.302222,0.001111,1.0,3.9,0,0,,2026-09-19T02:39:00,
1464,run_1789774700_1967,0,1705,-0.6857180859948087,-1.15386202059969,V1_INV_PI,V1_INV_PI,2,0,1.0,200,0.780289,0.797589,0.819748,0.60384,0.580188,0.87034,0.998497,0.003127,0.028295,0.426667,0.001111,1.0,3.9,0,0,,2026-09-19T02:39:00,
1465,run_1789774700_1967,0,1706,-1.0890937718522191,1.0114666157630012,V1_INV_PI,V1_INV_PI,2,0,1.0,200,0.735175,0.721631,0.756686,0.607447,0.555395,0.78125,0.997671,0.008058,0.010093,0.358889,0.001111,1.0,4.0,0,0,,2026-09-19T02:39:00,
1466,run_1789774700_1967,0,1707,-0.796489550959286,0.06284105865815559,V1_INV_PI,V1_INV_PI,2,0,1.0,200,0.733083,0.714741,0.795172,0.650243,0.50929,0.745856,0.995426,0.246697,0.014167,0.387778,0.067778,0.612222,4.5,0,0,,2026-09-19T02:39:00,
1467,run_1789774700_1967,0,1708,-0.15923261196838023,1.0640078129640196,V1_INV_PI,V1_INV_PI,2,0,1.0,200,0.803347,0.841324,0.856101,0.601429,0.603738,0.89405,0.998125,0.0,0.07939,0.502222,0.001111,1.0,3.8,0,0,,2026-09-19T02:39:00,
1468,run_1789774700_1967,0,1709,-1.3064936760671246,1.137975193844975,V1_INV_PI,V1_INV_PI,2,0,1.0,200,0.693447,0.65848,0.702962,0.606103,0.503353,0.7163,0.996792,0.0,0.011045,0.357778,0.001111,1.0,3.9,0,0,,2026-09-19T02:39:00,
1469,run_1789774700_1967,0,1710,-0.7492280700902457,-0.2440889653999332,V1_INV_PI,V1_INV_PI,2,0,1.0,200,0.754225,0.742847,0.810278,0.669388,0.537475,0.777439,0.995511,0.24018,0.015403,0.367778,0.067778,0.632222,4.5,0,0,,2026-09-19T02:39:00,
1470,run_1789774700_1967,0,1711,-0.5793288642656994,-0.40892186365701,V1_INV_PI,V1_INV_PI,2,0,1.0,200,0.824369,0.839192,0.861857,0.727224,0.614409,0.894205,0.999444,0.192456,0.034003,0.371111,0.063333,0.786667,4.3,0,0,,2026-09-19T02:39:00,
1471,run_1789774700_1967,0,1712,-0.6516397247083772,1.1986438422311714,V1_INV_PI,V1_INV_PI,2,0,1.0,200,0.784479,0.806182,0.820247,0.6033,0.591482,0.872597,0.998596,0.0,0.030163,0.44,0.001111,1.0,4.0,0,0,,2026-09-19T02:39:00,
1472,run_1789774700_1967,0,1713,0.02264264517411374,0.5510482380509467,V1_INV_PI,V1_INV_PI,2,0,1.0,200,0.673878,0.584031,0.882164,0.604667,0.5102,0.776665,0.745437,0.011183,0.208282,0.488889,0.014444,0.996667,3.8,0,0,,2026-09-19T02:39:00,
1473,run_1789774700_1967,0,1714,0.45203763594073276,0.9215800122199271,V1_INV_PI,V1_INV_PI,2,0,1.0,200,0.836898,0.886135,0.878103,0.599313,0.72381,0.902602,0.998601,0.0,0.033845,0.627778,0.001111,1.0,3.8,0,0,,2026-09-19T02:39:00,
1474,run_1789774700_1967,0,1715,0.021215421729287254,-0.07490966999285797,V1_INV_PI,V1_INV_PI,2,0,1.0,200,0.694936,0.624293,0.889651,0.615586,0.51738,0.760982,0.808819,0.030573,0.127671,0.474444,0.027778,0.983333,3.9,0,0,,2026-09-19T02:39:00,
1475,run_1789774700_1967,0,1716,-0.10880440499723654,0.15747854273276296,V1_INV_PI,V1_INV_PI,2,0,1.0,200,0.727504,0.674289,0.888718,0.632656,0.533441,0.776981,0.894413,0.061113,0.086573,0.447778,0.036667,0.962222,3.9,0,0,,2026-09-19T02:39:00,
1476,run_1789774700_1967,0,1717,0.5373745763398072,-0.3421841571937986,V1_INV_PI,V1_INV_PI,2,0,1.0,200,0.85015,0.90648,0.893836,0.599567,0.75209,0.912771,0.998604,0.0,0.027066,0.596667,0.001111,1.0,3.9,0,0,,2026-09-19T02:39:00,
1477,run_1789774700_1967,0,1718,-0.8621012484308206,-0.7294763685339161,V1_INV_PI,V1_INV_PI,2,0,1.0,200,0.765552,0.766617,0.810271,0.612191,0.56681,0.839347,0.997366,0.059722,0.015492,0.354444,0.018889,1.0,3.9,0,0,,2026-09-19T02:39:00,
1478,run_1789774700_1967,0,1719,0.27588255027762565,0.08368417809369055,V1_INV_PI,V1_INV_PI,2,0,1.0,200,0.815162,0.867739,0.893085,0.600927,0.582069,0.913702,0.998397,0.003127,0.131788,0.523333,0.001111,1.0,4.0,0,0,,2026-09-19T02:39:00,
1479,run_1789774700_1967,0,1720,-0.4308558788337198,0.2953416154900006,V1_INV_PI,V1_INV_PI,2,0,1.0,200,0.830733,0.851736,0.875813,0.729004,0.613618,0.901255,0.998973,0.171829,0.035232,0.391111,0.054444,0.816667,4.1,0,0,,2026-09-19T02:39:00,
1480,run_1789774700_1967,0,1721,0.18613569980420364,-0.40400423448254674,V1_INV_PI,V1_INV_PI,2,0,1.0,200,0.81962,0.875657,0.888553,0.601181,0.606426,0.909939,0.998606,0.0,0.111599,0.513333,0.001111,1.0,4.4,0,0,,2026-09-19T02:39:00,
1481,run_1789774700_1967,0,1722,-0.610286761775481,-0.34164577924216977,V1_INV_PI,V1_INV_PI,2,0,1.0,200,0.807101,0.812692,0.847408,0.715514,0.611569,0.853746,0.997951,0.220046,0.011163,0.365556,0.076667,0.717778,4.3,0,0,,2026-09-19T02:39:00,
1482,run_1789774700_1967,0,1723,-0.2820046027962211,0.1235777252878516,V1_INV_PI,V1_INV_PI,2,0,1.0,200,0.813384,0.821377,0.885059,0.704897,0.587842,0.886283,0.989514,0.141667,0.055773,0.412222,0.05,0.871111,4.2,0,0,,2026-09-19T02:39:00,
1483,run_1789774700_1967,0,1724,-0.6220189910496794,1.0096270731463528,V1_INV_PI,V1_INV_PI,2,0,1.0,200,0.781713,0.795164,0.833704,0.605007,0.568287,0.881795,0.997357,0.012404,0.048258,0.418889,0.001111,1.0,3.8,0,0,,2026-09-19T02:39:00,
1484,run_1789774700_1967,0,1725,0.6384468730592738,-0.8855199943407528,V1_INV_PI,V1_INV_PI,2,0,1.0,200,0.831929,0.881184,0.876458,0.598885,0.708185,0.896045,0.997979,0.0,0.024702,0.686667,0.001111,1.0,4.5,0,0,,2026-09-19T02:39:00,
1485,run_1789774700_1967,0,1726,-0.4689226471533443,0.4576227875760106,V1_INV_PI,V1_INV_PI,2,0,1.0,200,0.807405,0.809502,0.871657,0.702754,0.583392,0.88475,0.990978,0.150908,0.050083,0.394444,0.058889,0.861111,4.2,0,0,,2026-09-19T02:39:00,
1486,run_1789774700_1967,0,1727,-0.8054537637867021,-1.1561491475532728,V1_INV_PI,V1_INV_PI,2,0,1.0,200,0.780657,0.799316,0.805886,0.604325,0.605917,0.857394,0.998665,0.0,0.016042,0.416667,0.001111,1.0,3.8,0,0,,2026-09-19T02:39:00,
1487,run_1789774700_1967,0,1728,-0.7613032749235955,0.8212564787942489,V1_INV_PI,V1_INV_PI,2,0,1.0,200,0.780725,0.793329,0.827748,0.608837,0.577689,0.870751,0.997594,0.028925,0.022173,0.375556,0.001111,1.0,4.4,0,0,,2026-09-19T02:39:00,
1488,run_1789774700_1967,0,1729,-0.9577880590345351,-1.0894542650128882,V1_INV_PI,V1_INV_PI,2,0,1.0,200,0.762239,0.768527,0.784807,0.605762,0.581995,0.829976,0.998173,0.0,0.011535,0.385556,0.001111,1.0,4.0,0,0,,2026-09-19T02:39:00,
1489,run_1789774700_1967,0,1730,-0.4824561506144418,-1.0616223008252925,V1_INV_PI,V1_INV_PI,2,0,1.0,200,0.785811,0.80395,0.840807,0.603434,0.571063,0.88643,0.997088,0.010281,0.04714,0.444444,0.001111,1.0,4.0,0,0,,2026-09-19T02:39:00,
1490,run_1789774700_1967,0,1731,-0.11509964389575056,-1.0083317374151868,V1_INV_PI,V1_INV_PI,2,0,1.0,200,0.794455,0.823745,0.86056,0.601464,0.570648,0.893318,0.997471,0.003127,0.081299,0.505556,0.001111,1.0,4.4,0,0,,2026-09-19T02:39:00,
1491,run_1789774700_1967,0,1732,-0.34268297116918656,-1.1673525500009758,V1_INV_PI,V1_INV_PI,2,0,1.0,200,0.796834,0.828701,0.842292,0.601913,0.602263,0.886555,0.998033,0.0,0.049842,0.483333,0.001111,1.0,4.0,0,0,,2026-09-19T02:39:00,
1492,run_1789774700_1967,0,1733,-0.6403208925716664,-0.8671993689337028,V1_INV_PI,V1_INV_PI,2,0,1.0,200,0.785415,0.798934,0.840799,0.607129,0.573778,0.886099,0.996739,0.033789,0.031787,0.398889,0.001111,1.0,3.9,0,0,,2026-09-19T02:39:00,
1493,run_1789774700_1967,0,1734,-1.386893125488372,0.16586382804088418,V1_INV_PI,V1_INV_PI,2,0,1.0,200,0.608788,0.498387,0.646245,0.632837,0.421987,0.527747,0.999122,0.314078,0.016779,0.26,0.23,1.0,4.0,0,0,,2026-09-19T02:39:00,
1494,run_1789774700_1967,0,1735,0.2318399226620198,-0.8801377340259307,V1_INV_PI,V1_INV_PI,2,0,1.0,200,0.833448,0.887055,0.875617,0.600073,0.696212,0.907033,0.998962,0.0,0.051183,0.563333,0.001111,1.0,3.8,0,0,,2026-09-19T02:39:00,
1495,run_1789774700_1967,0,1736,-0.5282142205626015,-0.3314735073638989,V1_INV_PI,V1_INV_PI,2,0,1.0,200,0.829748,0.848252,0.863829,0.7333,0.627362,0.894001,0.999406,0.201902,0.018634,0.377778,0.067778,0.765556,4.3,0,0,,2026-09-19T02:39:00,
1496,run_1789774700_1967,0,1737,0.6047425747633528,0.9057637246157315,V1_INV_PI,V1_INV_PI,2,0,1.0,200,0.832831,0.882098,0.876687,0.59894,0.710991,0.897316,0.998111,0.0,0.026545,0.674444,0.001111,1.0,4.0,0,0,,2026-09-19T02:39:00,
1497,run_1789774700_1967,0,1738,-0.7498992355724896,1.1581675029183407,V1_INV_PI,V1_INV_PI,2,0,1.0,200,0.778499,0.794496,0.813012,0.604148,0.584222,0.865913,0.998542,0.003127,0.032017,0.422222,0.001111,1.0,3.9,0,0,,2026-09-19T02:39:00,
1498,run_1789774700_1967,0,1739,0.16628498359365063,-0.7046081149799215,V1_INV_PI,V1_INV_PI,2,0,1.0,200,0.819364,0.875098,0.88043,0.60073,0.615512,0.908416,0.998841,0.0,0.093009,0.53,0.001111,1.0,4.0,0,0,,2026-09-19T02:39:00,
1499,run_1789774700_1967,0,1740,-0.8970889018461299,0.6815284114575555,V1_INV_PI,V1_INV_PI,2,0,1.0,200,0.756708,0.751186,0.800928,0.61421,0.566622,0.813288,0.997695,0.07964,0.021811,0.346667,0.023333,1.0,4.0,0,0,,2026-09-19T02:39:00,
1500,run_1789774700_1967,0,1741,0.3673552151078634,-0.23748402062210938,V1_INV_PI,V1_INV_PI,2,0,1.0,200,0.844309,0.906019,0.892895,0.600289,0.712034,0.914776,0.9987,0.0,0.049329,0.546667,0.001111,1.0,3.8,0,0,,2026-09-19T02:39:00,
1501,run_1789774700_1967,0,1742,0.5914907970713545,1.0362625554148293,V1_INV_PI,V1_INV_PI,2,0,1.0,200,0.825908,0.8726,0.867678,0.598853,0.696322,0.890886,0.997979,0.0,0.025065,0.695556,0.001111,1.0,3.8,0,0,,2026-09-19T02:39:00,
1502,run_1789774700_1967,0,1743,-0.7118342248016429,-0.9303284474807629,V1_INV_PI,V1_INV_PI,2,0,1.0,200,0.782987,0.799071,0.829483,0.606605,0.57751,0.87702,0.997511,0.020198,0.027067,0.393333,0.001111,1.0,3.9,0,0,,2026-09-19T02:39:00,
1503,run_1789774700_1967,0,1744,0.26047046660669193,-0.6425565224799119,V1_INV_PI,V1_INV_PI,2,0,1.0,200,0.831985,0.892177,0.884139,0.600361,0.665286,0.910962,0.998858,0.0,0.065323,0.547778,0.001111,1.0,4.1,0,0,,2026-09-19T02:39:00,
1504,run_1789774700_1967,0,1745,0.8363605112674275,-0.8345224058150094,V1_INV_PI,V1_INV_PI,2,0,1.0,200,0.811187,0.859969,0.853671,0.598549,0.649707,0.875491,0.997212,0.0,0.015447,0.774444,0.001111,1.0,3.9,0,0,,2026-09-19T02:39:00,
1505,run_1789774700_1967,0,1746,0.40978382992627016,-0.581168877707533,V1_INV_PI,V1_INV_PI,2,0,1.0,200,0.844914,0.900733,0.886622,0.599824,0.735456,0.910889,0.998745,0.0,0.035338,0.577778,0.001111,1.0,3.8,0,0,,2026-09-19T02:39:00,
1506,run_1789774700_1967,0,1747,-0.6511001378966389,0.41486542253672054,V1_INV_PI,V1_INV_PI,2,0,1.0,200,0.814656,0.821539,0.850168,0.720766,0.615108,0.876446,0.99932,0.211321,0.020264,0.365556,0.087778,0.755556,4.3,0,0,,2026-09-19T02:39:01,
1507,run_1789774700_1967,0,1748,0.9786277172243629,-0.194106104417465,V1_INV_PI,V1_INV_PI,2,0,1.0,200,0.824104,0.878989,0.874636,0.598492,0.671201,0.887806,0.996909,0.0,0.012061,0.758889,0.001111,1.0,3.9,0,0,,2026-09-19T02:39:01,
1508,run_1789774700_1967,0,1749,-0.31390853258457896,0.26155958463374196,V1_INV_PI,V1_INV_PI,2,0,1.0,200,0.80465,0.804614,0.882788,0.696,0.578181,0.880968,0.985371,0.13154,0.063987,0.411111,0.05,0.881111,4.0,0,0,,2026-09-19T02:39:01,
1509,run_1789774700_1967,0,1750,-1.0776763719566895,0.6154468595958464,V1_INV_PI,V1_INV_PI,2,0,1.0,200,0.718812,0.691647,0.753865,0.615929,0.529976,0.742408,0.997159,0.065578,0.014846,0.317778,0.005556,1.0,4.5,0,0,,2026-09-19T02:39:01,
1510,run_1789774700_1967,0,1751,-1.3129135190266636,-0.46641870596250246,V1_INV_PI,V1_INV_PI,2,0,1.0,200,0.653863,0.587142,0.67414,0.616076,0.465748,0.626475,0.998079,0.047463,0.010676,0.282222,0.005556,1.0,3.9,0,0,,2026-09-19T02:39:01,
1511,run_1789774700_1967,0,1752,0.863661226623226,-1.0357909017269975,V1_INV_PI,V1_INV_PI,2,0,1.0,200,0.810382,0.851831,0.850085,0.598383,0.667539,0.870023,0.996795,0.0,0.011884,0.826667,0.001111,1.0,4.2,0,0,,2026-09-19T02:39:01,
1512,run_1789774700_1967,0,1753,-0.8868338628147276,-0.7812485415879991,V1_INV_PI,V1_INV_PI,2,0,1.0,200,0.769438,0.776504,0.808027,0.610476,0.576514,0.842354,0.998044,0.028925,0.010589,0.357778,0.001111,1.0,3.9,0,0,,2026-09-19T02:39:01,
1513,run_1789774700_1967,0,1754,-1.3447590867916897,0.037331312865525046,V1_INV_PI,V1_INV_PI,2,0,1.0,200,0.594336,0.484747,0.654587,0.572073,0.412513,0.515876,0.999277,0.35866,0.023915,0.261111,0.236667,0.81,4.6,0,0,,2026-09-19T02:39:01,
1514,run_1789774700_1967,0,1755,-0.3713749570183176,-0.10415281865689718,V1_INV_PI,V1_INV_PI,2,0,1.0,200,0.84031,0.866669,0.879123,0.738003,0.635195,0.905774,0.999523,0.179365,0.040394,0.4,0.041111,0.802222,4.4,0,0,,2026-09-19T02:39:01,
1515,run_1789774700_1967,0,1756,0.356959518776353,-0.33406128891184717,V1_INV_PI,V1_INV_PI,2,0,1.0,200,0.843711,0.904726,0.892007,0.600276,0.711779,0.914109,0.998694,0.0,0.048498,0.553333,0.001111,1.0,4.0,0,0,,2026-09-19T02:39:01,
1516,run_1789774700_1967,0,1757,0.3577635577611298,0.9434280443247303,V1_INV_PI,V1_INV_PI,2,0,1.0,200,0.836821,0.886345,0.876166,0.599552,0.72313,0.903915,0.998802,0.0,0.033307,0.605556,0.001111,1.0,3.9,0,0,,2026-09-19T02:39:01,
1517,run_1789774700_1967,0,1758,-0.8348327479303852,-0.5864227869902431,V1_INV_PI,V1_INV_PI,2,0,1.0,200,0.737027,0.716771,0.800237,0.621616,0.526334,0.775156,0.995547,0.186811,0.010091,0.346667,0.165556,1.0,4.1,0,0,,2026-09-19T02:39:01,
1518,run_1789774700_1967,0,1759,-0.061526131184990174,-0.6050798909643779,V1_INV_PI,V1_INV_PI,2,0,1.0,200,0.713642,0.592406,0.879076,0.603279,0.510199,0.806456,0.971264,0.011183,0.011813,0.473333,0.005556,0.998889,4.1,0,0,,2026-09-19T02:39:01,
1519,run_1789774700_1967,0,1760,0.1828908414067687,0.2594893388490753,V1_INV_PI,V1_INV_PI,2,0,1.0,200,0.810404,0.855702,0.890557,0.601445,0.578411,0.9084,0.997712,0.0,0.140161,0.507778,0.001111,1.0,3.9,0,0,,2026-09-19T02:39:01,
1520,run_1789774700_1967,0,1761,-0.28967648682898295,-0.7368034411304623,V1_INV_PI,V1_INV_PI,2,0,1.0,200,0.714542,0.626005,0.867888,0.607687,0.517607,0.836257,0.890832,0.029923,0.189218,0.443333,0.023333,1.0,4.1,0,0,,2026-09-19T02:39:01,
1521,run_1789774700_1967,0,1762,0.9590353079890095,-0.48032695660239055,V1_INV_PI,V1_INV_PI,2,0,1.0,200,0.814572,0.866608,0.860885,0.598489,0.651792,0.878067,0.996898,0.0,0.012022,0.783333,0.001111,1.0,3.8,0,0,,2026-09-19T02:39:01,
1522,run_1789774700_1967,0,1763,-0.32542937306727104,-0.9431341226364545,V1_INV_PI,V1_INV_PI,2,0,1.0,200,0.794517,0.820632,0.855966,0.60309,0.579857,0.893752,0.996398,0.008058,0.054128,0.456667,0.001111,1.0,3.9,0,0,,2026-09-19T02:39:01,
1523,run_1789774700_1967,0,1764,-0.40805031351571097,0.34238340354885266,V1_INV_PI,V1_INV_PI,2,0,1.0,200,0.81737,0.828107,0.877193,0.712401,0.591721,0.893299,0.994341,0.154825,0.041271,0.396667,0.058889,0.851111,4.2,0,0,,2026-09-19T02:39:01,
1524,run_1789774700_1967,0,1765,0.8883458605259862,-0.00951587515957053,V1_INV_PI,V1_INV_PI,2,0,1.0,200,0.837554,0.893248,0.88929,0.598674,0.709951,0.899633,0.997396,0.0,0.017324,0.706667,0.001111,1.0,4.9,0,0,,2026-09-19T02:39:01,
1525,run_1789774700_1967,0,1766,-0.9348841980630738,0.7329335079637478,V1_INV_PI,V1_INV_PI,2,0,1.0,200,0.758616,0.757164,0.797424,0.612229,0.570083,0.817707,0.998055,0.048598,0.010241,0.344444,0.005556,1.0,3.9,0,0,,2026-09-19T02:39:01,
1526,run_1789774700_1967,0,1767,-0.18575981628210236,-0.790819405332899,V1_INV_PI,V1_INV_PI,2,0,1.0,200,0.716956,0.58719,0.868482,0.603294,0.510918,0.855934,0.962429,0.011183,0.00676,0.466667,0.005556,0.998889,3.9,0,0,,2026-09-19T02:39:01,
1527,run_1789774700_1967,0,1768,-0.9537936909597107,-0.3153790365453386,V1_INV_PI,V1_INV_PI,2,0,1.0,200,0.730134,0.70319,0.778851,0.641574,0.534159,0.743427,0.997568,0.325978,0.007711,0.314444,0.143333,1.0,4.0,0,0,,2026-09-19T02:39:01,
1528,run_1789774700_1967,0,1769,-1.4782990817937203,-0.08083281798372055,V1_INV_PI,V1_INV_PI,2,0,1.0,200,0.591661,0.475137,0.625339,0.62727,0.398427,0.502449,0.999024,0.283208,0.029381,0.245556,0.156667,1.0,3.9,0,0,,2026-09-19T02:39:01,
1529,run_1789774700_1967,0,1770,0.41574856469622823,-0.8225685261875245,V1_INV_PI,V1_INV_PI,2,0,1.0,200,0.840162,0.891732,0.880474,0.599534,0.730019,0.906093,0.998739,0.0,0.031295,0.603333,0.001111,1.0,3.8,0,0,,2026-09-19T02:39:01,
1530,run_1789774700_1967,0,1771,0.1066102056082141,0.25736932761836084,V1_INV_PI,V1_INV_PI,2,0,1.0,200,0.676461,0.585909,0.88951,0.604723,0.509428,0.79339,0.736173,0.011183,0.09501,0.493333,0.014444,0.996667,3.9,0,0,,2026-09-19T02:39:01,
1531,run_1789774700_1967,0,1772,-0.4470727031052546,-0.8578601905905476,V1_INV_PI,V1_INV_PI,2,0,1.0,200,0.777821,0.771768,0.855362,0.605324,0.551479,0.892257,0.994775,0.029485,0.034346,0.427778,0.023333,1.0,3.8,0,0,,2026-09-19T02:39:01,
1532,run_1789774700_1967,0,1773,0.54549559528534,0.09944859459298017,V1_INV_PI,V1_INV_PI,2,0,1.0,200,0.851035,0.908607,0.895424,0.599629,0.752038,0.913543,0.998588,0.0,0.027478,0.592222,0.001111,1.0,3.8,0,0,,2026-09-19T02:39:01,
1533,run_1789774700_1967,0,1774,-1.2533981399897716,-0.2958034616294366,V1_INV_PI,V1_INV_PI,2,0,1.0,200,0.647343,0.564844,0.684539,0.62218,0.460213,0.609339,0.997943,0.186798,0.031324,0.277778,0.13,1.0,3.9,0,0,,2026-09-19T02:39:01,
1534,run_1789774700_1967,0,1775,0.3165347252736661,-0.08767222101728445,V1_INV_PI,V1_INV_PI,2,0,1.0,200,0.836477,0.901208,0.893486,0.600621,0.666216,0.915351,0.998827,0.0,0.070844,0.53,0.001111,1.0,3.8,0,0,,2026-09-19T02:39:01,
1535,run_1789774700_1967,0,1776,0.8765826596290607,0.33119556396585437,V1_INV_PI,V1_INV_PI,2,0,1.0,200,0.834483,0.889183,0.88496,0.598656,0.703299,0.89696,0.997373,0.0,0.01716,0.713333,0.001111,1.0,3.8,0,0,,2026-09-19T02:39:01,
1536,run_1789774700_1967,0,1777,-1.1319252129522346,-0.407495211158048,V1_INV_PI,V1_INV_PI,2,0,1.0,200,0.692624,0.650758,0.723821,0.620484,0.495299,0.695542,0.997753,0.10249,0.01127,0.3,0.045556,1.0,5.2,0,0,,2026-09-19T02:39:01,
1537,run_1789774700_1967,0,1778,0.11525645771963733,0.5297798181687357,V1_INV_PI,V1_INV_PI,2,0,1.0,200,0.786556,0.795266,0.88467,0.601591,0.546384,0.892818,0.992801,0.008058,0.110895,0.507778,0.005556,1.0,3.8,0,0,,2026-09-19T02:39:01,
1538,run_1789774700_1967,0,1779,-0.23104645806507285,-0.17773490161568017,V1_INV_PI,V1_INV_PI,2,0,1.0,200,0.778342,0.752749,0.885838,0.66759,0.559044,0.851403,0.970492,0.104613,0.045017,0.425556,0.054444,0.918889,4.0,0,0,,2026-09-19T02:39:01,
1539,run_1789774700_1967,0,1780,-0.30817115993332767,1.0765273587933286,V1_INV_PI,V1_INV_PI,2,0,1.0,200,0.794468,0.822912,0.849524,0.60221,0.585969,0.889604,0.997629,0.003127,0.061293,0.477778,0.001111,1.0,3.9,0,0,,2026-09-19T02:39:01,
1540,run_1789774700_1967,0,1781,-0.8564587019855766,-1.1852716734690654,V1_INV_PI,V1_INV_PI,2,0,1.0,200,0.772666,0.785432,0.797924,0.604357,0.592151,0.849097,0.998522,0.0,0.013454,0.413333,0.001111,1.0,3.8,0,0,,2026-09-19T02:39:01,
1541,run_1789774700_1967,0,1782,-1.2382275081193934,0.6734936128465248,V1_INV_PI,V1_INV_PI,2,0,1.0,200,0.678232,0.625505,0.710131,0.613402,0.48768,0.670396,0.997428,0.028925,0.010109,0.303333,0.001111,1.0,3.9,0,0,,2026-09-19T02:39:01,
1542,run_1789774700_1967,0,1783,-0.7356307350949568,-0.10393000135819719,V1_INV_PI,V1_INV_PI,2,0,1.0,200,0.74739,0.737455,0.806962,0.663466,0.521559,0.766676,0.994845,0.240838,0.016196,0.387778,0.072222,0.612222,4.6,0,0,,2026-09-19T02:39:01,
1543,run_1789774700_1967,0,1784,0.449304354035313,-1.0315820015550752,V1_INV_PI,V1_INV_PI,2,0,1.0,200,0.832444,0.879288,0.872742,0.59919,0.715492,0.898204,0.998521,0.0,0.033601,0.645556,0.001111,1.0,4.0,0,0,,2026-09-19T02:39:01,
1544,run_1789774700_1967,0,1785,-0.518895023855096,0.28703250537975245,V1_INV_PI,V1_INV_PI,2,0,1.0,200,0.812753,0.824877,0.856867,0.72172,0.600815,0.866351,0.997808,0.212559,0.010804,0.38,0.072222,0.738889,4.5,0,0,,2026-09-19T02:39:01,
1545,run_1789774700_1967,0,1786,-0.962996458099773,0.8707553249968527,V1_INV_PI,V1_INV_PI,2,0,1.0,200,0.761567,0.765996,0.793263,0.60888,0.574352,0.825662,0.998296,0.012404,0.011456,0.352222,0.001111,1.0,4.0,0,0,,2026-09-19T02:39:01,
1546,run_1789774700_1967,0,1787,0.6512488682762707,-0.07982880217049404,V1_INV_PI,V1_INV_PI,2,0,1.0,200,0.849498,0.906628,0.897339,0.599289,0.745251,0.912027,0.998366,0.0,0.030806,0.622222,0.001111,1.0,4.1,0,0,,2026-09-19T02:39:01,
1547,run_1789774700_1967,0,1788,-1.023003254416057,-0.7407014781417488,V1_INV_PI,V1_INV_PI,2,0,1.0,200,0.741252,0.726754,0.776273,0.612702,0.559497,0.78488,0.997073,0.036909,0.009061,0.335556,0.005556,1.0,3.9,0,0,,2026-09-19T02:39:01,
1548,run_1789774700_1967,0,1789,-1.4638261702335593,-0.8715253640985527,V1_INV_PI,V1_INV_PI,2,0,1.0,200,0.666192,0.61456,0.666129,0.608384,0.483898,0.660565,0.998035,0.0,0.010351,0.306667,0.001111,1.0,3.9,0,0,,2026-09-19T02:39:01,
1549,run_1789774700_1967,0,1790,0.8516352663366522,-0.60423983805488,V1_INV_PI,V1_INV_PI,2,0,1.0,200,0.828893,0.881432,0.877333,0.598608,0.691346,0.892281,0.99733,0.0,0.016527,0.728889,0.001111,1.0,3.8,0,0,,2026-09-19T02:39:01,
1550,run_1789774700_1967,0,1791,-0.2501556366460016,0.01581900489685295,V1_INV_PI,V1_INV_PI,2,0,1.0,200,0.805157,0.805484,0.886056,0.69505,0.578335,0.880854,0.984948,0.131372,0.06307,0.42,0.05,0.885556,4.0,0,0,,2026-09-19T02:39:01,
1551,run_1789774700_1967,0,1792,0.7781707049830451,1.1045420760538927,V1_INV_PI,V1_INV_PI,2,0,1.0,200,0.807716,0.848859,0.845696,0.598482,0.660212,0.868556,0.99706,0.0,0.0147,0.808889,0.001111,1.0,3.8,0,0,,2026-09-19T02:39:01,
1552,run_1789774700_1967,0,1793,-0.9325196480668427,0.7695736124673269,V1_INV_PI,V1_INV_PI,2,0,1.0,200,0.763798,0.767336,0.799366,0.610889,0.580183,0.824438,0.998219,0.02554,0.011787,0.348889,0.005556,1.0,3.9,0,0,,2026-09-19T02:39:01,
1553,run_1789774700_1967,0,1794,-0.6399492779150859,0.7867238582904306,V1_INV_PI,V1_INV_PI,2,0,1.0,200,0.783296,0.790606,0.845061,0.608735,0.567012,0.888303,0.995187,0.055382,0.022494,0.387778,0.027778,1.0,3.9,0,0,,2026-09-19T02:39:01,
1554,run_1789774700_1967,0,1795,0.3469374704531807,-1.0506919425317192,V1_INV_PI,V1_INV_PI,2,0,1.0,200,0.832238,0.879427,0.87025,0.599433,0.714235,0.899836,0.998786,0.0,0.035335,0.618889,0.001111,1.0,3.8,0,0,,2026-09-19T02:39:01,
1555,run_1789774700_1967,0,1796,-0.8652515544231241,-0.14562188758670702,V1_INV_PI,V1_INV_PI,2,0,1.0,200,0.723404,0.668612,0.783933,0.690148,0.4995,0.743152,0.991603,0.37319,0.025418,0.325556,0.234444,0.926667,4.2,0,0,,2026-09-19T02:39:01,
1556,run_1789774700_1967,0,1797,-0.08186752779904438,-0.6758288266891306,V1_INV_PI,V1_INV_PI,2,0,1.0,200,0.779323,0.776456,0.875964,0.602816,0.548309,0.884415,0.989887,0.015528,0.068834,0.475556,0.01,1.0,3.8,0,0,,2026-09-19T02:39:01,
1557,run_1789774700_1967,0,1798,0.18736237317785687,-0.7830693467511836,V1_INV_PI,V1_INV_PI,2,0,1.0,200,0.821958,0.878819,0.877898,0.600459,0.629626,0.908146,0.998895,0.0,0.082011,0.541111,0.001111,1.0,4.3,0,0,,2026-09-19T02:39:01,
1558,run_1789774700_1967,0,1799,0.3647071062357876,-0.9027835809297658,V1_INV_PI,V1_INV_PI,2,0,1.0,200,0.837675,0.887898,0.876142,0.599583,0.725644,0.904495,0.998805,0.0,0.033093,0.597778,0.001111,1.0,3.9,0,0,,2026-09-19T02:39:01,
1559,run_1789774700_1967,0,1800,-1.3338911070568655,-1.1899550856675594,V1_INV_PI,V1_INV_PI,2,0,1.0,200,0.699671,0.662149,0.70255,0.605627,0.524254,0.731078,0.997384,0.0,0.015025,0.366667,0.001111,1.0,4.7,0,0,,2026-09-19T02:39:01,
1560,run_1789774700_1967,0,1801,0.038649991146135765,0.4159115418158408,V1_INV_PI,V1_INV_PI,2,0,1.0,200,0.674897,0.592443,0.886065,0.605339,0.509723,0.753754,0.757029,0.013752,0.079184,0.485556,0.014444,0.996667,4.0,0,0,,2026-09-19T02:39:01,
1561,run_1789774700_1967,0,1802,0.24611852614001273,-0.029576205821976842,V1_INV_PI,V1_INV_PI,2,0,1.0,200,0.817231,0.871719,0.892062,0.601124,0.591031,0.912762,0.998366,0.0,0.13358,0.518889,0.001111,1.0,3.9,0,0,,2026-09-19T02:39:01,
1562,run_1789774700_1967,0,1803,-1.1945134403215065,0.9559290869077122,V1_INV_PI,V1_INV_PI,2,0,1.0,200,0.712064,0.685336,0.730428,0.608414,0.530631,0.737735,0.99766,0.003127,0.007726,0.338889,0.001111,1.0,3.9,0,0,,2026-09-19T02:39:01,
1563,run_1789774700_1967,0,1804,0.03310028593479153,0.7577918440948879,V1_INV_PI,V1_INV_PI,2,0,1.0,200,0.810686,0.855996,0.876157,0.601386,0.600427,0.901948,0.997998,0.0,0.107472,0.504444,0.001111,1.0,3.8,0,0,,2026-09-19T02:39:01,
1564,run_1789774700_1967,0,1805,-0.13882460007947506,0.1351739042739828,V1_INV_PI,V1_INV_PI,2,0,1.0,200,0.744718,0.699555,0.888224,0.642689,0.541209,0.79992,0.926821,0.071599,0.082018,0.438889,0.041111,0.95,3.9,0,0,,2026-09-19T02:39:01,
1565,run_1789774700_1967,0,1806,-0.39025889629631894,-0.4986303131351798,V1_INV_PI,V1_INV_PI,2,0,1.0,200,0.768649,0.733604,0.875037,0.660176,0.550713,0.848293,0.967437,0.098669,0.056556,0.406667,0.058889,0.925556,4.0,0,0,,2026-09-19T02:39:02,
1566,run_1789774700_1967,0,1807,0.2502811744052642,-1.001001872744067,V1_INV_PI,V1_INV_PI,2,0,1.0,200,0.832377,0.882182,0.870852,0.599799,0.705841,0.903415,0.998967,0.0,0.043835,0.584444,0.001111,1.0,3.8,0,0,,2026-09-19T02:39:02,
1567,run_1789774700_1967,0,1808,-1.264084601704571,-0.23357296770207492,V1_INV_PI,V1_INV_PI,2,0,1.0,200,0.627674,0.526994,0.67509,0.629803,0.436077,0.569918,0.995281,0.33383,0.032073,0.273333,0.274444,1.0,4.3,0,0,,2026-09-19T02:39:02,
1568,run_1789774700_1967,0,1809,0.4012349409539606,0.05598915414001038,V1_INV_PI,V1_INV_PI,2,0,1.0,200,0.848471,0.909151,0.894887,0.600197,0.731884,0.915569,0.998685,0.0,0.042121,0.552222,0.001111,1.0,3.9,0,0,,2026-09-19T02:39:02,
1569,run_1789774700_1967,0,1810,-0.8305642600597991,0.7265218650819885,V1_INV_PI,V1_INV_PI,2,0,1.0,200,0.769859,0.774508,0.815543,0.612175,0.570833,0.845998,0.996998,0.062404,0.009268,0.355556,0.014444,1.0,4.1,0,0,,2026-09-19T02:39:02,
1570,run_1789774700_1967,0,1811,-0.4655136709403773,-0.7235275037155238,V1_INV_PI,V1_INV_PI,2,0,1.0,200,0.778232,0.771466,0.862128,0.608086,0.552968,0.889824,0.989432,0.057431,0.027701,0.411111,0.058889,1.0,4.6,0,0,,2026-09-19T02:39:02,
1571,run_1789774700_1967,0,1812,-1.2260285304941505,0.9079594210076685,V1_INV_PI,V1_INV_PI,2,0,1.0,200,0.708982,0.679373,0.724929,0.609098,0.52994,0.732031,0.99826,0.003127,0.009132,0.331111,0.001111,1.0,4.0,0,0,,2026-09-19T02:39:02,
1572,run_1789774700_1967,0,1813,-0.21890286990627628,0.8675201584823851,V1_INV_PI,V1_INV_PI,2,0,1.0,200,0.758595,0.715504,0.863801,0.603007,0.529692,0.879705,0.98859,0.003127,0.014742,0.468889,0.005556,1.0,3.9,0,0,,2026-09-19T02:39:02,
1573,run_1789774700_1967,0,1814,0.849284578337623,-0.8784172559642487,V1_INV_PI,V1_INV_PI,2,0,1.0,200,0.81029,0.856472,0.851245,0.598508,0.655153,0.872532,0.997041,0.0,0.014159,0.792222,0.001111,1.0,3.9,0,0,,2026-09-19T02:39:02,
1574,run_1789774700_1967,0,1815,0.9842147000180876,-0.7759664870358005,V1_INV_PI,V1_INV_PI,2,0,1.0,200,0.813862,0.858675,0.856741,0.598327,0.67014,0.872837,0.99658,0.0,0.011936,0.831111,0.001111,1.0,3.8,0,0,,2026-09-19T02:39:02,
1575,run_1789774700_1967,0,1816,0.6539005135724945,0.45665978883732783,V1_INV_PI,V1_INV_PI,2,0,1.0,200,0.845397,0.900475,0.89311,0.599153,0.7362,0.908472,0.998252,0.0,0.028713,0.64,0.001111,1.0,3.8,0,0,,2026-09-19T02:39:02,
1576,run_1789774700_1967,0,1817,0.0661390299219804,0.2262199202772055,V1_INV_PI,V1_INV_PI,2,0,1.0,200,0.68008,0.599323,0.889491,0.608523,0.512379,0.749192,0.775408,0.016418,0.142788,0.481111,0.018889,0.992222,3.9,0,0,,2026-09-19T02:39:02,
1577,run_1789774700_1967,0,1818,0.7674490109502647,-1.095187293128838,V1_INV_PI,V1_INV_PI,2,0,1.0,200,0.807274,0.848676,0.844766,0.598508,0.658586,0.868383,0.997125,0.0,0.015382,0.802222,0.001111,1.0,3.8,0,0,,2026-09-19T02:39:02,
1578,run_1789774700_1967,0,1819,-0.14426065411594102,1.0189624315462578,V1_INV_PI,V1_INV_PI,2,0,1.0,200,0.802281,0.838881,0.859147,0.601543,0.597048,0.89481,0.997857,0.0,0.071814,0.502222,0.001111,1.0,3.8,0,0,,2026-09-19T02:39:02,
1579,run_1789774700_1967,0,1820,-0.5632038905284498,0.3930418328445353,V1_INV_PI,V1_INV_PI,2,0,1.0,200,0.826863,0.842881,0.863638,0.728978,0.619156,0.896449,0.999396,0.189458,0.037923,0.372222,0.058889,0.787778,4.5,0,0,,2026-09-19T02:39:02,
1580,run_1789774700_1967,0,1821,-1.4005062313976038,0.47365547982417944,V1_INV_PI,V1_INV_PI,2,0,1.0,200,0.637234,0.559641,0.65494,0.614772,0.452698,0.594791,0.998293,0.041429,0.015878,0.272222,0.005556,1.0,4.2,0,0,,2026-09-19T02:39:02,
1581,run_1789774700_1967,0,1822,0.8367313119598014,0.9259119808269329,V1_INV_PI,V1_INV_PI,2,0,1.0,200,0.809778,0.855017,0.850137,0.598501,0.65617,0.871642,0.997043,0.0,0.013736,0.795556,0.001111,1.0,4.7,0,0,,2026-09-19T02:39:02,
1582,run_1789774700_1967,0,1823,-0.13507790227561967,0.6320976947182444,V1_INV_PI,V1_INV_PI,2,0,1.0,200,0.695947,0.60573,0.876079,0.609621,0.514774,0.777622,0.852003,0.025231,0.1256,0.461111,0.025556,0.992222,3.9,0,0,,2026-09-19T02:39:02,
1583,run_1789774700_1967,0,1824,-1.3148490653410376,0.46103825684333977,V1_INV_PI,V1_INV_PI,2,0,1.0,200,0.65303,0.587489,0.673849,0.61608,0.460837,0.625408,0.998214,0.047197,0.015599,0.281111,0.001111,1.0,4.2,0,0,,2026-09-19T02:39:02,
1584,run_1789774700_1967,0,1825,0.5890397341033644,-1.1721813107675172,V1_INV_PI,V1_INV_PI,2,0,1.0,200,0.814766,0.858347,0.853417,0.598739,0.67096,0.880284,0.997798,0.0,0.022807,0.731111,0.001111,1.0,4.8,0,0,,2026-09-19T02:39:02,
1585,run_1789774700_1967,0,1826,-0.7871587904006616,0.8649214533443284,V1_INV_PI,V1_INV_PI,2,0,1.0,200,0.78071,0.796971,0.823395,0.608035,0.580879,0.8661,0.998037,0.016418,0.023798,0.376667,0.005556,1.0,4.0,0,0,,2026-09-19T02:39:02,
1586,run_1789774700_1967,0,1827,0.39611223553683317,1.183622277848399,V1_INV_PI,V1_INV_PI,2,0,1.0,200,0.825547,0.868845,0.862893,0.599127,0.703137,0.891889,0.998525,0.0,0.033768,0.658889,0.001111,1.0,3.9,0,0,,2026-09-19T02:39:02,
1587,run_1789774700_1967,0,1828,-1.3165160127662934,-0.8783350218163151,V1_INV_PI,V1_INV_PI,2,0,1.0,200,0.690782,0.650846,0.701949,0.609122,0.510992,0.700413,0.997991,0.003127,0.00926,0.317778,0.001111,1.0,3.9,0,0,,2026-09-19T02:39:02,
1588,run_1789774700_1967,0,1829,0.5051680526109124,-0.516618189549192,V1_INV_PI,V1_INV_PI,2,0,1.0,200,0.847792,0.902761,0.891186,0.599562,0.746902,0.911067,0.998629,0.0,0.027702,0.602222,0.001111,1.0,3.9,0,0,,2026-09-19T02:39:02,
1589,run_1789774700_1967,0,1830,0.5916699947416793,0.23460052884890836,V1_INV_PI,V1_INV_PI,2,0,1.0,200,0.849353,0.906045,0.894368,0.599434,0.748412,0.911612,0.99845,0.0,0.025073,0.607778,0.001111,1.0,3.8,0,0,,2026-09-19T02:39:02,
1590,run_1789774700_1967,0,1831,0.07985236103466509,-1.0435292705180463,V1_INV_PI,V1_INV_PI,2,0,1.0,200,0.819962,0.869898,0.864929,0.60034,0.649926,0.902311,0.999074,0.0,0.07536,0.553333,0.001111,1.0,3.9,0,0,,2026-09-19T02:39:02,
1591,run_1789774700_1967,0,1832,-0.5259061573892524,0.8363251786581223,V1_INV_PI,V1_INV_PI,2,0,1.0,200,0.779458,0.777531,0.852138,0.60674,0.555566,0.892463,0.993593,0.044115,0.02428,0.412222,0.027778,1.0,3.8,0,0,,2026-09-19T02:39:02,
1592,run_1789774700_1967,0,1833,-0.8311193291160921,-0.6324966538155576,V1_INV_PI,V1_INV_PI,2,0,1.0,200,0.741318,0.722039,0.802803,0.618143,0.535183,0.787194,0.995401,0.151279,0.015997,0.347778,0.112222,1.0,5.2,0,0,,2026-09-19T02:39:02,
1593,run_1789774700_1967,0,1834,0.8153371881430225,0.5484247570021064,V1_INV_PI,V1_INV_PI,2,0,1.0,200,0.833807,0.88695,0.882901,0.598711,0.704757,0.896593,0.997504,0.0,0.01888,0.708889,0.001111,1.0,3.9,0,0,,2026-09-19T02:39:02,
1594,run_1789774700_1967,0,1835,-1.395319416460592,-1.1118153156842758,V1_INV_PI,V1_INV_PI,2,0,1.0,200,0.688201,0.649679,0.68834,0.606098,0.50548,0.707761,0.997527,0.0,0.010662,0.35,0.001111,1.0,5.2,0,0,,2026-09-19T02:39:02,
1595,run_1789774700_1967,0,1836,-0.25577141752097843,-0.32895299290434377,V1_INV_PI,V1_INV_PI,2,0,1.0,200,0.763613,0.728948,0.88349,0.656193,0.550105,0.830885,0.955165,0.08834,0.055003,0.423333,0.05,0.933333,4.1,0,0,,2026-09-19T02:39:02,
1596,run_1789774700_1967,0,1837,0.0038647704939540617,0.6372128930845617,V1_INV_PI,V1_INV_PI,2,0,1.0,200,0.776381,0.77185,0.879473,0.602262,0.545453,0.87755,0.984717,0.012404,0.170131,0.492222,0.01,1.0,3.9,0,0,,2026-09-19T02:39:02,
1597,run_1789774700_1967,0,1838,-0.6344632226045661,-0.45878893787482045,V1_INV_PI,V1_INV_PI,2,0,1.0,200,0.817195,0.822697,0.85398,0.731149,0.604572,0.888731,0.998374,0.295714,0.02282,0.37,0.232222,0.921111,4.3,0,0,,2026-09-19T02:39:02,
1598,run_1789774700_1967,0,1839,0.0974287732470378,-0.37682846204380316,V1_INV_PI,V1_INV_PI,2,0,1.0,200,0.668765,0.587845,0.887578,0.604829,0.509904,0.74072,0.735661,0.008058,0.061947,0.493333,0.01,0.996667,3.9,0,0,,2026-09-19T02:39:02,
1599,run_1789774700_1967,0,1840,-0.9286129841807531,0.630613190581327,V1_INV_PI,V1_INV_PI,2,0,1.0,200,0.749287,0.739464,0.791747,0.616476,0.559145,0.797672,0.997767,0.104412,0.011486,0.337778,0.032222,1.0,4.1,0,0,,2026-09-19T02:39:02,
1600,run_1789774700_1967,0,1841,-0.8651391791521299,0.9528360738101342,V1_INV_PI,V1_INV_PI,2,0,1.0,200,0.773453,0.786088,0.808304,0.607073,0.579917,0.852259,0.998655,0.010281,0.011549,0.373333,0.001111,1.0,4.8,0,0,,2026-09-19T02:39:02,
1601,run_1789774700_1967,0,1842,0.9293895067059554,0.18892095172179357,V1_INV_PI,V1_INV_PI,2,0,1.0,200,0.831611,0.886659,0.882955,0.598581,0.693395,0.894239,0.997141,0.0,0.01461,0.732222,0.001111,1.0,4.1,0,0,,2026-09-19T02:39:02,
1602,run_1789774700_1967,0,1843,0.4724383488478472,0.2779769618194119,V1_INV_PI,V1_INV_PI,2,0,1.0,200,0.850024,0.907768,0.893803,0.599831,0.747772,0.913828,0.998647,0.0,0.033253,0.576667,0.001111,1.0,3.9,0,0,,2026-09-19T02:39:02,
1603,run_1789774700_1967,0,1844,0.04434202699401535,0.6654775550112582,V1_INV_PI,V1_INV_PI,2,0,1.0,200,0.799762,0.832693,0.879262,0.601657,0.570862,0.896271,0.995872,0.005697,0.140719,0.502222,0.001111,1.0,4.1,0,0,,2026-09-19T02:39:02,
1604,run_1789774700_1967,0,1845,0.757275638186699,0.5141730305427759,V1_INV_PI,V1_INV_PI,2,0,1.0,200,0.839449,0.893273,0.888255,0.598853,0.720578,0.902031,0.997824,0.0,0.022341,0.678889,0.001111,1.0,3.9,0,0,,2026-09-19T02:39:02,
1605,run_1789774700_1967,0,1846,0.8588333915447683,1.1844266345039005,V1_INV_PI,V1_INV_PI,2,0,1.0,200,0.810951,0.849573,0.850333,0.598278,0.674742,0.870305,0.996729,0.0,0.011349,0.848889,0.001111,1.0,3.9,0,0,,2026-09-19T02:39:02,
1606,run_1789774700_1967,0,1847,-0.2549850337296833,0.48528074177165226,V1_INV_PI,V1_INV_PI,2,0,1.0,200,0.737896,0.685506,0.87962,0.637714,0.53452,0.796915,0.928029,0.065578,0.083836,0.432222,0.045556,0.955556,4.0,0,0,,2026-09-19T02:39:02,
1607,run_1789774700_1967,0,1848,0.16136308849425474,-0.18935531534260708,V1_INV_PI,V1_INV_PI,2,0,1.0,200,0.804598,0.840406,0.891329,0.601718,0.568047,0.905805,0.996411,0.003127,0.147735,0.5,0.001111,1.0,4.2,0,0,,2026-09-19T02:39:02,
1608,run_1789774700_1967,0,1849,-1.0770102241970811,-0.4610423458399986,V1_INV_PI,V1_INV_PI,2,0,1.0,200,0.710532,0.679319,0.747567,0.620413,0.512939,0.726175,0.997586,0.126928,0.016931,0.305556,0.045556,1.0,4.0,0,0,,2026-09-19T02:39:02,
1609,run_1789774700_1967,0,1850,-0.39222263240655253,1.1650480472678912,V1_INV_PI,V1_INV_PI,2,0,1.0,200,0.796241,0.827183,0.839547,0.602179,0.604464,0.885194,0.99825,0.0,0.048923,0.475556,0.001111,1.0,3.9,0,0,,2026-09-19T02:39:02,
1610,run_1789774700_1967,0,1851,-0.7668300152190961,-0.3253146791384258,V1_INV_PI,V1_INV_PI,2,0,1.0,200,0.782391,0.763185,0.828525,0.737066,0.580994,0.800241,0.997142,0.456487,0.006747,0.34,0.361111,1.0,4.2,0,0,,2026-09-19T02:39:02,
1611,run_1789774700_1967,0,1852,-0.9086272441136007,-0.6265376196461051,V1_INV_PI,V1_INV_PI,2,0,1.0,200,0.748105,0.73599,0.794307,0.617039,0.557293,0.794692,0.997387,0.119451,0.01022,0.338889,0.041111,1.0,4.1,0,0,,2026-09-19T02:39:02,
1612,run_1789774700_1967,0,1853,-0.44224806011513973,1.1598412458466296,V1_INV_PI,V1_INV_PI,2,0,1.0,200,0.79893,0.830803,0.837221,0.602425,0.617637,0.885666,0.998581,0.0,0.040075,0.466667,0.001111,1.0,3.9,0,0,,2026-09-19T02:39:02,
1613,run_1789774700_1967,0,1854,0.42838263028512347,0.5106723433276386,V1_INV_PI,V1_INV_PI,2,0,1.0,200,0.847101,0.903202,0.889304,0.599825,0.742219,0.911944,0.998711,0.0,0.03412,0.575556,0.001111,1.0,3.8,0,0,,2026-09-19T02:39:02,
1614,run_1789774700_1967,0,1855,0.6249051580950313,0.6990822626110518,V1_INV_PI,V1_INV_PI,2,0,1.0,200,0.839665,0.892348,0.885608,0.599066,0.723816,0.903819,0.998212,0.0,0.028288,0.651111,0.001111,1.0,3.8,0,0,,2026-09-19T02:39:02,
1615,run_1789774700_1967,0,1856,0.8087165570899209,0.6182454914521551,V1_INV_PI,V1_INV_PI,2,0,1.0,200,0.83224,0.884794,0.880756,0.598689,0.701321,0.895352,0.997496,0.0,0.018471,0.712222,0.001111,1.0,3.8,0,0,,2026-09-19T02:39:02,
1616,run_1789774700_1967,0,1857,-0.9528510378490402,0.3957021430262293,V1_INV_PI,V1_INV_PI,2,0,1.0,200,0.730209,0.707857,0.780895,0.632466,0.522596,0.754495,0.997848,0.27838,0.009006,0.317778,0.19,1.0,3.9,0,0,,2026-09-19T02:39:02,
1617,run_1789774700_1967,0,1858,0.3931298811810362,0.9055276695562522,V1_INV_PI,V1_INV_PI,2,0,1.0,200,0.83854,0.88839,0.878724,0.599497,0.728043,0.904615,0.998739,0.0,0.031043,0.611111,0.001111,1.0,4.1,0,0,,2026-09-19T02:39:02,
1618,run_1789774700_1967,0,1859,-0.5911876511829983,-0.9871298933886594,V1_INV_PI,V1_INV_PI,2,0,1.0,200,0.785097,0.801599,0.837522,0.604904,0.572621,0.885273,0.997663,0.008058,0.046887,0.42,0.001111,1.0,4.0,0,0,,2026-09-19T02:39:02,
1619,run_1789774700_1967,0,1860,-1.0665867770215243,-0.39337609011964103,V1_INV_PI,V1_INV_PI,2,0,1.0,200,0.711848,0.679546,0.749833,0.623687,0.516405,0.725462,0.997692,0.17457,0.016369,0.303333,0.085556,1.0,3.9,0,0,,2026-09-19T02:39:02,
1620,run_1789774700_1967,0,1861,-1.228601068203206,-0.5694591857015828,V1_INV_PI,V1_INV_PI,2,0,1.0,200,0.675171,0.621292,0.703931,0.615422,0.483268,0.665403,0.997629,0.052711,0.009662,0.296667,0.005556,1.0,3.9,0,0,,2026-09-19T02:39:02,
1621,run_1789774700_1967,0,1862,0.29993562550328257,0.9019028172129067,V1_INV_PI,V1_INV_PI,2,0,1.0,200,0.836576,0.888038,0.875795,0.599792,0.716788,0.905846,0.998888,0.0,0.03989,0.582222,0.001111,1.0,3.9,0,0,,2026-09-19T02:39:02,
1622,run_1789774700_1967,0,1863,0.10536076938381944,0.9907972714797368,V1_INV_PI,V1_INV_PI,2,0,1.0,200,0.813591,0.863958,0.86778,0.600378,0.613503,0.903381,0.998971,0.0,0.086906,0.547778,0.001111,1.0,3.9,0,0,,2026-09-19T02:39:02,
1623,run_1789774700_1967,0,1864,-0.13784698223386505,-0.2966951555755245,V1_INV_PI,V1_INV_PI,2,0,1.0,200,0.727369,0.674951,0.886652,0.63286,0.533116,0.77539,0.89619,0.058002,0.091438,0.443333,0.036667,0.962222,4.1,0,0,,2026-09-19T02:39:02,
1624,run_1789774700_1967,0,1865,-0.36291174628056155,-0.09989417103999387,V1_INV_PI,V1_INV_PI,2,0,1.0,200,0.838608,0.864302,0.879853,0.736031,0.630817,0.904023,0.999492,0.176524,0.037657,0.4,0.045556,0.807778,5.4,0,0,,2026-09-19T02:39:02,
1625,run_1789774700_1967,0,1866,-0.6577977399936644,-0.9445461174083215,V1_INV_PI,V1_INV_PI,2,0,1.0,200,0.788534,0.809935,0.834756,0.605894,0.585136,0.883394,0.997823,0.012404,0.034992,0.404444,0.001111,1.0,5.1,0,0,,2026-09-19T02:39:02,
1626,run_1789774700_1967,0,1867,-0.12314462677525317,-1.1068832811169425,V1_INV_PI,V1_INV_PI,2,0,1.0,200,0.800632,0.837192,0.855031,0.601105,0.59464,0.893281,0.998171,0.0,0.090213,0.516667,0.001111,1.0,3.8,0,0,,2026-09-19T02:39:03,
1627,run_1789774700_1967,0,1868,0.9134652466104565,0.0618180000304831,V1_INV_PI,V1_INV_PI,2,0,1.0,200,0.835063,0.890291,0.88656,0.59862,0.703768,0.897047,0.997276,0.0,0.015882,0.718889,0.001111,1.0,4.2,0,0,,2026-09-19T02:39:03,
1628,run_1789774700_1967,0,1869,0.2181875104566875,1.1802733498826787,V1_INV_PI,V1_INV_PI,2,0,1.0,200,0.826649,0.87133,0.862611,0.599586,0.700354,0.897238,0.998987,0.0,0.040956,0.605556,0.001111,1.0,4.0,0,0,,2026-09-19T02:39:03,
1629,run_1789774700_1967,0,1870,-1.2011990066612883,-0.07512596199490384,V1_INV_PI,V1_INV_PI,2,0,1.0,200,0.622904,0.536561,0.694357,0.561076,0.43306,0.571387,0.998545,0.26703,0.01175,0.32,0.136667,0.68,4.5,0,0,,2026-09-19T02:39:03,
1630,run_1789774700_1967,0,1871,-0.9036591506810541,-0.9005050294989998,V1_INV_PI,V1_INV_PI,2,0,1.0,200,0.769397,0.777926,0.803757,0.608159,0.575051,0.847432,0.998372,0.018333,0.013145,0.367778,0.001111,1.0,5.0,0,0,,2026-09-19T02:39:03,
1631,run_1789774700_1967,0,1872,-0.7323182044756593,0.20639272363440964,V1_INV_PI,V1_INV_PI,2,0,1.0,200,0.753504,0.742948,0.811143,0.669247,0.534342,0.775393,0.994991,0.237454,0.016127,0.368889,0.072222,0.631111,4.5,0,0,,2026-09-19T02:39:03,
1632,run_1789774700_1967,0,1873,-1.3669120932327072,0.5874502091764946,V1_INV_PI,V1_INV_PI,2,0,1.0,200,0.642322,0.570965,0.668984,0.613398,0.438366,0.611522,0.99827,0.039942,0.008733,0.283333,0.001111,1.0,3.9,0,0,,2026-09-19T02:39:03,
1633,run_1789774700_1967,0,1874,-0.11526230601827203,-0.4003721467557685,V1_INV_PI,V1_INV_PI,2,0,1.0,200,0.714439,0.653771,0.884568,0.624606,0.526379,0.758005,0.879751,0.044347,0.066883,0.452222,0.036667,0.973333,3.9,0,0,,2026-09-19T02:39:03,
1634,run_1789774700_1967,0,1875,-0.33533982981088517,0.3032593633226426,V1_INV_PI,V1_INV_PI,2,0,1.0,200,0.797092,0.787725,0.881308,0.687059,0.571076,0.87751,0.984121,0.126375,0.046921,0.41,0.058889,0.892222,5.5,0,0,,2026-09-19T02:39:03,
1635,run_1789774700_1967,0,1876,0.04826830032650409,-0.06853601883820959,V1_INV_PI,V1_INV_PI,2,0,1.0,200,0.68537,0.609245,0.890406,0.611243,0.514249,0.754301,0.783527,0.022018,0.176101,0.476667,0.023333,0.988889,3.9,0,0,,2026-09-19T02:39:03,
1636,run_1789774700_1967,0,1877,0.9733586631229625,-0.7080023579212943,V1_INV_PI,V1_INV_PI,2,0,1.0,200,0.81313,0.859441,0.856144,0.598379,0.664443,0.872828,0.996673,0.0,0.011747,0.818889,0.001111,1.0,4.0,0,0,,2026-09-19T02:39:03,
1637,run_1789774700_1967,0,1878,-1.4371001671805257,-0.9851088728588128,V1_INV_PI,V1_INV_PI,2,0,1.0,200,0.677209,0.63427,0.677316,0.607214,0.488074,0.687125,0.997883,0.0,0.010762,0.328889,0.001111,1.0,3.9,0,0,,2026-09-19T02:39:03,
1638,run_1789774700_1967,0,1879,0.3601338384723751,-0.10957919806835315,V1_INV_PI,V1_INV_PI,2,0,1.0,200,0.842578,0.905723,0.893551,0.600389,0.699797,0.915203,0.998703,0.0,0.054208,0.547778,0.001111,1.0,4.1,0,0,,2026-09-19T02:39:03,
1639,run_1789774700_1967,0,1880,0.10661323979135351,0.6304815925729277,V1_INV_PI,V1_INV_PI,2,0,1.0,200,0.810676,0.857305,0.881721,0.60127,0.589175,0.905235,0.998266,0.0,0.098639,0.51,0.001111,1.0,3.8,0,0,,2026-09-19T02:39:03,
1640,run_1789774700_1967,0,1881,-0.8038657848588718,-0.28895789439076336,V1_INV_PI,V1_INV_PI,2,0,1.0,200,0.765387,0.739218,0.816697,0.721708,0.561744,0.773176,0.997227,0.436353,0.010171,0.335556,0.294444,1.0,4.3,0,0,,2026-09-19T02:39:03,
1641,run_1789774700_1967,0,1882,-0.6013317847995348,-0.5088911256983691,V1_INV_PI,V1_INV_PI,2,0,1.0,200,0.804624,0.802204,0.858159,0.700752,0.582338,0.890687,0.995218,0.293412,0.034893,0.375556,0.287778,1.0,4.2,0,0,,2026-09-19T02:39:03,
1642,run_1789774700_1967,0,1883,-1.3974460749956104,1.1572272308506306,V1_INV_PI,V1_INV_PI,2,0,1.0,200,0.692443,0.65402,0.690351,0.60568,0.518006,0.714784,0.997429,0.0,0.013038,0.357778,0.001111,1.0,5.4,0,0,,2026-09-19T02:39:03,
1643,run_1789774700_1967,0,1884,0.5623077858147925,-0.3567965498618815,V1_INV_PI,V1_INV_PI,2,0,1.0,200,0.84904,0.905059,0.893537,0.599478,0.748785,0.911517,0.998514,0.0,0.025983,0.606667,0.001111,1.0,4.0,0,0,,2026-09-19T02:39:03,
1644,run_1789774700_1967,0,1885,-0.7057052076359575,0.0076078364120120145,V1_INV_PI,V1_INV_PI,2,0,1.0,200,0.751304,0.745333,0.810485,0.66788,0.520611,0.772839,0.994655,0.24102,0.021895,0.388889,0.067778,0.611111,4.8,0,0,,2026-09-19T02:39:03,
1645,run_1789774700_1967,0,1886,0.9044469538867421,-0.3955502214274015,V1_INV_PI,V1_INV_PI,2,0,1.0,200,0.830482,0.884339,0.880698,0.598588,0.693091,0.89311,0.997165,0.0,0.014917,0.734444,0.001111,1.0,3.9,0,0,,2026-09-19T02:39:03,
1646,run_1789774700_1967,0,1887,-0.01148674251237547,0.7307909198596565,V1_INV_PI,V1_INV_PI,2,0,1.0,200,0.801542,0.835801,0.876016,0.601815,0.580417,0.896059,0.996306,0.005697,0.119867,0.493333,0.001111,1.0,4.0,0,0,,2026-09-19T02:39:03,
1647,run_1789774700_1967,0,1888,0.5583048421915286,0.8377247806263373,V1_INV_PI,V1_INV_PI,2,0,1.0,200,0.837434,0.887894,0.881537,0.599121,0.722097,0.901988,0.998327,0.0,0.030195,0.65,0.001111,1.0,3.8,0,0,,2026-09-19T02:39:03,
1648,run_1789774700_1967,0,1889,-0.9009969163667867,0.4420917178964441,V1_INV_PI,V1_INV_PI,2,0,1.0,200,0.734496,0.71207,0.787632,0.634487,0.525933,0.76377,0.998032,0.29288,0.010436,0.327778,0.207778,1.0,5.1,0,0,,2026-09-19T02:39:03,
1649,run_1789774700_1967,0,1890,-1.344981501694311,1.0083659879977336,V1_INV_PI,V1_INV_PI,2,0,1.0,200,0.685179,0.646144,0.693779,0.60743,0.488457,0.703518,0.997765,0.0,0.011903,0.335556,0.001111,1.0,5.4,0,0,,2026-09-19T02:39:03,
1650,run_1789774700_1967,0,1891,-0.7629376052704615,0.891753216623177,V1_INV_PI,V1_INV_PI,2,0,1.0,200,0.780428,0.795096,0.825618,0.60748,0.575995,0.870389,0.99821,0.011183,0.016843,0.381111,0.005556,1.0,3.9,0,0,,2026-09-19T02:39:03,
1651,run_1789774700_1967,0,1892,-0.16258918325288452,-1.139327333955949,V1_INV_PI,V1_INV_PI,2,0,1.0,200,0.803795,0.842226,0.851744,0.601155,0.61127,0.892415,0.998342,0.0,0.074829,0.511111,0.001111,1.0,5.0,0,0,,2026-09-19T02:39:03,
1652,run_1789774700_1967,0,1893,-0.42047626311020525,-0.8532270659755401,V1_INV_PI,V1_INV_PI,2,0,1.0,200,0.777312,0.773262,0.856552,0.605038,0.54932,0.890109,0.992292,0.024023,0.016425,0.433333,0.018889,1.0,3.9,0,0,,2026-09-19T02:39:03,
1653,run_1789774700_1967,0,1894,-0.44407606979832837,0.5686358614317091,V1_INV_PI,V1_INV_PI,2,0,1.0,200,0.765241,0.725792,0.869958,0.657317,0.548176,0.846024,0.970476,0.099178,0.033586,0.404444,0.067778,0.927778,4.0,0,0,,2026-09-19T02:39:03,
1654,run_1789774700_1967,0,1895,-0.4792232013589093,-0.5688003173788299,V1_INV_PI,V1_INV_PI,2,0,1.0,200,0.772914,0.738592,0.867479,0.664947,0.554043,0.859369,0.975934,0.117291,0.05236,0.395556,0.07,0.924444,4.0,0,0,,2026-09-19T02:39:03,
1655,run_1789774700_1967,0,1896,-0.347137911950012,-0.34288360075000435,V1_INV_PI,V1_INV_PI,2,0,1.0,200,0.79292,0.778651,0.880044,0.682902,0.5701,0.87221,0.983126,0.120732,0.041331,0.411111,0.058889,0.895556,4.2,0,0,,2026-09-19T02:39:03,
1656,run_1789774700_1967,0,1897,0.622985963938822,0.7835170808551715,V1_INV_PI,V1_INV_PI,2,0,1.0,200,0.837008,0.888294,0.882349,0.599004,0.718871,0.901197,0.998145,0.0,0.02715,0.664444,0.001111,1.0,3.8,0,0,,2026-09-19T02:39:03,
1657,run_1789774700_1967,0,1898,0.10349921338912704,-0.037000270479008,V1_INV_PI,V1_INV_PI,2,0,1.0,200,0.680236,0.586573,0.891149,0.604849,0.510547,0.805596,0.745141,0.011183,0.01202,0.487778,0.014444,0.996667,3.9,0,0,,2026-09-19T02:39:03,
1658,run_1789774700_1967,0,1899,0.9957685945831369,0.5994556867967007,V1_INV_PI,V1_INV_PI,2,0,1.0,200,0.813942,0.86145,0.857878,0.598387,0.663937,0.873702,0.996625,0.0,0.012087,0.815556,0.001111,1.0,3.9,0,0,,2026-09-19T02:39:03,
1659,run_1789774700_1967,0,1900,-0.09919505460727773,-0.9210142082602836,V1_INV_PI,V1_INV_PI,2,0,1.0,200,0.805624,0.844176,0.865467,0.601653,0.601606,0.897322,0.997816,0.0,0.080448,0.495556,0.001111,1.0,3.8,0,0,,2026-09-19T02:39:03,
1660,run_1789774700_1967,0,1901,0.20981941005670812,0.15112642150712752,V1_INV_PI,V1_INV_PI,2,0,1.0,200,0.813495,0.862584,0.892081,0.601337,0.582975,0.911225,0.998042,0.0,0.138703,0.514444,0.001111,1.0,3.8,0,0,,2026-09-19T02:39:03,
1661,run_1789774700_1967,0,1902,0.25530903807078364,1.0871015434609894,V1_INV_PI,V1_INV_PI,2,0,1.0,200,0.830056,0.877343,0.867028,0.59964,0.705453,0.900382,0.998968,0.0,0.040262,0.597778,0.001111,1.0,5.6,0,0,,2026-09-19T02:39:03,
1662,run_1789774700_1967,0,1903,0.8896601632981622,1.023068567552387,V1_INV_PI,V1_INV_PI,2,0,1.0,200,0.811106,0.852742,0.851451,0.598342,0.669091,0.870507,0.996747,0.0,0.011148,0.831111,0.001111,1.0,3.9,0,0,,2026-09-19T02:39:03,
1663,run_1789774700_1967,0,1904,0.7462828727907431,0.8168230330577171,V1_INV_PI,V1_INV_PI,2,0,1.0,200,0.827412,0.877801,0.873035,0.598702,0.692146,0.891586,0.997611,0.0,0.01985,0.714444,0.001111,1.0,3.9,0,0,,2026-09-19T02:39:03,
1664,run_1789774700_1967,0,1905,-0.6670058583374253,0.5160246357241371,V1_INV_PI,V1_INV_PI,2,0,1.0,200,0.781421,0.771753,0.843323,0.65018,0.575532,0.862558,0.991627,0.27099,0.025391,0.365556,0.261111,1.0,4.0,0,0,,2026-09-19T02:39:03,
1665,run_1789774700_1967,0,1906,-1.0250427011038752,0.9889048297549319,V1_INV_PI,V1_INV_PI,2,0,1.0,200,0.751748,0.750531,0.77535,0.60737,0.569612,0.810492,0.997945,0.003127,0.015867,0.363333,0.001111,1.0,4.1,0,0,,2026-09-19T02:39:03,
1666,run_1789774700_1967,0,1907,-0.4545961654846462,0.963319687065048,V1_INV_PI,V1_INV_PI,2,0,1.0,200,0.783764,0.79472,0.848062,0.604109,0.561925,0.890106,0.996355,0.018333,0.041942,0.44,0.001111,1.0,4.6,0,0,,2026-09-19T02:39:03,
1667,run_1789774700_1967,0,1908,0.040370518209017936,0.821545468871719,V1_INV_PI,V1_INV_PI,2,0,1.0,200,0.809363,0.854427,0.87345,0.601164,0.596791,0.902075,0.998227,0.0,0.094536,0.513333,0.001111,1.0,4.2,0,0,,2026-09-19T02:39:03,
1668,run_1789774700_1967,0,1909,-1.235908361587996,-0.28970633889708475,V1_INV_PI,V1_INV_PI,2,0,1.0,200,0.652765,0.572174,0.685675,0.624165,0.473554,0.617605,0.997147,0.204763,0.022348,0.28,0.147778,1.0,3.9,0,0,,2026-09-19T02:39:03,
1669,run_1789774700_1967,0,1910,-0.7929851911318893,-0.03789710336041585,V1_INV_PI,V1_INV_PI,2,0,1.0,200,0.730915,0.712897,0.794179,0.6491,0.502144,0.743688,0.995491,0.243949,0.014829,0.388889,0.067778,0.611111,4.6,0,0,,2026-09-19T02:39:03,
1670,run_1789774700_1967,0,1911,-0.81556719765093,0.29351430745010476,V1_INV_PI,V1_INV_PI,2,0,1.0,200,0.761895,0.736517,0.811527,0.710931,0.561497,0.770511,0.997306,0.425939,0.007051,0.334444,0.307778,1.0,4.1,0,0,,2026-09-19T02:39:03,
1671,run_1789774700_1967,0,1912,-0.4779171443396957,-0.670792182098721,V1_INV_PI,V1_INV_PI,2,0,1.0,200,0.764353,0.733547,0.86353,0.613267,0.543937,0.873252,0.979123,0.101056,0.029389,0.404444,0.101111,1.0,3.9,0,0,,2026-09-19T02:39:03,
1672,run_1789774700_1967,0,1913,-1.0605298134574141,-0.3480664527076225,V1_INV_PI,V1_INV_PI,2,0,1.0,200,0.711915,0.679356,0.751728,0.625958,0.513949,0.72449,0.997713,0.217616,0.010997,0.302222,0.103333,1.0,3.9,0,0,,2026-09-19T02:39:03,
1673,run_1789774700_1967,0,1914,-0.8095683924143818,0.35982096051711965,V1_INV_PI,V1_INV_PI,2,0,1.0,200,0.761629,0.741688,0.812716,0.682023,0.564701,0.78456,0.997384,0.388551,0.014993,0.34,0.307778,1.0,4.2,0,0,,2026-09-19T02:39:03,
1674,run_1789774700_1967,0,1915,-0.2905226674660675,-0.47481172538802785,V1_INV_PI,V1_INV_PI,2,0,1.0,200,0.752117,0.707011,0.879253,0.646727,0.541161,0.821018,0.947605,0.077386,0.060607,0.428889,0.054444,0.944444,3.9,0,0,,2026-09-19T02:39:03,
1675,run_1789774700_1967,0,1916,0.7128289033572539,-0.7020724019520025,V1_INV_PI,V1_INV_PI,2,0,1.0,200,0.835159,0.887223,0.881989,0.59885,0.711696,0.898624,0.997859,0.0,0.022998,0.684444,0.001111,1.0,4.0,0,0,,2026-09-19T02:39:03,
1676,run_1789774700_1967,0,1917,0.4055293885774096,0.2859812512043489,V1_INV_PI,V1_INV_PI,2,0,1.0,200,0.84768,0.907077,0.892958,0.600095,0.733451,0.91424,0.998661,0.0,0.040068,0.564444,0.001111,1.0,4.0,0,0,,2026-09-19T02:39:03,
1677,run_1789774700_1967,0,1918,-0.16258788656837386,-0.7665427450307938,V1_INV_PI,V1_INV_PI,2,0,1.0,200,0.787386,0.800613,0.870372,0.602924,0.558701,0.890214,0.992676,0.008058,0.070637,0.467778,0.005556,1.0,3.9,0,0,,2026-09-19T02:39:03,
1678,run_1789774700_1967,0,1919,-0.10197120320145614,-0.26378246445020403,V1_INV_PI,V1_INV_PI,2,0,1.0,200,0.723737,0.668713,0.887592,0.630284,0.531266,0.774281,0.886971,0.054053,0.074667,0.446667,0.036667,0.965556,4.0,0,0,,2026-09-19T02:39:03,
1679,run_1789774700_1967,0,1920,-1.471910741427588,-0.21506646366875848,V1_INV_PI,V1_INV_PI,2,0,1.0,200,0.610959,0.509297,0.632599,0.621735,0.433131,0.537528,0.999239,0.189267,0.014957,0.25,0.147778,1.0,4.0,0,0,,2026-09-19T02:39:03,
1680,run_1789774700_1967,0,1921,-0.25673567564781585,0.7550639973769866,V1_INV_PI,V1_INV_PI,2,0,1.0,200,0.697846,0.599977,0.867586,0.608163,0.51327,0.824544,0.83878,0.022676,0.003088,0.448889,0.027778,0.994444,3.9,0,0,,2026-09-19T02:39:03,
1681,run_1789774700_1967,0,1922,0.34218455752877475,0.8771005193632628,V1_INV_PI,V1_INV_PI,2,0,1.0,200,0.837979,0.889394,0.877299,0.599694,0.722427,0.905929,0.998856,0.0,0.035903,0.59,0.001111,1.0,3.9,0,0,,2026-09-19T02:39:03,
1682,run_1789774700_1967,0,1923,-1.3447347206296085,-0.07286317027880607,V1_INV_PI,V1_INV_PI,2,0,1.0,200,0.597806,0.476676,0.648877,0.636816,0.398565,0.50745,0.999208,0.434897,0.015487,0.264444,0.358889,1.0,4.4,0,0,,2026-09-19T02:39:03,
1683,run_1789774700_1967,0,1924,0.9095080309988077,-1.0811773306250254,V1_INV_PI,V1_INV_PI,2,0,1.0,200,0.812249,0.852463,0.85277,0.598267,0.675481,0.871056,0.996643,0.0,0.011053,0.846667,0.001111,1.0,4.2,0,0,,2026-09-19T02:39:03,
1684,run_1789774700_1967,0,1925,-0.9950635948343615,-0.8140726750936251,V1_INV_PI,V1_INV_PI,2,0,1.0,200,0.755199,0.753568,0.786801,0.610243,0.573345,0.810152,0.998173,0.020198,0.014354,0.347778,0.001111,1.0,3.9,0,0,,2026-09-19T02:39:03,
1685,run_1789774700_1967,0,1926,-1.0999810611593248,0.3900412357796408,V1_INV_PI,V1_INV_PI,2,0,1.0,200,0.704808,0.671478,0.7379,0.622023,0.507087,0.714943,0.997638,0.137135,0.01339,0.302222,0.041111,1.0,3.9,0,0,,2026-09-19T02:39:03,
1686,run_1789774700_1967,0,1927,-0.6364341440184607,-0.10752735436259098,V1_INV_PI,V1_INV_PI,2,0,1.0,200,0.770359,0.7695,0.824931,0.683981,0.553068,0.796684,0.994562,0.241031,0.028438,0.372222,0.067778,0.627778,4.6,0,0,,2026-09-19T02:39:03,
1687,run_1789774700_1967,0,1928,-1.2375092347456849,-0.16565941578985033,V1_INV_PI,V1_INV_PI,2,0,1.0,200,0.611755,0.514884,0.6791,0.562639,0.429905,0.549749,0.998835,0.300309,0.006134,0.274444,0.172222,0.76,4.4,0,0,,2026-09-19T02:39:04,
1688,run_1789774700_1967,0,1929,-0.43089186779633293,-0.3636518556072833,V1_INV_PI,V1_INV_PI,2,0,1.0,200,0.819032,0.831217,0.875705,0.715074,0.595328,0.89277,0.995977,0.155893,0.046335,0.394444,0.054444,0.844444,4.1,0,0,,2026-09-19T02:39:04,
1689,run_1789774700_1967,0,1930,0.20732385710513168,-0.8041955325465606,V1_INV_PI,V1_INV_PI,2,0,1.0,200,0.820819,0.87775,0.87772,0.600331,0.624437,0.907819,0.998901,0.0,0.077015,0.551111,0.001111,1.0,3.8,0,0,,2026-09-19T02:39:04,
1690,run_1789774700_1967,0,1931,-0.25076471100399655,-0.7545249575992935,V1_INV_PI,V1_INV_PI,2,0,1.0,200,0.693966,0.595939,0.867569,0.607085,0.512754,0.829813,0.815984,0.020556,0.002957,0.448889,0.018889,0.995556,3.8,0,0,,2026-09-19T02:39:04,
1691,run_1789774700_1967,0,1932,-1.3159613418027905,0.8815234298265124,V1_INV_PI,V1_INV_PI,2,0,1.0,200,0.691091,0.651674,0.702238,0.60907,0.510947,0.700902,0.997995,0.003127,0.008776,0.318889,0.001111,1.0,4.1,0,0,,2026-09-19T02:39:04,
1692,run_1789774700_1967,0,1933,-0.09247126114370996,-0.5100594174833194,V1_INV_PI,V1_INV_PI,2,0,1.0,200,0.697474,0.627583,0.880802,0.616296,0.519695,0.740393,0.846672,0.033693,0.143199,0.465556,0.032222,0.983333,3.9,0,0,,2026-09-19T02:39:04,
1693,run_1789774700_1967,0,1934,0.24907706585237155,0.8672532432981577,V1_INV_PI,V1_INV_PI,2,0,1.0,200,0.834166,0.887807,0.875837,0.600035,0.699631,0.90698,0.998949,0.0,0.048843,0.567778,0.001111,1.0,4.0,0,0,,2026-09-19T02:39:04,
1694,run_1789774700_1967,0,1935,-1.3650034591463807,-0.3043278815386212,V1_INV_PI,V1_INV_PI,2,0,1.0,200,0.628109,0.534744,0.657227,0.621101,0.454975,0.564269,0.99858,0.156325,0.01114,0.266667,0.094444,1.0,3.9,0,0,,2026-09-19T02:39:04,
1695,run_1789774700_1967,0,1936,-0.3402944635044802,-0.49132854106791635,V1_INV_PI,V1_INV_PI,2,0,1.0,200,0.759128,0.718729,0.877034,0.65216,0.545937,0.830622,0.957222,0.089697,0.067018,0.415556,0.05,0.937778,4.4,0,0,,2026-09-19T02:39:04,
1696,run_1789774700_1967,0,1937,0.35677198317518255,0.4656181824404142,V1_INV_PI,V1_INV_PI,2,0,1.0,200,0.843128,0.902486,0.888827,0.600156,0.716272,0.912706,0.99875,0.0,0.045416,0.556667,0.001111,1.0,3.8,0,0,,2026-09-19T02:39:04,
1697,run_1789774700_1967,0,1938,0.1814258225881238,0.9891088765508631,V1_INV_PI,V1_INV_PI,2,0,1.0,200,0.828774,0.88016,0.869891,0.60006,0.68488,0.90435,0.999046,0.0,0.055093,0.564444,0.001111,1.0,3.9,0,0,,2026-09-19T02:39:04,
1698,run_1789774700_1967,0,1939,-1.2283124754408044,-0.5106965340062233,V1_INV_PI,V1_INV_PI,2,0,1.0,200,0.670923,0.616082,0.698777,0.616242,0.476063,0.657075,0.997857,0.051354,0.010898,0.29,0.005556,1.0,4.0,0,0,,2026-09-19T02:39:04,
1699,run_1789774700_1967,0,1940,-1.3238573704486618,-1.1553432507443555,V1_INV_PI,V1_INV_PI,2,0,1.0,200,0.695281,0.658172,0.701517,0.605911,0.512534,0.721193,0.997095,0.003127,0.012403,0.358889,0.001111,1.0,3.9,0,0,,2026-09-19T02:39:04,
1700,run_1789774700_1967,0,1941,0.9245794191525474,-1.041993988239683,V1_INV_PI,V1_INV_PI,2,0,1.0,200,0.813024,0.8539,0.854169,0.598273,0.676075,0.871845,0.996633,0.0,0.011228,0.848889,0.001111,1.0,3.8,0,0,,2026-09-19T02:39:04,
1701,run_1789774700_1967,0,1942,-1.1634397033788988,-1.0807102464745695,V1_INV_PI,V1_INV_PI,2,0,1.0,200,0.713125,0.687114,0.734054,0.60686,0.529575,0.741907,0.996582,0.0,0.01091,0.362222,0.001111,1.0,4.0,0,0,,2026-09-19T02:39:04,
1702,run_1789774700_1967,0,1943,0.9671133012517124,-0.5031919467997887,V1_INV_PI,V1_INV_PI,2,0,1.0,200,0.814033,0.864887,0.859397,0.598468,0.654193,0.876492,0.996859,0.0,0.011484,0.79,0.001111,1.0,4.3,0,0,,2026-09-19T02:39:04,
1703,run_1789774700_1967,0,1944,-1.2839571339741305,0.7063285469869449,V1_INV_PI,V1_INV_PI,2,0,1.0,200,0.67756,0.625828,0.702108,0.612247,0.491617,0.670258,0.997791,0.012404,0.010035,0.304444,0.001111,1.0,3.9,0,0,,2026-09-19T02:39:04,
1704,run_1789774700_1967,0,1945,-0.6639818326906075,-0.1889357185144125,V1_INV_PI,V1_INV_PI,2,0,1.0,200,0.765938,0.761531,0.821539,0.680005,0.548542,0.792075,0.994874,0.23702,0.027173,0.366667,0.076667,0.633333,4.6,0,0,,2026-09-19T02:39:04,
1705,run_1789774700_1967,0,1946,-0.6995683235452502,0.5936812245376353,V1_INV_PI,V1_INV_PI,2,0,1.0,200,0.767776,0.752294,0.834268,0.625638,0.561379,0.851376,0.992021,0.203251,0.031684,0.365556,0.185556,1.0,4.1,0,0,,2026-09-19T02:39:04,
1706,run_1789774700_1967,0,1947,0.6326412943394977,-0.8958232966150295,V1_INV_PI,V1_INV_PI,2,0,1.0,200,0.832158,0.881324,0.876638,0.598887,0.709024,0.89631,0.99799,0.0,0.024919,0.684444,0.001111,1.0,3.8,0,0,,2026-09-19T02:39:04,
1707,run_1789774700_1967,0,1948,-0.4170845954779343,-0.6510701171951071,V1_INV_PI,V1_INV_PI,2,0,1.0,200,0.744305,0.689025,0.867921,0.617018,0.532538,0.851783,0.944396,0.094398,0.04524,0.412222,0.096667,1.0,3.9,0,0,,2026-09-19T02:39:04,
1708,run_1789774700_1967,0,1949,-0.8068089752464767,0.14560109912746855,V1_INV_PI,V1_INV_PI,2,0,1.0,200,0.73643,0.71424,0.787491,0.678012,0.513563,0.74434,0.995729,0.42538,0.013139,0.33,0.238889,0.94,4.5,0,0,,2026-09-19T02:39:04,
1709,run_1789774700_1967,0,1950,-0.382661644960099,-0.6924236306130175,V1_INV_PI,V1_INV_PI,2,0,1.0,200,0.763711,0.736368,0.867735,0.608413,0.542278,0.871863,0.973838,0.063257,0.007793,0.423333,0.063333,1.0,3.8,0,0,,2026-09-19T02:39:04,
1710,run_1789774700_1967,0,1951,-0.9442320252276677,-0.5748744824563126,V1_INV_PI,V1_INV_PI,2,0,1.0,200,0.737791,0.722357,0.783606,0.618705,0.539339,0.775441,0.997589,0.133392,0.008852,0.331111,0.045556,1.0,3.9,0,0,,2026-09-19T02:39:04,
1711,run_1789774700_1967,0,1952,-0.17642045586006883,1.0042495314584847,V1_INV_PI,V1_INV_PI,2,0,1.0,200,0.803064,0.839846,0.858911,0.601767,0.601303,0.894374,0.997662,0.0,0.078288,0.493333,0.001111,1.0,3.9,0,0,,2026-09-19T02:39:04,
1712,run_1789774700_1967,0,1953,-0.1082060955812234,0.13873021358329551,V1_INV_PI,V1_INV_PI,2,0,1.0,200,0.733691,0.683115,0.888837,0.636089,0.536422,0.785039,0.906361,0.063097,0.092377,0.45,0.036667,0.957778,3.9,0,0,,2026-09-19T02:39:04,
1713,run_1789774700_1967,0,1954,-0.2361632098958637,-0.33589623442197825,V1_INV_PI,V1_INV_PI,2,0,1.0,200,0.753834,0.711048,0.883887,0.648082,0.545421,0.813386,0.949705,0.084167,0.057792,0.426667,0.045556,0.943333,4.0,0,0,,2026-09-19T02:39:04,
1714,run_1789774700_1967,0,1955,-0.9429781385160699,0.3053138384925791,V1_INV_PI,V1_INV_PI,2,0,1.0,200,0.733591,0.705816,0.78541,0.645565,0.540598,0.744798,0.997875,0.344201,0.007865,0.315556,0.158889,1.0,3.9,0,0,,2026-09-19T02:39:04,
1715,run_1789774700_1967,0,1956,-0.22737613978169557,-0.8491556281901032,V1_INV_PI,V1_INV_PI,2,0,1.0,200,0.757746,0.710232,0.864295,0.603208,0.528407,0.880171,0.99184,0.008823,0.073394,0.467778,0.005556,1.0,3.8,0,0,,2026-09-19T02:39:04,
1716,run_1789774700_1967,0,1957,-0.2527915873581983,0.9359449669894031,V1_INV_PI,V1_INV_PI,2,0,1.0,200,0.788617,0.805844,0.859271,0.602705,0.565032,0.891883,0.995482,0.005697,0.083287,0.471111,0.001111,1.0,3.8,0,0,,2026-09-19T02:39:04,
1717,run_1789774700_1967,0,1958,-1.3944046927139306,-0.4395183595009461,V1_INV_PI,V1_INV_PI,2,0,1.0,200,0.638859,0.56419,0.657271,0.615351,0.449651,0.59848,0.99799,0.049983,0.007747,0.267778,0.005556,1.0,3.9,0,0,,2026-09-19T02:39:04,
1718,run_1789774700_1967,0,1959,-1.2065825264874728,0.23436681344377264,V1_INV_PI,V1_INV_PI,2,0,1.0,200,0.6496,0.5565,0.698483,0.632197,0.486221,0.620978,0.96529,0.349961,0.074443,0.284444,0.261111,0.996667,4.0,0,0,,2026-09-19T02:39:04,
1719,run_1789774700_1967,0,1960,-1.1536252494630581,0.4234358144702659,V1_INV_PI,V1_INV_PI,2,0,1.0,200,0.688077,0.643359,0.718121,0.619449,0.493567,0.685811,0.997963,0.092492,0.00816,0.296667,0.014444,1.0,3.9,0,0,,2026-09-19T02:39:04,
1720,run_1789774700_1967,0,1961,-1.4852715471619615,0.07310195042187528,V1_INV_PI,V1_INV_PI,2,0,1.0,200,0.590011,0.473965,0.622271,0.627841,0.39111,0.503175,0.999071,0.2784,0.01398,0.244444,0.17,1.0,3.9,0,0,,2026-09-19T02:39:04,
1721,run_1789774700_1967,0,1962,0.3849913773827778,-0.570285147871097,V1_INV_PI,V1_INV_PI,2,0,1.0,200,0.844866,0.901216,0.887374,0.599927,0.732818,0.911552,0.998741,0.0,0.037694,0.571111,0.001111,1.0,5.1,0,0,,2026-09-19T02:39:04,
1722,run_1789774700_1967,0,1963,0.7441678938688816,-0.09343289293662171,V1_INV_PI,V1_INV_PI,2,0,1.0,200,0.844745,0.9013,0.894412,0.599023,0.730976,0.907058,0.997998,0.0,0.025047,0.654444,0.001111,1.0,4.0,0,0,,2026-09-19T02:39:04,
1723,run_1789774700_1967,0,1964,-0.18885648213693318,0.8209703006441511,V1_INV_PI,V1_INV_PI,2,0,1.0,200,0.716409,0.601422,0.867407,0.603843,0.511642,0.834164,0.956634,0.008823,0.02834,0.466667,0.005556,0.998889,3.8,0,0,,2026-09-19T02:39:04,
1724,run_1789774700_1967,0,1965,-1.267721427335312,0.30199645882576975,V1_INV_PI,V1_INV_PI,2,0,1.0,200,0.650999,0.572391,0.682224,0.622094,0.464803,0.618932,0.997952,0.177079,0.04046,0.274444,0.112222,1.0,4.0,0,0,,2026-09-19T02:39:04,
1725,run_1789774700_1967,0,1966,0.766195298862093,0.2164392738862677,V1_INV_PI,V1_INV_PI,2,0,1.0,200,0.844698,0.900317,0.894942,0.598942,0.732579,0.906444,0.997884,0.0,0.023525,0.665556,0.001111,1.0,4.0,0,0,,2026-09-19T02:39:04,
1726,run_1789774700_1967,0,1967,-0.729663423989878,0.20898387099509907,V1_INV_PI,V1_INV_PI,2,0,1.0,200,0.753517,0.742888,0.811358,0.669339,0.534323,0.775314,0.994967,0.237238,0.019202,0.367778,0.072222,0.632222,4.5,0,0,,2026-09-19T02:39:04,
1727,run_1789774700_1967,0,1968,0.8217954609124285,-1.167601653547629,V1_INV_PI,V1_INV_PI,2,0,1.0,200,0.809106,0.848127,0.847698,0.598356,0.668904,0.868669,0.996871,0.0,0.012562,0.835556,0.001111,1.0,3.8,0,0,,2026-09-19T02:39:04,
1728,run_1789774700_1967,0,1969,0.45669151696894517,0.8236096752257713,V1_INV_PI,V1_INV_PI,2,0,1.0,200,0.839622,0.89086,0.880508,0.59941,0.728992,0.905157,0.998648,0.0,0.032458,0.611111,0.001111,1.0,3.8,0,0,,2026-09-19T02:39:04,
1729,run_1789774700_1967,0,1970,0.6103677927811839,-0.1671664498491079,V1_INV_PI,V1_INV_PI,2,0,1.0,200,0.84954,0.906295,0.895239,0.599394,0.748528,0.911541,0.998403,0.0,0.024591,0.612222,0.001111,1.0,4.1,0,0,,2026-09-19T02:39:04,
1730,run_1789774700_1967,0,1971,0.8327995109764466,-0.7075179220684027,V1_INV_PI,V1_INV_PI,2,0,1.0,200,0.823807,0.875249,0.870397,0.598601,0.679051,0.887956,0.997294,0.0,0.01642,0.737778,0.001111,1.0,3.9,0,0,,2026-09-19T02:39:04,
1731,run_1789774700_1967,0,1972,-0.96387837826767,-1.183893548084832,V1_INV_PI,V1_INV_PI,2,0,1.0,200,0.764836,0.772328,0.780146,0.604724,0.597772,0.830941,0.998107,0.0,0.013117,0.402222,0.001111,1.0,3.9,0,0,,2026-09-19T02:39:04,
1732,run_1789774700_1967,0,1973,-0.20440590387129864,-0.7368430899032687,V1_INV_PI,V1_INV_PI,2,0,1.0,200,0.692465,0.596178,0.870195,0.606932,0.513096,0.819381,0.813201,0.018334,0.006736,0.456667,0.027778,0.995556,4.0,0,0,,2026-09-19T02:39:04,
1733,run_1789774700_1967,0,1974,-1.015231042470767,0.8101959055427665,V1_INV_PI,V1_INV_PI,2,0,1.0,200,0.750262,0.743836,0.781945,0.610423,0.570231,0.801449,0.997974,0.016418,0.010281,0.342222,0.001111,1.0,3.9,0,0,,2026-09-19T02:39:04,
1734,run_1789774700_1967,0,1975,-0.49691267137185835,-0.3068788736660286,V1_INV_PI,V1_INV_PI,2,0,1.0,200,0.831932,0.852279,0.867502,0.734499,0.627598,0.896569,0.999583,0.197543,0.023066,0.383333,0.063333,0.775556,4.2,0,0,,2026-09-19T02:39:04,
1735,run_1789774700_1967,0,1976,0.5769454280866659,-0.2545568070197328,V1_INV_PI,V1_INV_PI,2,0,1.0,200,0.849964,0.906389,0.894977,0.599479,0.750839,0.912005,0.998479,0.0,0.025322,0.607778,0.001111,1.0,3.8,0,0,,2026-09-19T02:39:04,
1736,run_1789774700_1967,0,1977,-0.93616726523682,-0.7921769348184469,V1_INV_PI,V1_INV_PI,2,0,1.0,200,0.760277,0.760487,0.798868,0.610474,0.56942,0.823995,0.998279,0.027248,0.008028,0.35,0.005556,1.0,4.0,0,0,,2026-09-19T02:39:04,
1737,run_1789774700_1967,0,1978,0.9352910943176189,-0.6558623287677289,V1_INV_PI,V1_INV_PI,2,0,1.0,200,0.812719,0.86126,0.856341,0.598474,0.656659,0.87438,0.99684,0.0,0.011727,0.797778,0.001111,1.0,4.0,0,0,,2026-09-19T02:39:04,
1738,run_1789774700_1967,0,1979,-0.519219335000628,0.4814245663749803,V1_INV_PI,V1_INV_PI,2,0,1.0,200,0.806663,0.808993,0.867359,0.703726,0.582322,0.882669,0.993353,0.15129,0.043932,0.385556,0.067778,0.856667,4.3,0,0,,2026-09-19T02:39:04,
1739,run_1789774700_1967,0,1980,0.18991597152583095,-1.051797741338814,V1_INV_PI,V1_INV_PI,2,0,1.0,200,0.828904,0.878037,0.866903,0.599908,0.694529,0.902244,0.999046,0.0,0.049312,0.576667,0.001111,1.0,3.8,0,0,,2026-09-19T02:39:04,
1740,run_1789774700_1967,0,1981,-0.4760855711838108,0.07998735725697559,V1_INV_PI,V1_INV_PI,2,0,1.0,200,0.800956,0.809788,0.850857,0.712195,0.595833,0.83517,0.996008,0.222648,0.016977,0.378889,0.067778,0.692222,4.3,0,0,,2026-09-19T02:39:04,
1741,run_1789774700_1967,0,1982,0.006839536141718616,-0.11100775230068116,V1_INV_PI,V1_INV_PI,2,0,1.0,200,0.69525,0.625209,0.889198,0.615775,0.517477,0.758201,0.812335,0.030573,0.117247,0.465556,0.027778,0.983333,3.9,0,0,,2026-09-19T02:39:04,
1742,run_1789774700_1967,0,1983,0.35444411849909985,-0.10721655280748532,V1_INV_PI,V1_INV_PI,2,0,1.0,200,0.84178,0.905252,0.893363,0.600419,0.695385,0.915228,0.998719,0.0,0.056154,0.544444,0.001111,1.0,4.0,0,0,,2026-09-19T02:39:04,
1743,run_1789774700_1967,0,1984,0.9826546153386895,-0.686127122075584,V1_INV_PI,V1_INV_PI,2,0,1.0,200,0.81343,0.859966,0.8567,0.598372,0.664767,0.873085,0.996668,0.0,0.012049,0.818889,0.001111,1.0,4.0,0,0,,2026-09-19T02:39:04,
1744,run_1789774700_1967,0,1985,-0.24622878378339008,-0.24463789866792152,V1_INV_PI,V1_INV_PI,2,0,1.0,200,0.774128,0.745414,0.884674,0.664342,0.556499,0.844629,0.968352,0.098575,0.040917,0.423333,0.054444,0.922222,4.0,0,0,,2026-09-19T02:39:04,
1745,run_1789774700_1967,0,1986,-0.022166531271800682,-0.026186769101681495,V1_INV_PI,V1_INV_PI,2,0,1.0,200,0.705473,0.642781,0.890556,0.621186,0.52306,0.769564,0.827484,0.039942,0.126077,0.46,0.027778,0.976667,3.9,0,0,,2026-09-19T02:39:04,
1746,run_1789774700_1967,0,1987,-0.5901190951703246,0.7639301391361715,V1_INV_PI,V1_INV_PI,2,0,1.0,200,0.786879,0.795787,0.850971,0.608825,0.572025,0.893559,0.994169,0.064343,0.028826,0.394444,0.027778,1.0,3.8,0,0,,2026-09-19T02:39:04,
1747,run_1789774700_1967,0,1988,-0.7089633639705368,1.017359850960985,V1_INV_PI,V1_INV_PI,2,0,1.0,200,0.782311,0.800238,0.82504,0.605416,0.580245,0.872665,0.998313,0.005697,0.027907,0.404444,0.001111,1.0,3.8,0,0,,2026-09-19T02:39:04,
1748,run_1789774700_1967,0,1989,0.7468429175597042,-0.9607482328331672,V1_INV_PI,V1_INV_PI,2,0,1.0,200,0.814782,0.862833,0.857255,0.598619,0.660277,0.880245,0.997432,0.0,0.017888,0.751111,0.001111,1.0,4.0,0,0,,2026-09-19T02:39:04,
1749,run_1789774700_1967,0,1990,-0.0889741351780533,0.0225287658080755,V1_INV_PI,V1_INV_PI,2,0,1.0,200,0.730348,0.677555,0.889526,0.633698,0.535419,0.790552,0.890537,0.059294,0.063912,0.448889,0.036667,0.961111,3.9,0,0,,2026-09-19T02:39:05,
1750,run_1789774700_1967,0,1991,0.7837548803210979,0.4624278053311628,V1_INV_PI,V1_INV_PI,2,0,1.0,200,0.838098,0.892541,0.88743,0.598818,0.714882,0.900894,0.997729,0.0,0.021319,0.686667,0.001111,1.0,4.4,0,0,,2026-09-19T02:39:05,
1751,run_1789774700_1967,0,1992,0.3044192233061018,0.8654669434304101,V1_INV_PI,V1_INV_PI,2,0,1.0,200,0.837377,0.889631,0.877015,0.599834,0.717528,0.90653,0.998889,0.0,0.039937,0.578889,0.001111,1.0,3.8,0,0,,2026-09-19T02:39:05,
1752,run_1789774700_1967,0,1993,-0.7061166506995082,-1.067255427719928,V1_INV_PI,V1_INV_PI,2,0,1.0,200,0.781097,0.798231,0.822151,0.60479,0.579038,0.872534,0.998416,0.005697,0.037686,0.413333,0.001111,1.0,4.1,0,0,,2026-09-19T02:39:05,
1753,run_1789774700_1967,0,1994,-0.9452242358315436,-0.6699602898980589,V1_INV_PI,V1_INV_PI,2,0,1.0,200,0.751541,0.743167,0.792039,0.614691,0.563455,0.803643,0.997832,0.074705,0.008742,0.34,0.018889,1.0,3.9,0,0,,2026-09-19T02:39:05,
1754,run_1789774700_1967,0,1995,-1.006697060000069,1.038267244437838,V1_INV_PI,V1_INV_PI,2,0,1.0,200,0.752912,0.751333,0.777719,0.606711,0.565776,0.818875,0.998109,0.005697,0.015847,0.374444,0.001111,1.0,4.0,0,0,,2026-09-19T02:39:05,
1755,run_1789774700_1967,0,1996,-1.2568003552776665,-0.441171495499197,V1_INV_PI,V1_INV_PI,2,0,1.0,200,0.662305,0.605592,0.684589,0.617006,0.462148,0.644391,0.997915,0.058002,0.008534,0.285556,0.005556,1.0,3.9,0,0,,2026-09-19T02:39:05,
1756,run_1789774700_1967,0,1997,-0.08520550870714994,0.25927343939319525,V1_INV_PI,V1_INV_PI,2,0,1.0,200,0.718037,0.659846,0.887806,0.627248,0.528782,0.76916,0.874173,0.049983,0.055255,0.45,0.041111,0.968889,4.0,0,0,,2026-09-19T02:39:05,
1757,run_1789774700_1967,0,1998,0.7802708535456371,-0.27851207605587514,V1_INV_PI,V1_INV_PI,2,0,1.0,200,0.841899,0.897751,0.892154,0.598893,0.723066,0.904473,0.997821,0.0,0.022505,0.674444,0.001111,1.0,3.9,0,0,,2026-09-19T02:39:05,
1758,run_1789774700_1967,0,1999,-0.7241315567707283,0.273404166357891,V1_INV_PI,V1_INV_PI,2,0,1.0,200,0.76177,0.750612,0.816333,0.675714,0.552544,0.78684,0.996019,0.239358,0.013312,0.352222,0.074444,0.647778,4.7,0,0,,2026-09-19T02:39:05,
1759,run_1789774700_1967,0,2000,0.23454902963991353,-0.60945204067511,V1_INV_PI,V1_INV_PI,2,0,1.0,200,0.821019,0.879652,0.884398,0.600561,0.613339,0.910281,0.998792,0.0,0.088911,0.537778,0.001111,1.0,3.9,0,0,,2026-09-19T02:39:05,
1760,run_1789774700_1967,0,2001,0.9612108324756314,0.08900384770133818,V1_INV_PI,V1_INV_PI,2,0,1.0,200,0.827907,0.883028,0.878882,0.598532,0.682292,0.890956,0.997004,0.0,0.012988,0.745556,0.001111,1.0,4.1,0,0,,2026-09-19T02:39:05,
1761,run_1789774700_1967,0,2002,-1.1372129631246228,0.8745778949404712,V1_INV_PI,V1_INV_PI,2,0,1.0,200,0.726986,0.707215,0.749925,0.609495,0.55025,0.760335,0.997878,0.008058,0.013734,0.334444,0.001111,1.0,3.9,0,0,,2026-09-19T02:39:05,
1762,run_1789774700_1967,0,2003,0.08414028190526457,-0.5129140556298108,V1_INV_PI,V1_INV_PI,2,0,1.0,200,0.710165,0.590707,0.884517,0.602775,0.509061,0.801257,0.952312,0.006253,0.027183,0.5,0.005556,0.998889,4.7,0,0,,2026-09-19T02:39:05,
1763,run_1789774700_1967,0,2004,-0.7226378989520758,0.5014057491841071,V1_INV_PI,V1_INV_PI,2,0,1.0,200,0.76944,0.760569,0.830305,0.646369,0.559599,0.829894,0.99582,0.301764,0.014791,0.356667,0.296667,1.0,4.5,0,0,,2026-09-19T02:39:05,
1764,run_1789774700_1967,0,2005,-0.8784605119179537,-0.48092049068082854,V1_INV_PI,V1_INV_PI,2,0,1.0,200,0.742202,0.727997,0.796069,0.630122,0.528312,0.782173,0.998009,0.269183,0.010029,0.334444,0.172222,1.0,3.9,0,0,,2026-09-19T02:39:05,
1765,run_1789774700_1967,0,2006,-0.5020190981677131,-0.8530862647287937,V1_INV_PI,V1_INV_PI,2,0,1.0,200,0.78592,0.797171,0.852665,0.605751,0.566179,0.892203,0.994048,0.020198,0.020082,0.418889,0.01,1.0,4.0,0,0,,2026-09-19T02:39:05,
1766,run_1789774700_1967,0,2007,-0.07533999503932498,0.5228102541955895,V1_INV_PI,V1_INV_PI,2,0,1.0,200,0.691082,0.615453,0.881057,0.612262,0.516572,0.73917,0.832399,0.02514,0.036763,0.468889,0.027778,0.988889,3.9,0,0,,2026-09-19T02:39:05,
1767,run_1789774700_1967,0,2008,-0.4089799429333767,0.1002561100398871,V1_INV_PI,V1_INV_PI,2,0,1.0,200,0.838044,0.862248,0.873601,0.739166,0.640583,0.89686,0.999673,0.19205,0.025769,0.396667,0.05,0.775556,4.5,0,0,,2026-09-19T02:39:05,
1768,run_1789774700_1967,0,2009,-0.8353617074127961,-1.10588052376367,V1_INV_PI,V1_INV_PI,2,0,1.0,200,0.775545,0.791087,0.803877,0.605002,0.592467,0.851918,0.998557,0.0,0.019246,0.402222,0.001111,1.0,4.1,0,0,,2026-09-19T02:39:05,
1769,run_1789774700_1967,0,2010,-1.0599273062269583,-0.6797883876608348,V1_INV_PI,V1_INV_PI,2,0,1.0,200,0.721828,0.696653,0.759291,0.614321,0.531661,0.749073,0.996751,0.049983,0.016077,0.323333,0.001111,1.0,3.9,0,0,,2026-09-19T02:39:05,
1770,run_1789774700_1967,0,2011,-0.9459887775552651,-0.7581667432315269,V1_INV_PI,V1_INV_PI,2,0,1.0,200,0.759369,0.758864,0.796749,0.611401,0.572741,0.818626,0.998171,0.033789,0.010584,0.344444,0.01,1.0,4.0,0,0,,2026-09-19T02:39:05,
1771,run_1789774700_1967,0,2012,0.36426003508520877,-0.07257534149862543,V1_INV_PI,V1_INV_PI,2,0,1.0,200,0.843105,0.906107,0.893775,0.600377,0.702426,0.915239,0.998706,0.0,0.053343,0.547778,0.001111,1.0,3.8,0,0,,2026-09-19T02:39:05,
1772,run_1789774700_1967,0,2013,0.3665290522070699,0.200226658366482,V1_INV_PI,V1_INV_PI,2,0,1.0,200,0.844174,0.906264,0.893242,0.600314,0.710176,0.914959,0.998694,0.0,0.050386,0.545556,0.001111,1.0,3.8,0,0,,2026-09-19T02:39:05,
1773,run_1789774700_1967,0,2014,0.1955270971406935,0.3345798765802219,V1_INV_PI,V1_INV_PI,2,0,1.0,200,0.712134,0.583839,0.88996,0.602249,0.508212,0.802769,0.971306,0.003127,0.026001,0.514444,0.005556,0.998889,3.8,0,0,,2026-09-19T02:39:05,
1774,run_1789774700_1967,0,2015,-1.1708083941881604,0.09039108621536474,V1_INV_PI,V1_INV_PI,2,0,1.0,200,0.630753,0.547981,0.702838,0.565978,0.440534,0.583914,0.998454,0.27111,0.012676,0.326667,0.136667,0.673333,4.4,0,0,,2026-09-19T02:39:05,
1775,run_1789774700_1967,0,2016,0.4398166697828776,-0.9382664418672284,V1_INV_PI,V1_INV_PI,2,0,1.0,200,0.836148,0.885232,0.876459,0.599325,0.722427,0.902082,0.998639,0.0,0.034664,0.623333,0.001111,1.0,3.9,0,0,,2026-09-19T02:39:05,
1776,run_1789774700_1967,0,2017,0.9128498397212872,0.3712851805814723,V1_INV_PI,V1_INV_PI,2,0,1.0,200,0.829971,0.88388,0.879831,0.598575,0.691905,0.892531,0.997163,0.0,0.014735,0.734444,0.001111,1.0,3.8,0,0,,2026-09-19T02:39:05,
1777,run_1789774700_1967,0,2018,0.46100567128001146,-0.15610690409496542,V1_INV_PI,V1_INV_PI,2,0,1.0,200,0.849896,0.908621,0.894272,0.599921,0.744551,0.91426,0.998605,0.0,0.034983,0.57,0.001111,1.0,3.8,0,0,,2026-09-19T02:39:05,
1778,run_1789774700_1967,0,2019,0.06532322106020372,-0.8386426514459151,V1_INV_PI,V1_INV_PI,2,0,1.0,200,0.811947,0.860132,0.87332,0.600965,0.601891,0.904603,0.998646,0.0,0.100661,0.52,0.001111,1.0,3.8,0,0,,2026-09-19T02:39:05,
1779,run_1789774700_1967,0,2020,-1.09186613953855,-1.1930393824299752,V1_INV_PI,V1_INV_PI,2,0,1.0,200,0.742225,0.7327,0.754847,0.605209,0.571589,0.798118,0.997235,0.0,0.01398,0.384444,0.001111,1.0,4.1,0,0,,2026-09-19T02:39:05,
1780,run_1789774700_1967,0,2021,-0.559260837355537,-0.08176497086024104,V1_INV_PI,V1_INV_PI,2,0,1.0,200,0.781112,0.783885,0.835355,0.69481,0.566283,0.809725,0.994763,0.233017,0.022335,0.372222,0.067778,0.652222,4.4,0,0,,2026-09-19T02:39:05,
1781,run_1789774700_1967,0,2022,0.2259352195630131,-0.8417010778035863,V1_INV_PI,V1_INV_PI,2,0,1.0,200,0.832365,0.88742,0.876407,0.600167,0.686921,0.907613,0.998959,0.0,0.055545,0.557778,0.001111,1.0,3.8,0,0,,2026-09-19T02:39:05,
1782,run_1789774700_1967,0,2023,-0.7755897645610796,-1.0316094762212427,V1_INV_PI,V1_INV_PI,2,0,1.0,200,0.780976,0.799423,0.815524,0.605532,0.590312,0.864317,0.99845,0.003127,0.022309,0.401111,0.001111,1.0,3.9,0,0,,2026-09-19T02:39:05,
1783,run_1789774700_1967,0,2024,-1.0846058019576756,-0.6845779209511044,V1_INV_PI,V1_INV_PI,2,0,1.0,200,0.716643,0.689439,0.752911,0.613986,0.522771,0.742136,0.99675,0.044347,0.014843,0.321111,0.001111,1.0,3.9,0,0,,2026-09-19T02:39:05,
1784,run_1789774700_1967,0,2025,0.37868856939344653,-0.7663012793308897,V1_INV_PI,V1_INV_PI,2,0,1.0,200,0.840926,0.894176,0.881281,0.599718,0.728136,0.907963,0.998783,0.0,0.035238,0.586667,0.001111,1.0,3.8,0,0,,2026-09-19T02:39:05,
1785,run_1789774700_1967,0,2026,-1.3379357174981632,0.5071895942331914,V1_INV_PI,V1_INV_PI,2,0,1.0,200,0.64837,0.578397,0.67025,0.615111,0.456195,0.61849,0.998428,0.045781,0.01277,0.282222,0.01,1.0,3.9,0,0,,2026-09-19T02:39:05,
1786,run_1789774700_1967,0,2027,-1.0895579587883923,-0.4614671184327874,V1_INV_PI,V1_INV_PI,2,0,1.0,200,0.70896,0.676622,0.744049,0.620147,0.514559,0.722287,0.997651,0.111936,0.017879,0.301111,0.027778,1.0,3.9,0,0,,2026-09-19T02:39:05,
1787,run_1789774700_1967,0,2028,-1.3660418360310942,0.2857894637948881,V1_INV_PI,V1_INV_PI,2,0,1.0,200,0.622331,0.521016,0.655047,0.62243,0.454665,0.549678,0.998691,0.181515,0.01747,0.264444,0.112222,1.0,3.9,0,0,,2026-09-19T02:39:05,
1788,run_1789774700_1967,0,2029,-1.407717009158206,-0.32095269447052,V1_INV_PI,V1_INV_PI,2,0,1.0,200,0.628473,0.537076,0.651235,0.619468,0.458952,0.566239,0.998799,0.11884,0.016094,0.263333,0.067778,1.0,4.0,0,0,,2026-09-19T02:39:05,
1789,run_1789774700_1967,0,2030,0.07500608958172039,1.0616454757383436,V1_INV_PI,V1_INV_PI,2,0,1.0,200,0.817855,0.867329,0.863981,0.600322,0.641827,0.901634,0.999053,0.0,0.080842,0.551111,0.001111,1.0,4.1,0,0,,2026-09-19T02:39:05,
1790,run_1789774700_1967,0,2031,0.9056813904936929,-0.14467389048961787,V1_INV_PI,V1_INV_PI,2,0,1.0,200,0.834767,0.889811,0.885961,0.598632,0.703491,0.896722,0.997291,0.0,0.016054,0.718889,0.001111,1.0,3.9,0,0,,2026-09-19T02:39:05,
1791,run_1789774700_1967,0,2032,-0.3327984801971824,-1.0440190266393583,V1_INV_PI,V1_INV_PI,2,0,1.0,200,0.79725,0.828172,0.849969,0.602514,0.593734,0.890978,0.997519,0.0,0.050548,0.468889,0.001111,1.0,4.9,0,0,,2026-09-19T02:39:05,
1792,run_1789774700_1967,0,2033,-1.4165799510072528,0.2471156097772207,V1_INV_PI,V1_INV_PI,2,0,1.0,200,0.621638,0.528373,0.646972,0.622338,0.4363,0.558659,0.99936,0.188093,0.015346,0.26,0.121111,1.0,3.9,0,0,,2026-09-19T02:39:05,
1793,run_1789774700_1967,0,2034,-1.4493323192764316,1.0621134778233563,V1_INV_PI,V1_INV_PI,2,0,1.0,200,0.680389,0.637527,0.677009,0.606405,0.498312,0.69379,0.997866,0.003127,0.014126,0.336667,0.001111,1.0,3.9,0,0,,2026-09-19T02:39:05,
1794,run_1789774700_1967,0,2035,-0.09889887557461541,0.15584789748785388,V1_INV_PI,V1_INV_PI,2,0,1.0,200,0.725983,0.671774,0.888935,0.631702,0.532409,0.777901,0.889315,0.056699,0.084283,0.451111,0.036667,0.963333,3.9,0,0,,2026-09-19T02:39:05,
1795,run_1789774700_1967,0,2036,-0.19709678407971687,-0.44664386607663065,V1_INV_PI,V1_INV_PI,2,0,1.0,200,0.728453,0.671954,0.882161,0.631616,0.53042,0.7818,0.91043,0.058494,0.098449,0.438889,0.043333,0.964444,4.0,0,0,,2026-09-19T02:39:05,
1796,run_1789774700_1967,0,2037,0.14804203035899266,0.2067644803650861,V1_INV_PI,V1_INV_PI,2,0,1.0,200,0.709369,0.582534,0.89086,0.603547,0.508755,0.815884,0.939194,0.011393,0.016061,0.496667,0.01,0.997778,3.8,0,0,,2026-09-19T02:39:05,
1797,run_1789774700_1967,0,2038,-0.7214979624155646,1.0001853901302409,V1_INV_PI,V1_INV_PI,2,0,1.0,200,0.78275,0.802004,0.824352,0.605673,0.58026,0.873234,0.998139,0.010281,0.040388,0.402222,0.001111,1.0,4.1,0,0,,2026-09-19T02:39:05,
1798,run_1789774700_1967,0,2039,-0.7129040490670986,-0.015505865713449696,V1_INV_PI,V1_INV_PI,2,0,1.0,200,0.750992,0.744476,0.809987,0.667632,0.521417,0.77214,0.994644,0.240838,0.019554,0.387778,0.067778,0.612222,4.6,0,0,,2026-09-19T02:39:05,
1799,run_1789774700_1967,0,2040,-0.42140553948089354,1.1471489519267235,V1_INV_PI,V1_INV_PI,2,0,1.0,200,0.797747,0.829972,0.839042,0.602414,0.608439,0.886666,0.998464,0.0,0.040448,0.468889,0.001111,1.0,3.9,0,0,,2026-09-19T02:39:05,
1800,run_1789774700_1967,0,2041,-1.4521481749277918,1.1085992305286456,V1_INV_PI,V1_INV_PI,2,0,1.0,200,0.684875,0.64369,0.678554,0.605962,0.50982,0.700821,0.997861,0.0,0.014591,0.344444,0.001111,1.0,3.9,0,0,,2026-09-19T02:39:05,
1801,run_1789774700_1967,0,2042,-0.6277694672272978,-0.13114692332179212,V1_INV_PI,V1_INV_PI,2,0,1.0,200,0.771476,0.770361,0.826421,0.685452,0.554775,0.797866,0.994726,0.239522,0.019058,0.364444,0.067778,0.635556,4.6,0,0,,2026-09-19T02:39:05,
1802,run_1789774700_1967,0,2043,0.24342014226033437,0.4627765587391741,V1_INV_PI,V1_INV_PI,2,0,1.0,200,0.81802,0.874399,0.887927,0.600758,0.597759,0.911005,0.998685,0.0,0.103151,0.528889,0.001111,1.0,4.8,0,0,,2026-09-19T02:39:05,
1803,run_1789774700_1967,0,2044,-0.4444507866278875,-0.7593545700788438,V1_INV_PI,V1_INV_PI,2,0,1.0,200,0.763503,0.728328,0.860904,0.607678,0.538999,0.886255,0.982302,0.051981,0.06606,0.418889,0.054444,1.0,4.0,0,0,,2026-09-19T02:39:05,
1804,run_1789774700_1967,0,2045,-0.2980138819149767,0.5932444758658619,V1_INV_PI,V1_INV_PI,2,0,1.0,200,0.72992,0.665732,0.874742,0.62916,0.528173,0.801565,0.92294,0.055655,0.14918,0.428889,0.041111,0.968889,3.9,0,0,,2026-09-19T02:39:05,
1805,run_1789774700_1967,0,2046,-1.4104457376305217,-0.8935215253843569,V1_INV_PI,V1_INV_PI,2,0,1.0,200,0.676081,0.630081,0.679855,0.608391,0.492614,0.678162,0.998047,0.0,0.009827,0.313333,0.001111,1.0,3.9,0,0,,2026-09-19T02:39:05,
1806,run_1789774700_1967,0,2047,0.41859644208361413,0.88562494052179,V1_INV_PI,V1_INV_PI,2,0,1.0,200,0.838511,0.888924,0.879606,0.599451,0.726199,0.904592,0.998685,0.0,0.031401,0.616667,0.001111,1.0,3.9,0,0,,2026-09-19T02:39:05,
1807,run_1789774700_1967,0,2048,-1.4956578094101591,0.9097975884210852,V1_INV_PI,V1_INV_PI,2,0,1.0,200,0.669077,0.61984,0.663657,0.607729,0.489955,0.668056,0.998047,0.0,0.012133,0.312222,0.001111,1.0,3.9,0,0,,2026-09-19T02:39:05,
1808,run_1789774700_1967,0,2049,-0.5169602885689528,-0.22822531330154416,V1_INV_PI,V1_INV_PI,2,0,1.0,200,0.807557,0.81819,0.852817,0.71777,0.602115,0.85021,0.997149,0.22017,0.009418,0.378889,0.067778,0.71,4.3,0,0,,2026-09-19T02:39:05,
1809,run_1789774700_1967,0,2050,-0.3024406997122244,0.08388128014980634,V1_INV_PI,V1_INV_PI,2,0,1.0,200,0.827622,0.846432,0.884552,0.720588,0.612767,0.892779,0.996075,0.153843,0.059018,0.406667,0.036667,0.847778,4.1,0,0,,2026-09-19T02:39:05,
1810,run_1789774700_1967,0,2051,0.4480847104599561,-0.08874900489703919,V1_INV_PI,V1_INV_PI,2,0,1.0,200,0.849336,0.908584,0.894115,0.599991,0.74101,0.914231,0.998585,0.0,0.036402,0.568889,0.001111,1.0,3.9,0,0,,2026-09-19T02:39:05,
1811,run_1789774700_1967,0,2052,0.10495043115462677,1.0188349577102576,V1_INV_PI,V1_INV_PI,2,0,1.0,200,0.818471,0.869662,0.866697,0.600302,0.637851,0.903134,0.999052,0.0,0.076976,0.552222,0.001111,1.0,4.3,0,0,,2026-09-19T02:39:06,
1812,run_1789774700_1967,0,2053,-0.3112694544508643,-0.7888583222370786,V1_INV_PI,V1_INV_PI,2,0,1.0,200,0.745739,0.678584,0.864477,0.605063,0.52393,0.87254,0.97461,0.023815,0.045081,0.445556,0.018889,1.0,3.9,0,0,,2026-09-19T02:39:06,
1813,run_1789774700_1967,0,2054,-1.1655831085359583,-0.6869622528337188,V1_INV_PI,V1_INV_PI,2,0,1.0,200,0.703262,0.666644,0.733282,0.613493,0.518538,0.714642,0.997388,0.027248,0.008656,0.312222,0.005556,1.0,3.9,0,0,,2026-09-19T02:39:06,
1814,run_1789774700_1967,0,2055,0.09874054953995448,0.12063519554263125,V1_INV_PI,V1_INV_PI,2,0,1.0,200,0.677791,0.5899,0.890811,0.605824,0.510772,0.782123,0.745912,0.013406,0.052845,0.487778,0.014444,0.995556,4.1,0,0,,2026-09-19T02:39:06,
1815,run_1789774700_1967,0,2056,-1.3874935580882184,-1.1505388893868194,V1_INV_PI,V1_INV_PI,2,0,1.0,200,0.692876,0.655413,0.691431,0.605746,0.51671,0.715495,0.997437,0.0,0.010779,0.357778,0.001111,1.0,3.9,0,0,,2026-09-19T02:39:06,
1816,run_1789774700_1967,0,2057,0.18992127011973525,-1.0686101390550038,V1_INV_PI,V1_INV_PI,2,0,1.0,200,0.829084,0.877479,0.866453,0.599871,0.697579,0.901826,0.999035,0.0,0.046917,0.577778,0.001111,1.0,4.1,0,0,,2026-09-19T02:39:06,
1817,run_1789774700_1967,0,2058,0.4011574731558083,0.41617418900086545,V1_INV_PI,V1_INV_PI,2,0,1.0,200,0.84647,0.904659,0.89034,0.600008,0.733399,0.912963,0.99866,0.0,0.038693,0.561111,0.001111,1.0,4.0,0,0,,2026-09-19T02:39:06,
1818,run_1789774700_1967,0,2059,-0.4171826372318437,-0.3222939296943419,V1_INV_PI,V1_INV_PI,2,0,1.0,200,0.82324,0.839088,0.876856,0.719703,0.600149,0.89582,0.997259,0.1599,0.036913,0.393333,0.058889,0.837778,4.2,0,0,,2026-09-19T02:39:06,
1819,run_1789774700_1967,0,2060,-0.4740609522988475,-1.062015095854518,V1_INV_PI,V1_INV_PI,2,0,1.0,200,0.788597,0.810515,0.841452,0.603347,0.577124,0.887125,0.997407,0.005697,0.037184,0.446667,0.001111,1.0,4.7,0,0,,2026-09-19T02:39:06,
1820,run_1789774700_1967,0,2061,0.5954677130086119,-0.2701313389029055,V1_INV_PI,V1_INV_PI,2,0,1.0,200,0.84943,0.905862,0.894992,0.599409,0.748623,0.911641,0.998433,0.0,0.024945,0.611111,0.001111,1.0,3.8,0,0,,2026-09-19T02:39:06,
1821,run_1789774700_1967,0,2062,-1.4562514554016757,-0.40823121137986307,V1_INV_PI,V1_INV_PI,2,0,1.0,200,0.634045,0.551652,0.644991,0.615676,0.464649,0.584104,0.998126,0.066237,0.009597,0.26,0.018889,1.0,4.2,0,0,,2026-09-19T02:39:06,
1822,run_1789774700_1967,0,2063,-0.8335269517413291,-0.7408475371064623,V1_INV_PI,V1_INV_PI,2,0,1.0,200,0.770777,0.776296,0.815439,0.611604,0.573726,0.846642,0.997275,0.051354,0.018827,0.356667,0.01,1.0,4.6,0,0,,2026-09-19T02:39:06,
1823,run_1789774700_1967,0,2064,-0.9907575980835257,-0.9694265685490528,V1_INV_PI,V1_INV_PI,2,0,1.0,200,0.760768,0.765698,0.784454,0.607399,0.582902,0.822622,0.998247,0.003127,0.013892,0.364444,0.001111,1.0,3.9,0,0,,2026-09-19T02:39:06,
1824,run_1789774700_1967,0,2065,-1.3875558043794398,-0.6947805912968862,V1_INV_PI,V1_INV_PI,2,0,1.0,200,0.658328,0.59341,0.672782,0.611632,0.480869,0.636321,0.99823,0.016418,0.006518,0.29,0.001111,1.0,4.4,0,0,,2026-09-19T02:39:06,
1825,run_1789774700_1967,0,2066,-0.3926752756740757,0.17831892830172325,V1_INV_PI,V1_INV_PI,2,0,1.0,200,0.83838,0.863903,0.878127,0.736297,0.630282,0.905305,0.999353,0.177669,0.044409,0.398889,0.041111,0.805556,4.2,0,0,,2026-09-19T02:39:06,
1826,run_1789774700_1967,0,2067,-0.5180942409845682,-0.12109428752950047,V1_INV_PI,V1_INV_PI,2,0,1.0,200,0.789236,0.794039,0.843218,0.702656,0.576759,0.820187,0.995353,0.229368,0.017281,0.375556,0.067778,0.678889,4.5,0,0,,2026-09-19T02:39:06,
1827,run_1789774700_1967,0,2068,-1.1350787926705281,-0.47987436239668635,V1_INV_PI,V1_INV_PI,2,0,1.0,200,0.694764,0.652749,0.727261,0.618677,0.501335,0.69863,0.997943,0.07964,0.010358,0.3,0.036667,1.0,4.1,0,0,,2026-09-19T02:39:06,
1828,run_1789774700_1967,0,2069,-0.6547825869886537,0.8131142417343262,V1_INV_PI,V1_INV_PI,2,0,1.0,200,0.788785,0.806263,0.842407,0.607956,0.580702,0.886706,0.997025,0.03536,0.020135,0.391111,0.005556,1.0,4.0,0,0,,2026-09-19T02:39:06,
1829,run_1789774700_1967,0,2070,0.7838756898298764,0.8437240709157308,V1_INV_PI,V1_INV_PI,2,0,1.0,200,0.821992,0.871406,0.866913,0.598622,0.678435,0.88628,0.997353,0.0,0.017096,0.742222,0.001111,1.0,3.9,0,0,,2026-09-19T02:39:06,
1830,run_1789774700_1967,0,2071,0.6050105208844285,0.8439611969563978,V1_INV_PI,V1_INV_PI,2,0,1.0,200,0.835428,0.885742,0.879882,0.598994,0.716475,0.899772,0.998163,0.0,0.027478,0.663333,0.001111,1.0,3.8,0,0,,2026-09-19T02:39:06,
1831,run_1789774700_1967,0,2072,0.6232597956638735,0.6304785853470909,V1_INV_PI,V1_INV_PI,2,0,1.0,200,0.841448,0.894854,0.887639,0.599128,0.728037,0.905174,0.998253,0.0,0.028831,0.647778,0.001111,1.0,4.0,0,0,,2026-09-19T02:39:06,
1832,run_1789774700_1967,0,2073,0.2233407898622426,0.24724725319758645,V1_INV_PI,V1_INV_PI,2,0,1.0,200,0.811313,0.858567,0.890981,0.601179,0.577444,0.910249,0.997958,0.0,0.147378,0.513333,0.001111,1.0,3.8,0,0,,2026-09-19T02:39:06,
1833,run_1789774700_1967,0,2074,-1.3113594002639801,-0.06631564488079311,V1_INV_PI,V1_INV_PI,2,0,1.0,200,0.606241,0.492616,0.662986,0.617971,0.416433,0.524274,0.998918,0.324093,0.025803,0.266667,0.176667,1.0,4.3,0,0,,2026-09-19T02:39:06,
1834,run_1789774700_1967,0,2075,0.15511874646496926,1.1070841393918045,V1_INV_PI,V1_INV_PI,2,0,1.0,200,0.825896,0.873783,0.8635,0.599916,0.68652,0.900638,0.999092,0.0,0.051878,0.576667,0.001111,1.0,3.8,0,0,,2026-09-19T02:39:06,
1835,run_1789774700_1967,0,2076,-0.25429628376423996,0.9608127517772076,V1_INV_PI,V1_INV_PI,2,0,1.0,200,0.787433,0.802441,0.85807,0.602551,0.561982,0.892776,0.996774,0.005697,0.063301,0.468889,0.005556,1.0,3.8,0,0,,2026-09-19T02:39:06,
1836,run_1789774700_1967,0,2077,-0.29118978156595077,1.0910005449035667,V1_INV_PI,V1_INV_PI,2,0,1.0,200,0.794234,0.822796,0.848985,0.60204,0.585931,0.888881,0.997727,0.003127,0.064062,0.482222,0.001111,1.0,4.0,0,0,,2026-09-19T02:39:06,
1837,run_1789774700_1967,0,2078,0.38439752287418427,-0.733116412712385,V1_INV_PI,V1_INV_PI,2,0,1.0,200,0.842269,0.895751,0.882856,0.599738,0.732168,0.908701,0.998749,0.0,0.035201,0.584444,0.001111,1.0,3.8,0,0,,2026-09-19T02:39:06,
1838,run_1789774700_1967,0,2079,-1.3526679207596535,-0.26219583370439326,V1_INV_PI,V1_INV_PI,2,0,1.0,200,0.624384,0.524918,0.65801,0.624809,0.450923,0.555271,0.998686,0.22085,0.023296,0.263333,0.143333,1.0,3.9,0,0,,2026-09-19T02:39:06,
1839,run_1789774700_1967,0,2080,0.9439229736296144,0.2047389903652519,V1_INV_PI,V1_INV_PI,2,0,1.0,200,0.829495,0.884265,0.880591,0.598551,0.687714,0.892269,0.997066,0.0,0.014161,0.74,0.001111,1.0,3.9,0,0,,2026-09-19T02:39:06,
1840,run_1789774700_1967,0,2081,-0.3844326505545099,0.60548111435253,V1_INV_PI,V1_INV_PI,2,0,1.0,200,0.746244,0.694135,0.871466,0.641371,0.536397,0.823885,0.944946,0.074878,0.070891,0.418889,0.05,0.952222,3.9,0,0,,2026-09-19T02:39:06,
1841,run_1789774700_1967,0,2082,0.5340582485224115,0.41424440500539084,V1_INV_PI,V1_INV_PI,2,0,1.0,200,0.848511,0.904202,0.891978,0.599538,0.748387,0.911248,0.998583,0.0,0.02709,0.601111,0.001111,1.0,3.9,0,0,,2026-09-19T02:39:06,
1842,run_1789774700_1967,0,2083,-0.5274314550215562,-0.4013090161852292,V1_INV_PI,V1_INV_PI,2,0,1.0,200,0.825977,0.842258,0.867491,0.726091,0.612316,0.897995,0.99886,0.178989,0.039882,0.381111,0.054444,0.808889,4.2,0,0,,2026-09-19T02:39:06,
1843,run_1789774700_1967,0,2084,-1.4974902689825018,-0.06981750918524288,V1_INV_PI,V1_INV_PI,2,0,1.0,200,0.588963,0.471327,0.618904,0.627156,0.397373,0.498403,0.999039,0.283048,0.014803,0.242222,0.19,1.0,3.9,0,0,,2026-09-19T02:39:06,
1844,run_1789774700_1967,0,2085,0.7564515762372568,-0.9601887049510002,V1_INV_PI,V1_INV_PI,2,0,1.0,200,0.811839,0.860263,0.854216,0.598608,0.650176,0.878085,0.997399,0.0,0.01784,0.758889,0.001111,1.0,3.9,0,0,,2026-09-19T02:39:06,
1845,run_1789774700_1967,0,2086,-0.8899764652568898,0.3585739630074254,V1_INV_PI,V1_INV_PI,2,0,1.0,200,0.742287,0.721618,0.793594,0.648628,0.543205,0.762883,0.997571,0.329564,0.008299,0.326667,0.19,1.0,5.1,0,0,,2026-09-19T02:39:06,
1846,run_1789774700_1967,0,2087,-0.48937634588449397,-0.9009239816479699,V1_INV_PI,V1_INV_PI,2,0,1.0,200,0.776504,0.772668,0.850159,0.60527,0.551999,0.887625,0.993864,0.025887,0.040551,0.424444,0.023333,1.0,3.9,0,0,,2026-09-19T02:39:06,
1847,run_1789774700_1967,0,2088,0.6884368813073913,-0.8692019931821944,V1_INV_PI,V1_INV_PI,2,0,1.0,200,0.830108,0.879934,0.875279,0.598782,0.701222,0.894399,0.997812,0.0,0.022462,0.698889,0.001111,1.0,3.8,0,0,,2026-09-19T02:39:06,
1848,run_1789774700_1967,0,2089,0.32533852001150376,-0.8722265985058851,V1_INV_PI,V1_INV_PI,2,0,1.0,200,0.838327,0.889896,0.87802,0.599754,0.722485,0.906579,0.998849,0.0,0.037532,0.585556,0.001111,1.0,3.8,0,0,,2026-09-19T02:39:06,
1849,run_1789774700_1967,0,2090,-0.20461560270315804,-0.23777583760109688,V1_INV_PI,V1_INV_PI,2,0,1.0,200,0.759144,0.721548,0.88625,0.652571,0.548637,0.82054,0.95038,0.084051,0.06214,0.431111,0.045556,0.937778,4.0,0,0,,2026-09-19T02:39:06,
1850,run_1789774700_1967,0,2091,-0.6211998176032041,0.4279143685352049,V1_INV_PI,V1_INV_PI,2,0,1.0,200,0.821253,0.833334,0.856413,0.725239,0.614179,0.890923,0.999374,0.1978,0.025493,0.367778,0.072222,0.78,4.2,0,0,,2026-09-19T02:39:06,
1851,run_1789774700_1967,0,2092,-1.4111650630008046,-0.30236824449208877,V1_INV_PI,V1_INV_PI,2,0,1.0,200,0.621573,0.525422,0.648601,0.62001,0.447941,0.552416,0.999152,0.14404,0.011891,0.26,0.076667,1.0,3.9,0,0,,2026-09-19T02:39:06,
1852,run_1789774700_1967,0,2093,0.4188615318547,-0.4036607104976062,V1_INV_PI,V1_INV_PI,2,0,1.0,200,0.847247,0.905093,0.890796,0.59995,0.737383,0.913023,0.99867,0.0,0.036857,0.565556,0.001111,1.0,3.8,0,0,,2026-09-19T02:39:06,
1853,run_1789774700_1967,0,2094,0.8933015059107805,0.9447044799202733,V1_INV_PI,V1_INV_PI,2,0,1.0,200,0.811053,0.853771,0.851308,0.598393,0.667167,0.870398,0.996803,0.0,0.012115,0.823333,0.001111,1.0,3.8,0,0,,2026-09-19T02:39:06,
1854,run_1789774700_1967,0,2095,-0.4162825799559029,0.7520071515212408,V1_INV_PI,V1_INV_PI,2,0,1.0,200,0.765514,0.737363,0.862642,0.607159,0.541265,0.882963,0.980458,0.039622,0.038526,0.42,0.041111,1.0,3.8,0,0,,2026-09-19T02:39:06,
1855,run_1789774700_1967,0,2096,-0.986852586568916,0.3448121124135646,V1_INV_PI,V1_INV_PI,2,0,1.0,200,0.713833,0.678868,0.764335,0.633725,0.511729,0.720266,0.997384,0.273383,0.007707,0.312222,0.161111,1.0,4.2,0,0,,2026-09-19T02:39:06,
1856,run_1789774700_1967,0,2097,-0.9149704065331286,0.21889671616783057,V1_INV_PI,V1_INV_PI,2,0,1.0,200,0.68552,0.603783,0.758024,0.660156,0.484984,0.665055,0.995611,0.469926,0.01752,0.314444,0.365556,0.974444,4.2,0,0,,2026-09-19T02:39:06,
1857,run_1789774700_1967,0,2098,-0.2090732540543887,-0.18186822310161066,V1_INV_PI,V1_INV_PI,2,0,1.0,200,0.766746,0.731835,0.886579,0.65725,0.553359,0.834206,0.960519,0.089394,0.064025,0.427778,0.045556,0.932222,4.1,0,0,,2026-09-19T02:39:06,
1858,run_1789774700_1967,0,2099,0.17022686505944806,-0.9815778232541222,V1_INV_PI,V1_INV_PI,2,0,1.0,200,0.82738,0.879369,0.869967,0.600117,0.67652,0.904604,0.999046,0.0,0.05858,0.561111,0.001111,1.0,3.9,0,0,,2026-09-19T02:39:06,
1859,run_1789774700_1967,0,2100,0.22600413633021899,1.1299286616261817,V1_INV_PI,V1_INV_PI,2,0,1.0,200,0.828035,0.874614,0.864704,0.599655,0.699867,0.899298,0.999018,0.0,0.042577,0.597778,0.001111,1.0,4.7,0,0,,2026-09-19T02:39:06,
1860,run_1789774700_1967,0,2101,0.6345840401089045,-0.5026373794391615,V1_INV_PI,V1_INV_PI,2,0,1.0,200,0.845094,0.900037,0.892182,0.599177,0.735622,0.908612,0.998307,0.0,0.029684,0.634444,0.001111,1.0,4.1,0,0,,2026-09-19T02:39:06,
1861,run_1789774700_1967,0,2102,0.054609191953126635,0.4853593582189988,V1_INV_PI,V1_INV_PI,2,0,1.0,200,0.668426,0.587387,0.884784,0.60398,0.508679,0.763632,0.716118,0.008823,0.024559,0.49,0.01,0.997778,4.1,0,0,,2026-09-19T02:39:06,
1862,run_1789774700_1967,0,2103,-1.2990179381231544,-0.8940036308563005,V1_INV_PI,V1_INV_PI,2,0,1.0,200,0.693998,0.656553,0.706313,0.608965,0.512591,0.706539,0.997991,0.0,0.008396,0.322222,0.001111,1.0,4.6,0,0,,2026-09-19T02:39:06,
1863,run_1789774700_1967,0,2104,0.1388099119547479,0.811928924734717,V1_INV_PI,V1_INV_PI,2,0,1.0,200,0.820635,0.875484,0.875734,0.600627,0.629483,0.907002,0.998917,0.0,0.085421,0.537778,0.001111,1.0,4.1,0,0,,2026-09-19T02:39:06,
1864,run_1789774700_1967,0,2105,0.9503752845031688,0.49776160105261513,V1_INV_PI,V1_INV_PI,2,0,1.0,200,0.814361,0.866412,0.860448,0.598498,0.651148,0.878022,0.996942,0.0,0.012273,0.78,0.001111,1.0,3.9,0,0,,2026-09-19T02:39:06,
1865,run_1789774700_1967,0,2106,-1.2729005379798601,0.7836207876774228,V1_INV_PI,V1_INV_PI,2,0,1.0,200,0.694309,0.650976,0.712411,0.610994,0.522439,0.699484,0.998436,0.012404,0.009403,0.312222,0.001111,1.0,4.0,0,0,,2026-09-19T02:39:06,
1866,run_1789774700_1967,0,2107,0.3275416358024428,0.7386851795204581,V1_INV_PI,V1_INV_PI,2,0,1.0,200,0.840499,0.895136,0.881989,0.599935,0.721426,0.909257,0.998826,0.0,0.040527,0.572222,0.001111,1.0,3.8,0,0,,2026-09-19T02:39:06,
1867,run_1789774700_1967,0,2108,-1.3977210786633298,-0.5219727200944015,V1_INV_PI,V1_INV_PI,2,0,1.0,200,0.635952,0.564397,0.656692,0.613714,0.42958,0.600639,0.998394,0.020198,0.009763,0.274444,0.001111,1.0,3.9,0,0,,2026-09-19T02:39:06,
1868,run_1789774700_1967,0,2109,-0.5855820921082026,-0.8019521663882851,V1_INV_PI,V1_INV_PI,2,0,1.0,200,0.783948,0.789024,0.849497,0.607876,0.568075,0.891547,0.994287,0.055824,0.034656,0.397778,0.027778,1.0,3.9,0,0,,2026-09-19T02:39:06,
1869,run_1789774700_1967,0,2110,0.754859848339148,-0.04862227339005787,V1_INV_PI,V1_INV_PI,2,0,1.0,200,0.845049,0.901628,0.8949,0.598995,0.731793,0.907288,0.997973,0.0,0.024586,0.656667,0.001111,1.0,3.8,0,0,,2026-09-19T02:39:06,
1870,run_1789774700_1967,0,2111,0.45928984084936353,-0.9971620500733955,V1_INV_PI,V1_INV_PI,2,0,1.0,200,0.833688,0.881438,0.874915,0.599209,0.716739,0.899482,0.998509,0.0,0.033488,0.645556,0.001111,1.0,3.8,0,0,,2026-09-19T02:39:06,
1871,run_1789774700_1967,0,2112,0.16826952209503276,-1.0311006120144837,V1_INV_PI,V1_INV_PI,2,0,1.0,200,0.82783,0.878073,0.867622,0.600026,0.685523,0.903162,0.999077,0.0,0.053874,0.568889,0.001111,1.0,4.0,0,0,,2026-09-19T02:39:06,
1872,run_1789774700_1967,0,2113,-0.6525365080747065,0.8763023691039356,V1_INV_PI,V1_INV_PI,2,0,1.0,200,0.785139,0.798865,0.83912,0.607025,0.574559,0.885318,0.996797,0.030573,0.028637,0.398889,0.005556,1.0,4.0,0,0,,2026-09-19T02:39:06,
1873,run_1789774700_1967,0,2114,0.6754383089598477,0.4282921446930241,V1_INV_PI,V1_INV_PI,2,0,1.0,200,0.844947,0.900176,0.893028,0.599108,0.734572,0.907792,0.998188,0.0,0.027749,0.645556,0.001111,1.0,3.9,0,0,,2026-09-19T02:39:07,
1874,run_1789774700_1967,0,2115,-0.7890832347746568,0.41246579765235336,V1_INV_PI,V1_INV_PI,2,0,1.0,200,0.766825,0.757531,0.817979,0.665287,0.567246,0.801096,0.998006,0.36748,0.01016,0.34,0.294444,1.0,4.1,0,0,,2026-09-19T02:39:07,
1875,run_1789774700_1967,0,2116,0.5257172180574807,-1.054343363365608,V1_INV_PI,V1_INV_PI,2,0,1.0,200,0.828741,0.875036,0.869606,0.598974,0.70585,0.893876,0.998238,0.0,0.028774,0.671111,0.001111,1.0,3.8,0,0,,2026-09-19T02:39:07,
1876,run_1789774700_1967,0,2117,-0.8654429524511346,0.2641898731118886,V1_INV_PI,V1_INV_PI,2,0,1.0,200,0.739497,0.70654,0.791979,0.684654,0.538677,0.740087,0.997017,0.407202,0.005395,0.328889,0.238889,1.0,4.1,0,0,,2026-09-19T02:39:07,
1877,run_1789774700_1967,0,2118,0.9868769015104881,-0.8183484662901248,V1_INV_PI,V1_INV_PI,2,0,1.0,200,0.813956,0.858238,0.856826,0.598298,0.671337,0.872955,0.996558,0.0,0.012187,0.836667,0.001111,1.0,3.8,0,0,,2026-09-19T02:39:07,
1878,run_1789774700_1967,0,2119,-1.3167895200733422,-0.15814184325587455,V1_INV_PI,V1_INV_PI,2,0,1.0,200,0.611623,0.497763,0.662439,0.646503,0.409673,0.529956,0.99931,0.366995,0.011697,0.265556,0.305556,1.0,4.4,0,0,,2026-09-19T02:39:07,
1879,run_1789774700_1967,0,2120,0.9895998925365808,0.9956784581059435,V1_INV_PI,V1_INV_PI,2,0,1.0,200,0.815771,0.857004,0.858316,0.598194,0.683106,0.874055,0.996459,0.0,0.012082,0.862222,0.001111,1.0,3.8,0,0,,2026-09-19T02:39:07,
1880,run_1789774700_1967,0,2121,0.6975353771982991,-0.30713025423655615,V1_INV_PI,V1_INV_PI,2,0,1.0,200,0.846732,0.902459,0.895501,0.599097,0.739025,0.909014,0.998144,0.0,0.027162,0.643333,0.001111,1.0,3.8,0,0,,2026-09-19T02:39:07,
1881,run_1789774700_1967,0,2122,-1.045271397140194,-0.07090389184670753,V1_INV_PI,V1_INV_PI,2,0,1.0,200,0.669891,0.612734,0.737776,0.596938,0.463272,0.649135,0.997593,0.273006,0.00434,0.357778,0.13,0.642222,4.4,0,0,,2026-09-19T02:39:07,
1882,run_1789774700_1967,0,2123,0.3170471974542983,-0.2857958293309477,V1_INV_PI,V1_INV_PI,2,0,1.0,200,0.836934,0.900879,0.891535,0.600518,0.67284,0.914426,0.998776,0.0,0.065297,0.537778,0.001111,1.0,3.9,0,0,,2026-09-19T02:39:07,
1883,run_1789774700_1967,0,2124,-0.34878290205369455,-0.6375089192602467,V1_INV_PI,V1_INV_PI,2,0,1.0,200,0.729594,0.661571,0.870957,0.622391,0.526669,0.820732,0.920596,0.080711,0.036231,0.425556,0.085556,0.998889,3.9,0,0,,2026-09-19T02:39:07,
1884,run_1789774700_1967,0,2125,0.2561196420276157,0.5230927232116815,V1_INV_PI,V1_INV_PI,2,0,1.0,200,0.82548,0.886755,0.886923,0.60058,0.627316,0.911631,0.998824,0.0,0.083241,0.536667,0.001111,1.0,4.0,0,0,,2026-09-19T02:39:07,
1885,run_1789774700_1967,0,2126,0.8396032049026689,-0.9344474444617084,V1_INV_PI,V1_INV_PI,2,0,1.0,200,0.809625,0.85455,0.849851,0.59849,0.656553,0.871332,0.997022,0.0,0.01351,0.797778,0.001111,1.0,3.9,0,0,,2026-09-19T02:39:07,
1886,run_1789774700_1967,0,2127,-1.0655040579221597,0.5764600127783925,V1_INV_PI,V1_INV_PI,2,0,1.0,200,0.719684,0.691602,0.754998,0.617264,0.533277,0.742248,0.997439,0.07964,0.013854,0.314444,0.018889,1.0,3.9,0,0,,2026-09-19T02:39:07,
1887,run_1789774700_1967,0,2128,-0.18849260656871158,1.1077392769650414,V1_INV_PI,V1_INV_PI,2,0,1.0,200,0.799518,0.833955,0.852862,0.601429,0.596052,0.891912,0.997941,0.0,0.067886,0.503333,0.001111,1.0,3.9,0,0,,2026-09-19T02:39:07,
1888,run_1789774700_1967,0,2129,0.9176542929235163,-0.28485944270965324,V1_INV_PI,V1_INV_PI,2,0,1.0,200,0.831255,0.886066,0.882098,0.598586,0.693017,0.894057,0.997168,0.0,0.014996,0.73,0.001111,1.0,4.1,0,0,,2026-09-19T02:39:07,
1889,run_1789774700_1967,0,2130,0.18746845922539768,0.35497176389899376,V1_INV_PI,V1_INV_PI,2,0,1.0,200,0.799642,0.828052,0.889602,0.601334,0.557366,0.905382,0.997174,0.005697,0.14638,0.514444,0.001111,1.0,4.3,0,0,,2026-09-19T02:39:07,
1890,run_1789774700_1967,0,2131,-1.4362210683360785,0.4966450931435964,V1_INV_PI,V1_INV_PI,2,0,1.0,200,0.633431,0.555957,0.649498,0.613721,0.443977,0.590803,0.998277,0.028925,0.007437,0.267778,0.005556,1.0,3.9,0,0,,2026-09-19T02:39:07,
1891,run_1789774700_1967,0,2132,-1.2966193075344887,-1.136291308844418,V1_INV_PI,V1_INV_PI,2,0,1.0,200,0.693105,0.657088,0.704763,0.606165,0.503002,0.715011,0.996613,0.0,0.012638,0.358889,0.001111,1.0,5.1,0,0,,2026-09-19T02:39:07,
1892,run_1789774700_1967,0,2133,-1.1721341693302167,-0.3645483944160446,V1_INV_PI,V1_INV_PI,2,0,1.0,200,0.682852,0.635139,0.708151,0.620778,0.487357,0.679761,0.997734,0.112634,0.00961,0.291111,0.036667,1.0,3.9,0,0,,2026-09-19T02:39:07,
1893,run_1789774700_1967,0,2134,-0.8792389377614388,-0.507174169155214,V1_INV_PI,V1_INV_PI,2,0,1.0,200,0.734278,0.71636,0.790766,0.625363,0.513971,0.773567,0.997588,0.226045,0.00914,0.332222,0.147778,1.0,5.1,0,0,,2026-09-19T02:39:07,
1894,run_1789774700_1967,0,2135,-0.7557218461316276,0.0030847676431409177,V1_INV_PI,V1_INV_PI,2,0,1.0,200,0.739887,0.727116,0.801574,0.656787,0.510209,0.757162,0.994992,0.241555,0.020632,0.392222,0.076667,0.607778,4.9,0,0,,2026-09-19T02:39:07,
1895,run_1789774700_1967,0,2136,-0.5789548872400405,0.8299768502224316,V1_INV_PI,V1_INV_PI,2,0,1.0,200,0.786502,0.799029,0.848549,0.607115,0.570899,0.889651,0.995416,0.041429,0.025371,0.403333,0.01,1.0,4.2,0,0,,2026-09-19T02:39:07,
1896,run_1789774700_1967,0,2137,0.6695599487869237,0.38697631711747205,V1_INV_PI,V1_INV_PI,2,0,1.0,200,0.846024,0.901653,0.893942,0.599142,0.737203,0.908882,0.998235,0.0,0.02841,0.638889,0.001111,1.0,4.5,0,0,,2026-09-19T02:39:07,
1897,run_1789774700_1967,0,2138,0.15164374492012866,0.5845257069097176,V1_INV_PI,V1_INV_PI,2,0,1.0,200,0.815812,0.868668,0.883721,0.601077,0.600055,0.907593,0.998523,0.0,0.116934,0.517778,0.001111,1.0,3.9,0,0,,2026-09-19T02:39:07,
1898,run_1789774700_1967,0,2139,-0.25866371452487735,0.16044425224821723,V1_INV_PI,V1_INV_PI,2,0,1.0,200,0.794518,0.783171,0.885126,0.683429,0.569801,0.872205,0.980939,0.118127,0.049619,0.418889,0.054444,0.898889,4.1,0,0,,2026-09-19T02:39:07,
1899,run_1789774700_1967,0,2140,0.058705007055249725,-0.17287381046019856,V1_INV_PI,V1_INV_PI,2,0,1.0,200,0.681579,0.603408,0.890254,0.609534,0.513387,0.75906,0.765943,0.018333,0.20648,0.482222,0.018889,0.991111,4.0,0,0,,2026-09-19T02:39:07,
1900,run_1789774700_1967,0,2141,0.7418706394101804,0.7206358842269969,V1_INV_PI,V1_INV_PI,2,0,1.0,200,0.832852,0.884179,0.87982,0.598776,0.706422,0.89599,0.997706,0.0,0.021251,0.701111,0.001111,1.0,3.9,0,0,,2026-09-19T02:39:07,
1901,run_1789774700_1967,0,2142,-0.7060329680515318,-0.7352783034407879,V1_INV_PI,V1_INV_PI,2,0,1.0,200,0.78235,0.79274,0.836347,0.611015,0.574724,0.876483,0.995862,0.073521,0.025433,0.377778,0.023333,1.0,4.0,0,0,,2026-09-19T02:39:07,
1902,run_1789774700_1967,0,2143,-0.640286229966128,-0.1775577826217476,V1_INV_PI,V1_INV_PI,2,0,1.0,200,0.773082,0.771466,0.826606,0.686572,0.560457,0.799597,0.99487,0.235671,0.02244,0.36,0.067778,0.64,4.5,0,0,,2026-09-19T02:39:07,
1903,run_1789774700_1967,0,2144,-0.6593602561832632,0.6652110428562319,V1_INV_PI,V1_INV_PI,2,0,1.0,200,0.776178,0.771294,0.84386,0.614555,0.562412,0.876415,0.991788,0.122549,0.013526,0.375556,0.087778,1.0,3.9,0,0,,2026-09-19T02:39:07,
1904,run_1789774700_1967,0,2145,-0.6502372912813401,0.42707889370597885,V1_INV_PI,V1_INV_PI,2,0,1.0,200,0.813905,0.820704,0.851632,0.719746,0.609992,0.877721,0.999105,0.20683,0.021924,0.365556,0.081111,0.775556,4.4,0,0,,2026-09-19T02:39:07,
1905,run_1789774700_1967,0,2146,-0.2371220571064181,-0.7271293980780766,V1_INV_PI,V1_INV_PI,2,0,1.0,200,0.698867,0.605276,0.869547,0.610341,0.514179,0.791964,0.864288,0.02638,0.035945,0.451111,0.036667,0.991111,3.8,0,0,,2026-09-19T02:39:07,
1906,run_1789774700_1967,0,2147,0.29445800954808954,-0.3921066547770524,V1_INV_PI,V1_INV_PI,2,0,1.0,200,0.828533,0.892049,0.889853,0.600548,0.634374,0.913239,0.998794,0.0,0.076901,0.538889,0.001111,1.0,3.9,0,0,,2026-09-19T02:39:07,
1907,run_1789774700_1967,0,2148,0.8202338867360419,1.1929380910462768,V1_INV_PI,V1_INV_PI,2,0,1.0,200,0.809345,0.847415,0.847346,0.598338,0.67232,0.868417,0.996856,0.0,0.013038,0.838889,0.001111,1.0,3.8,0,0,,2026-09-19T02:39:07,
1908,run_1789774700_1967,0,2149,0.6708255590613508,0.9459034442292007,V1_INV_PI,V1_INV_PI,2,0,1.0,200,0.825878,0.874093,0.869383,0.598765,0.692806,0.890299,0.997778,0.0,0.022216,0.708889,0.001111,1.0,3.8,0,0,,2026-09-19T02:39:07,
1909,run_1789774700_1967,0,2150,-0.4001580875738229,-0.0070593112719394835,V1_INV_PI,V1_INV_PI,2,0,1.0,200,0.833932,0.855753,0.870918,0.736863,0.639177,0.886991,0.999341,0.198297,0.015463,0.395556,0.058889,0.761111,4.3,0,0,,2026-09-19T02:39:07,
1910,run_1789774700_1967,0,2151,-0.28544326283475363,0.9640030193327476,V1_INV_PI,V1_INV_PI,2,0,1.0,200,0.793882,0.820526,0.856509,0.60271,0.577003,0.89265,0.996132,0.008058,0.065212,0.465556,0.001111,1.0,4.1,0,0,,2026-09-19T02:39:07,
1911,run_1789774700_1967,0,2152,0.29651716527525185,-0.3754150788224847,V1_INV_PI,V1_INV_PI,2,0,1.0,200,0.832528,0.896193,0.8904,0.600546,0.65318,0.913597,0.998812,0.0,0.072696,0.535556,0.001111,1.0,4.1,0,0,,2026-09-19T02:39:07,
1912,run_1789774700_1967,0,2153,-1.2052797668267483,0.7780606884031842,V1_INV_PI,V1_INV_PI,2,0,1.0,200,0.707796,0.671493,0.730457,0.611599,0.534017,0.725242,0.99817,0.023797,0.007664,0.316667,0.001111,1.0,3.9,0,0,,2026-09-19T02:39:07,
1913,run_1789774700_1967,0,2154,-0.047233545912362285,-0.18899649750228953,V1_INV_PI,V1_INV_PI,2,0,1.0,200,0.704824,0.643779,0.889314,0.621438,0.523894,0.753466,0.837751,0.039942,0.11743,0.458889,0.027778,0.976667,3.9,0,0,,2026-09-19T02:39:07,
1914,run_1789774700_1967,0,2155,-1.1103129843996673,-0.7460458907333389,V1_INV_PI,V1_INV_PI,2,0,1.0,200,0.719876,0.694281,0.751559,0.612307,0.536305,0.744704,0.997162,0.020198,0.012426,0.328889,0.001111,1.0,3.9,0,0,,2026-09-19T02:39:07,
1915,run_1789774700_1967,0,2156,0.3710717069284306,0.07756920567975012,V1_INV_PI,V1_INV_PI,2,0,1.0,200,0.844101,0.906612,0.893866,0.60034,0.708265,0.915161,0.998687,0.0,0.050851,0.548889,0.001111,1.0,3.8,0,0,,2026-09-19T02:39:07,
1916,run_1789774700_1967,0,2157,-0.1911996183999809,-1.1247400047742577,V1_INV_PI,V1_INV_PI,2,0,1.0,200,0.800191,0.835893,0.851359,0.601369,0.599506,0.891248,0.997971,0.0,0.070286,0.505556,0.001111,1.0,4.2,0,0,,2026-09-19T02:39:07,
1917,run_1789774700_1967,0,2158,0.23968447709367657,-0.4212612959013772,V1_INV_PI,V1_INV_PI,2,0,1.0,200,0.822802,0.882531,0.889008,0.600822,0.614036,0.911817,0.998777,0.0,0.099249,0.528889,0.001111,1.0,4.0,0,0,,2026-09-19T02:39:07,
1918,run_1789774700_1967,0,2159,0.13502859725309735,-0.4367362184622158,V1_INV_PI,V1_INV_PI,2,0,1.0,200,0.803157,0.839429,0.886916,0.601561,0.569106,0.901297,0.996451,0.005697,0.13863,0.505556,0.001111,1.0,3.9,0,0,,2026-09-19T02:39:07,
1919,run_1789774700_1967,0,2160,0.5789093613282508,1.1134555364041911,V1_INV_PI,V1_INV_PI,2,0,1.0,200,0.821121,0.866093,0.861454,0.598811,0.686009,0.886456,0.997922,0.0,0.024337,0.712222,0.001111,1.0,3.9,0,0,,2026-09-19T02:39:07,
1920,run_1789774700_1967,0,2161,-1.0829553926712288,0.8881808158220765,V1_INV_PI,V1_INV_PI,2,0,1.0,200,0.740006,0.729365,0.764441,0.609119,0.562426,0.78378,0.997998,0.005697,0.010604,0.345556,0.001111,1.0,3.9,0,0,,2026-09-19T02:39:07,
1921,run_1789774700_1967,0,2162,0.5676789678659575,-0.07605712356287797,V1_INV_PI,V1_INV_PI,2,0,1.0,200,0.85171,0.90879,0.896424,0.599553,0.755319,0.913572,0.99855,0.0,0.026171,0.598889,0.001111,1.0,3.9,0,0,,2026-09-19T02:39:07,
1922,run_1789774700_1967,0,2163,-0.5509692866037261,0.039237801134311745,V1_INV_PI,V1_INV_PI,2,0,1.0,200,0.777163,0.778498,0.833856,0.691438,0.559727,0.804143,0.994427,0.233268,0.029571,0.368889,0.067778,0.651111,4.5,0,0,,2026-09-19T02:39:07,
1923,run_1789774700_1967,0,2164,-0.8279007169433381,-0.08170230946505441,V1_INV_PI,V1_INV_PI,2,0,1.0,200,0.744881,0.720169,0.797359,0.694122,0.517184,0.761047,0.995877,0.403996,0.013288,0.327778,0.25,0.813333,4.6,0,0,,2026-09-19T02:39:07,
1924,run_1789774700_1967,0,2165,0.16638128487496018,0.24158468706305358,V1_INV_PI,V1_INV_PI,2,0,1.0,200,0.712183,0.58356,0.890843,0.602379,0.508522,0.802181,0.97136,0.006253,0.022212,0.503333,0.01,0.998889,3.9,0,0,,2026-09-19T02:39:07,
1925,run_1789774700_1967,0,2166,-1.253905572261634,-0.5205036171432461,V1_INV_PI,V1_INV_PI,2,0,1.0,200,0.664096,0.60539,0.692349,0.615729,0.466674,0.645735,0.997836,0.048598,0.010363,0.288889,0.001111,1.0,3.9,0,0,,2026-09-19T02:39:07,
1926,run_1789774700_1967,0,2167,-0.5021771614125001,1.140144897427745,V1_INV_PI,V1_INV_PI,2,0,1.0,200,0.78812,0.81243,0.834942,0.602957,0.580122,0.883701,0.998363,0.003127,0.037455,0.455556,0.001111,1.0,3.9,0,0,,2026-09-19T02:39:07,
1927,run_1789774700_1967,0,2168,-0.7792368632647759,0.010633601016255767,V1_INV_PI,V1_INV_PI,2,0,1.0,200,0.736741,0.722273,0.797936,0.653924,0.508486,0.752275,0.9952,0.241729,0.017709,0.393333,0.072222,0.606667,4.5,0,0,,2026-09-19T02:39:07,
1928,run_1789774700_1967,0,2169,-0.42660983690866594,0.8325247916793217,V1_INV_PI,V1_INV_PI,2,0,1.0,200,0.777471,0.771197,0.857781,0.605362,0.550568,0.892067,0.992031,0.028244,0.045446,0.427778,0.023333,1.0,3.9,0,0,,2026-09-19T02:39:07,
1929,run_1789774700_1967,0,2170,-1.2963238520307465,-0.29180252702637943,V1_INV_PI,V1_INV_PI,2,0,1.0,200,0.644729,0.559254,0.674727,0.622943,0.466795,0.603011,0.998623,0.19135,0.023977,0.27,0.141111,1.0,4.0,0,0,,2026-09-19T02:39:07,
1930,run_1789774700_1967,0,2171,0.9142853529993595,-0.5210366105931772,V1_INV_PI,V1_INV_PI,2,0,1.0,200,0.821686,0.874522,0.869664,0.598536,0.669545,0.885573,0.997051,0.0,0.013544,0.754444,0.001111,1.0,4.1,0,0,,2026-09-19T02:39:07,
1931,run_1789774700_1967,0,2172,0.4037940506294917,0.8746852579934579,V1_INV_PI,V1_INV_PI,2,0,1.0,200,0.839199,0.889475,0.878408,0.599498,0.730568,0.904984,0.998747,0.0,0.03072,0.603333,0.001111,1.0,3.9,0,0,,2026-09-19T02:39:07,
1932,run_1789774700_1967,0,2173,-1.2355261183532331,0.1914036279168223,V1_INV_PI,V1_INV_PI,2,0,1.0,200,0.623551,0.514641,0.682915,0.636398,0.431389,0.549972,0.998596,0.456732,0.013009,0.278889,0.45,0.998889,5.0,0,0,,2026-09-19T02:39:08,
1933,run_1789774700_1967,0,2174,-0.6391826140635174,-1.0474644269494766,V1_INV_PI,V1_INV_PI,2,0,1.0,200,0.782779,0.798979,0.829852,0.604598,0.575351,0.879227,0.997868,0.008058,0.037037,0.418889,0.001111,1.0,4.1,0,0,,2026-09-19T02:39:08,
1934,run_1789774700_1967,0,2175,0.7348021242207632,-0.8888367267092393,V1_INV_PI,V1_INV_PI,2,0,1.0,200,0.824024,0.87308,0.868335,0.59868,0.685451,0.88834,0.997556,0.0,0.019667,0.725556,0.001111,1.0,4.4,0,0,,2026-09-19T02:39:08,
1935,run_1789774700_1967,0,2176,0.8478847916517571,-0.06797052372866386,V1_INV_PI,V1_INV_PI,2,0,1.0,200,0.839149,0.895321,0.890315,0.598762,0.713915,0.901538,0.997596,0.0,0.019501,0.691111,0.001111,1.0,5.0,0,0,,2026-09-19T02:39:08,
1936,run_1789774700_1967,0,2177,-0.8052301509180344,1.115825799318315,V1_INV_PI,V1_INV_PI,2,0,1.0,200,0.779461,0.797147,0.807667,0.604733,0.600011,0.856822,0.998597,0.0,0.019087,0.405556,0.001111,1.0,3.9,0,0,,2026-09-19T02:39:08,
1937,run_1789774700_1967,0,2178,-1.453421131039222,-0.6546135547222117,V1_INV_PI,V1_INV_PI,2,0,1.0,200,0.641268,0.570218,0.654202,0.611499,0.452587,0.608039,0.998429,0.014444,0.00848,0.282222,0.001111,1.0,4.5,0,0,,2026-09-19T02:39:08,
1938,run_1789774700_1967,0,2179,-1.3853692688059358,0.1056378634454338,V1_INV_PI,V1_INV_PI,2,0,1.0,200,0.600296,0.484173,0.643215,0.639695,0.397249,0.515431,0.999428,0.322961,0.019481,0.257778,0.225556,1.0,4.2,0,0,,2026-09-19T02:39:08,
1939,run_1789774700_1967,0,2180,0.7813517428955117,0.5357537485083259,V1_INV_PI,V1_INV_PI,2,0,1.0,200,0.836298,0.890002,0.885094,0.598788,0.711163,0.899246,0.997693,0.0,0.02091,0.691111,0.001111,1.0,4.9,0,0,,2026-09-19T02:39:08,
1940,run_1789774700_1967,0,2181,-1.0973348878054952,-0.018701433962109215,V1_INV_PI,V1_INV_PI,2,0,1.0,200,0.654954,0.589273,0.724059,0.584555,0.451966,0.625597,0.998061,0.26407,0.006785,0.351111,0.11,0.648889,4.4,0,0,,2026-09-19T02:39:08,
1941,run_1789774700_1967,0,2182,0.5991030540444324,0.5429910280118975,V1_INV_PI,V1_INV_PI,2,0,1.0,200,0.844664,0.899319,0.890507,0.599255,0.735651,0.908412,0.998401,0.0,0.031455,0.627778,0.001111,1.0,4.0,0,0,,2026-09-19T02:39:08,
1942,run_1789774700_1967,0,2183,0.5478894389196278,0.58586418555549,V1_INV_PI,V1_INV_PI,2,0,1.0,200,0.844703,0.899041,0.889007,0.599375,0.737342,0.908713,0.998515,0.0,0.031209,0.615556,0.001111,1.0,3.8,0,0,,2026-09-19T02:39:08,
1943,run_1789774700_1967,0,2184,-1.3671512796649854,-0.5256934051069547,V1_INV_PI,V1_INV_PI,2,0,1.0,200,0.641591,0.570925,0.664561,0.614224,0.438675,0.610005,0.998264,0.033789,0.011561,0.278889,0.005556,1.0,3.9,0,0,,2026-09-19T02:39:08,
1944,run_1789774700_1967,0,2185,0.5728309954185438,-0.3710869477157551,V1_INV_PI,V1_INV_PI,2,0,1.0,200,0.84841,0.904284,0.892977,0.599436,0.747129,0.910914,0.998473,0.0,0.025344,0.61,0.001111,1.0,3.9,0,0,,2026-09-19T02:39:08,
1945,run_1789774700_1967,0,2186,0.18650715638025694,-0.47934872732882317,V1_INV_PI,V1_INV_PI,2,0,1.0,200,0.812815,0.862984,0.88671,0.601086,0.586447,0.907932,0.998284,0.0,0.132435,0.517778,0.001111,1.0,3.9,0,0,,2026-09-19T02:39:08,
1946,run_1789774700_1967,0,2187,-0.08819246325980945,0.8567722097806276,V1_INV_PI,V1_INV_PI,2,0,1.0,200,0.804589,0.843007,0.868765,0.601858,0.594354,0.896611,0.99733,0.0,0.091153,0.491111,0.001111,1.0,3.9,0,0,,2026-09-19T02:39:08,
1947,run_1789774700_1967,0,2188,-0.12228434396690258,-0.1881793236386573,V1_INV_PI,V1_INV_PI,2,0,1.0,200,0.734599,0.683881,0.88819,0.635991,0.535884,0.789572,0.90789,0.064951,0.095247,0.441111,0.036667,0.958889,3.9,0,0,,2026-09-19T02:39:08,
1948,run_1789774700_1967,0,2189,0.7230673432483767,-0.34519520216033106,V1_INV_PI,V1_INV_PI,2,0,1.0,200,0.844051,0.89963,0.892949,0.599015,0.731049,0.906566,0.998044,0.0,0.025498,0.654444,0.001111,1.0,3.9,0,0,,2026-09-19T02:39:08,
1949,run_1789774700_1967,0,2190,0.8505676060840495,0.49125407183379144,V1_INV_PI,V1_INV_PI,2,0,1.0,200,0.8335,0.887008,0.883196,0.598659,0.702943,0.896133,0.997385,0.0,0.017382,0.716667,0.001111,1.0,4.7,0,0,,2026-09-19T02:39:08,
1950,run_1789774700_1967,0,2191,-0.18254028675731315,-0.31803997906341563,V1_INV_PI,V1_INV_PI,2,0,1.0,200,0.73975,0.691472,0.885414,0.639407,0.538904,0.793901,0.921586,0.06991,0.043051,0.438889,0.045556,0.954444,4.1,0,0,,2026-09-19T02:39:08,
1951,run_1789774700_1967,0,2192,-1.4677151829341653,-1.1695284233522238,V1_INV_PI,V1_INV_PI,2,0,1.0,200,0.691625,0.651956,0.679252,0.605393,0.529646,0.712117,0.99783,0.0,0.011721,0.354444,0.001111,1.0,3.8,0,0,,2026-09-19T02:39:08,
1952,run_1789774700_1967,0,2193,-1.3401564015703988,0.3620598980406047,V1_INV_PI,V1_INV_PI,2,0,1.0,200,0.644536,0.567196,0.667392,0.618784,0.46419,0.602878,0.998336,0.113431,0.007565,0.272222,0.036667,1.0,4.1,0,0,,2026-09-19T02:39:08,
1953,run_1789774700_1967,0,2194,-0.7378053185373512,1.0979207846764092,V1_INV_PI,V1_INV_PI,2,0,1.0,200,0.778047,0.792561,0.816566,0.604693,0.580384,0.866194,0.998206,0.003127,0.031526,0.414444,0.001111,1.0,4.7,0,0,,2026-09-19T02:39:08,
1954,run_1789774700_1967,0,2195,0.5127467322343153,-0.8258078013946277,V1_INV_PI,V1_INV_PI,2,0,1.0,200,0.838704,0.889706,0.881996,0.599258,0.72501,0.903759,0.99849,0.0,0.032669,0.636667,0.001111,1.0,5.1,0,0,,2026-09-19T02:39:08,
1955,run_1789774700_1967,0,2196,-1.3629808514727824,0.48369315050276773,V1_INV_PI,V1_INV_PI,2,0,1.0,200,0.642765,0.570997,0.662962,0.614964,0.449366,0.607918,0.998226,0.03536,0.00955,0.281111,0.005556,1.0,3.9,0,0,,2026-09-19T02:39:08,
1956,run_1789774700_1967,0,2197,0.5444217235683388,-0.6734324556599496,V1_INV_PI,V1_INV_PI,2,0,1.0,200,0.842741,0.896018,0.887041,0.599311,0.732928,0.90714,0.998486,0.0,0.031622,0.625556,0.001111,1.0,4.0,0,0,,2026-09-19T02:39:08,
1957,run_1789774700_1967,0,2198,0.24167761782759967,0.26468091369889835,V1_INV_PI,V1_INV_PI,2,0,1.0,200,0.709602,0.576013,0.891218,0.601804,0.507573,0.797293,0.972768,0.003127,0.02352,0.517778,0.005556,0.998889,4.0,0,0,,2026-09-19T02:39:08,
1958,run_1789774700_1967,0,2199,0.5520503392169536,-0.6262785344967754,V1_INV_PI,V1_INV_PI,2,0,1.0,200,0.843412,0.897288,0.887929,0.599332,0.733907,0.907627,0.998475,0.0,0.031294,0.622222,0.001111,1.0,3.8,0,0,,2026-09-19T02:39:08,
1959,run_1789774700_1967,0,2200,-1.0552415242916764,0.3485644015471856,V1_INV_PI,V1_INV_PI,2,0,1.0,200,0.713175,0.680953,0.754875,0.626397,0.514257,0.726343,0.997705,0.222331,0.009605,0.302222,0.134444,1.0,4.2,0,0,,2026-09-19T02:39:08,
1960,run_1789774700_1967,0,2201,-0.5305760812883842,-1.0232195929943642,V1_INV_PI,V1_INV_PI,2,0,1.0,200,0.788674,0.809659,0.839949,0.604046,0.579278,0.887177,0.997948,0.008058,0.03876,0.432222,0.001111,1.0,3.8,0,0,,2026-09-19T02:39:08,
1961,run_1789774700_1967,0,2202,-1.0220395152072201,-0.040534864269123894,V1_INV_PI,V1_INV_PI,2,0,1.0,200,0.676108,0.624433,0.743428,0.601903,0.463626,0.660255,0.997449,0.273371,0.00971,0.367778,0.123333,0.632222,4.9,0,0,,2026-09-19T02:39:08,
1962,run_1789774700_1967,0,2203,0.606914190510202,-0.3590012569023472,V1_INV_PI,V1_INV_PI,2,0,1.0,200,0.848135,0.904299,0.894551,0.59934,0.74355,0.911195,0.998434,0.0,0.029974,0.616667,0.001111,1.0,3.9,0,0,,2026-09-19T02:39:08,
1963,run_1789774700_1967,0,2204,-0.07360953279370008,0.896542756149995,V1_INV_PI,V1_INV_PI,2,0,1.0,200,0.807531,0.848561,0.867189,0.601584,0.604061,0.898605,0.997829,0.0,0.091216,0.498889,0.001111,1.0,4.2,0,0,,2026-09-19T02:39:08,
1964,run_1789774700_1967,0,2205,-0.8476059796964319,1.148863258993803,V1_INV_PI,V1_INV_PI,2,0,1.0,200,0.772774,0.786083,0.800403,0.604658,0.588172,0.849848,0.998607,0.0,0.022357,0.401111,0.001111,1.0,3.9,0,0,,2026-09-19T02:39:08,
1965,run_1789774700_1967,0,2206,-0.0672565099045026,0.5823610154132441,V1_INV_PI,V1_INV_PI,2,0,1.0,200,0.69032,0.60071,0.879548,0.608867,0.512415,0.760861,0.839261,0.024466,0.007487,0.473333,0.027778,0.992222,4.6,0,0,,2026-09-19T02:39:08,
1966,run_1789774700_1967,0,2207,-0.7354594052455835,-0.42604382315133493,V1_INV_PI,V1_INV_PI,2,0,1.0,200,0.784722,0.778394,0.831178,0.693774,0.58182,0.829114,0.998271,0.397118,0.011652,0.347778,0.376667,1.0,4.1,0,0,,2026-09-19T02:39:08,
1967,run_1789774700_1967,0,2208,-0.26736067125554164,0.6353490403905631,V1_INV_PI,V1_INV_PI,2,0,1.0,200,0.716798,0.632955,0.873374,0.618166,0.520141,0.806336,0.905714,0.045564,0.074832,0.436667,0.05,0.982222,3.9,0,0,,2026-09-19T02:39:08,
1968,run_1789774700_1967,0,2209,0.5480159759788075,0.7363995934571752,V1_INV_PI,V1_INV_PI,2,0,1.0,200,0.840612,0.893047,0.884982,0.599246,0.727604,0.905398,0.99844,0.0,0.032282,0.633333,0.001111,1.0,3.8,0,0,,2026-09-19T02:39:08,
1969,run_1789774700_1967,0,2210,0.5776199892641642,-0.42730830940424114,V1_INV_PI,V1_INV_PI,2,0,1.0,200,0.84766,0.903451,0.892849,0.599388,0.743762,0.910849,0.998467,0.0,0.027786,0.611111,0.001111,1.0,4.0,0,0,,2026-09-19T02:39:08,
1970,run_1789774700_1967,0,2211,-1.062283930798744,-0.8285562949612977,V1_INV_PI,V1_INV_PI,2,0,1.0,200,0.740782,0.728194,0.770131,0.610256,0.561571,0.785042,0.997893,0.012404,0.016777,0.337778,0.001111,1.0,3.9,0,0,,2026-09-19T02:39:08,
1971,run_1789774700_1967,0,2212,0.6529913749824794,-1.0772855879714085,V1_INV_PI,V1_INV_PI,2,0,1.0,200,0.817412,0.863301,0.857956,0.598695,0.67341,0.882824,0.99769,0.0,0.021465,0.731111,0.001111,1.0,3.8,0,0,,2026-09-19T02:39:08,
1972,run_1789774700_1967,0,2213,0.4305021008548726,-0.04962973984323216,V1_INV_PI,V1_INV_PI,2,0,1.0,200,0.848626,0.908752,0.894126,0.600072,0.735412,0.914692,0.99862,0.0,0.038865,0.564444,0.001111,1.0,3.8,0,0,,2026-09-19T02:39:08,
1973,run_1789774700_1967,0,2214,0.9909732626972869,-0.9926473221377341,V1_INV_PI,V1_INV_PI,2,0,1.0,200,0.815824,0.857103,0.858412,0.598194,0.683171,0.874089,0.996456,0.0,0.012099,0.862222,0.001111,1.0,4.1,0,0,,2026-09-19T02:39:08,
1974,run_1789774700_1967,0,2215,-0.9699910683971169,-0.553373874025129,V1_INV_PI,V1_INV_PI,2,0,1.0,200,0.732148,0.713143,0.777968,0.619116,0.531399,0.766278,0.997651,0.130551,0.011488,0.326667,0.036667,1.0,4.1,0,0,,2026-09-19T02:39:08,
1975,run_1789774700_1967,0,2216,-0.27603185281473985,1.121252401824598,V1_INV_PI,V1_INV_PI,2,0,1.0,200,0.778113,0.782557,0.848021,0.601928,0.55083,0.886065,0.996316,0.003127,0.042055,0.491111,0.005556,1.0,3.9,0,0,,2026-09-19T02:39:08,
1976,run_1789774700_1967,0,2217,-0.2731130512779829,-0.48902365172129103,V1_INV_PI,V1_INV_PI,2,0,1.0,200,0.74262,0.695285,0.879112,0.641581,0.538553,0.799744,0.933003,0.070415,0.092793,0.43,0.041111,0.951111,4.1,0,0,,2026-09-19T02:39:08,
1977,run_1789774700_1967,0,2218,-0.6719620511797456,1.173025439698477,V1_INV_PI,V1_INV_PI,2,0,1.0,200,0.786609,0.809851,0.819595,0.603564,0.600005,0.872426,0.998719,0.0,0.027378,0.433333,0.001111,1.0,3.9,0,0,,2026-09-19T02:39:08,
1978,run_1789774700_1967,0,2219,-1.4897361669385778,-0.048314979723215634,V1_INV_PI,V1_INV_PI,2,0,1.0,200,0.586665,0.467907,0.618955,0.628746,0.387839,0.496602,0.999115,0.299607,0.010605,0.244444,0.203333,1.0,3.9,0,0,,2026-09-19T02:39:08,
1979,run_1789774700_1967,0,2220,0.7999943673249499,-0.8804224776093994,V1_INV_PI,V1_INV_PI,2,0,1.0,200,0.812256,0.861627,0.855446,0.598583,0.649631,0.878024,0.997309,0.0,0.016422,0.763333,0.001111,1.0,3.8,0,0,,2026-09-19T02:39:08,
1980,run_1789774700_1967,0,2221,-0.11463218856448654,-0.6107373103241691,V1_INV_PI,V1_INV_PI,2,0,1.0,200,0.691045,0.609374,0.877319,0.611048,0.51465,0.75991,0.828418,0.028244,0.125881,0.463333,0.023333,0.99,3.9,0,0,,2026-09-19T02:39:08,
1981,run_1789774700_1967,0,2222,0.3809327091025929,-1.0590594105584288,V1_INV_PI,V1_INV_PI,2,0,1.0,200,0.832368,0.878785,0.871336,0.599334,0.716206,0.898921,0.998683,0.0,0.035888,0.631111,0.001111,1.0,3.9,0,0,,2026-09-19T02:39:08,
1982,run_1789774700_1967,0,2223,0.17324072324790896,-1.0581784557918026,V1_INV_PI,V1_INV_PI,2,0,1.0,200,0.828234,0.877365,0.86652,0.599951,0.691396,0.902342,0.999072,0.0,0.051355,0.573333,0.001111,1.0,3.9,0,0,,2026-09-19T02:39:08,
1983,run_1789774700_1967,0,2224,0.3978924402436905,-0.17012430599268713,V1_INV_PI,V1_INV_PI,2,0,1.0,200,0.848222,0.908654,0.894303,0.600182,0.731842,0.915364,0.998698,0.0,0.042168,0.55,0.001111,1.0,4.0,0,0,,2026-09-19T02:39:08,
1984,run_1789774700_1967,0,2225,-0.9194206157489115,1.0498351265535726,V1_INV_PI,V1_INV_PI,2,0,1.0,200,0.769491,0.780859,0.794169,0.606011,0.589422,0.84054,0.998367,0.0,0.012908,0.378889,0.001111,1.0,3.9,0,0,,2026-09-19T02:39:08,
1985,run_1789774700_1967,0,2226,0.5662330065721752,-0.5278278303788981,V1_INV_PI,V1_INV_PI,2,0,1.0,200,0.845618,0.900384,0.890857,0.599367,0.73886,0.909241,0.998484,0.0,0.030914,0.62,0.001111,1.0,3.9,0,0,,2026-09-19T02:39:08,
1986,run_1789774700_1967,0,2227,0.703786842439635,-0.03330356310898441,V1_INV_PI,V1_INV_PI,2,0,1.0,200,0.847639,0.904401,0.896698,0.599139,0.739727,0.909858,0.998169,0.0,0.027465,0.641111,0.001111,1.0,4.2,0,0,,2026-09-19T02:39:08,
1987,run_1789774700_1967,0,2228,-0.2193383717564299,-0.9102495413905917,V1_INV_PI,V1_INV_PI,2,0,1.0,200,0.79205,0.814205,0.862081,0.602584,0.570924,0.89202,0.995716,0.010281,0.063015,0.475556,0.001111,1.0,3.9,0,0,,2026-09-19T02:39:08,
1988,run_1789774700_1967,0,2229,0.7246757015985055,0.909993777970161,V1_INV_PI,V1_INV_PI,2,0,1.0,200,0.823799,0.872609,0.867993,0.598684,0.685014,0.888367,0.997585,0.0,0.019975,0.724444,0.001111,1.0,3.9,0,0,,2026-09-19T02:39:08,
1989,run_1789774700_1967,0,2230,-0.9341103675384965,-0.8955493886283559,V1_INV_PI,V1_INV_PI,2,0,1.0,200,0.764133,0.769254,0.798124,0.608416,0.570041,0.837161,0.998389,0.014444,0.017214,0.361111,0.001111,1.0,3.9,0,0,,2026-09-19T02:39:08,
1990,run_1789774700_1967,0,2231,-0.039684780552498466,-0.21764823012696,V1_INV_PI,V1_INV_PI,2,0,1.0,200,0.703863,0.6415,0.888984,0.620605,0.523375,0.753085,0.837207,0.038436,0.108025,0.461111,0.027778,0.977778,4.3,0,0,,2026-09-19T02:39:08,
1991,run_1789774700_1967,0,2232,0.9058058255746042,-1.1934591839381787,V1_INV_PI,V1_INV_PI,2,0,1.0,200,0.813029,0.851255,0.853221,0.59819,0.681551,0.871842,0.996634,0.0,0.011095,0.862222,0.001111,1.0,4.2,0,0,,2026-09-19T02:39:08,
1992,run_1789774700_1967,0,2233,0.6051320882802966,0.11201192943570737,V1_INV_PI,V1_INV_PI,2,0,1.0,200,0.849815,0.906811,0.89574,0.599425,0.74863,0.91186,0.998426,0.0,0.02473,0.614444,0.001111,1.0,4.0,0,0,,2026-09-19T02:39:08,
1993,run_1789774700_1967,0,2234,-0.5922930820439946,0.3085552348403604,V1_INV_PI,V1_INV_PI,2,0,1.0,200,0.796568,0.800829,0.844113,0.708341,0.589197,0.837273,0.996812,0.226236,0.013994,0.364444,0.076667,0.705556,4.7,0,0,,2026-09-19T02:39:09,
1994,run_1789774700_1967,0,2235,0.37743938134736466,0.3030274444044132,V1_INV_PI,V1_INV_PI,2,0,1.0,200,0.845966,0.906314,0.892599,0.600208,0.723367,0.914379,0.998699,0.0,0.044023,0.56,0.001111,1.0,3.9,0,0,,2026-09-19T02:39:09,
1995,run_1789774700_1967,0,2236,-0.013020408752766777,-0.19748715834602426,V1_INV_PI,V1_INV_PI,2,0,1.0,200,0.701886,0.639661,0.888502,0.620178,0.522478,0.753791,0.828186,0.038436,0.1248,0.464444,0.027778,0.977778,4.0,0,0,,2026-09-19T02:39:09,
1996,run_1789774700_1967,0,2237,-0.06495932863477627,-0.06431925370846292,V1_INV_PI,V1_INV_PI,2,0,1.0,200,0.718705,0.661564,0.890011,0.62761,0.529609,0.775577,0.865955,0.049983,0.065883,0.451111,0.036667,0.968889,4.1,0,0,,2026-09-19T02:39:09,
1997,run_1789774700_1967,0,2238,0.490251634480835,-0.8301868190857538,V1_INV_PI,V1_INV_PI,2,0,1.0,200,0.839467,0.890306,0.882384,0.599316,0.727925,0.904439,0.99854,0.0,0.032704,0.631111,0.001111,1.0,3.8,0,0,,2026-09-19T02:39:09,
1998,run_1789774700_1967,0,2239,-0.36255706802702425,1.1444369893778752,V1_INV_PI,V1_INV_PI,2,0,1.0,200,0.788488,0.811983,0.84277,0.60221,0.576675,0.884626,0.996999,0.003127,0.043295,0.476667,0.001111,1.0,3.9,0,0,,2026-09-19T02:39:09,
1999,run_1789774700_1967,0,2240,-0.5838890473048195,-0.6267586239305546,V1_INV_PI,V1_INV_PI,2,0,1.0,200,0.771132,0.747196,0.855676,0.618396,0.551043,0.885057,0.985383,0.141181,0.051079,0.388889,0.118889,1.0,3.9,0,0,,2026-09-19T02:39:09,
2000,run_1789774700_1967,0,2241,0.14523259101450514,-0.7613848757897985,V1_INV_PI,V1_INV_PI,2,0,1.0,200,0.822615,0.878267,0.87807,0.600707,0.634796,0.907827,0.998921,0.0,0.086597,0.532222,0.001111,1.0,3.8,0,0,,2026-09-19T02:39:09,
2001,run_1789774700_1967,0,2242,0.48029058295694016,0.23398065323019224,V1_INV_PI,V1_INV_PI,2,0,1.0,200,0.850809,0.908529,0.894558,0.599819,0.750664,0.914161,0.99864,0.0,0.032498,0.576667,0.001111,1.0,3.9,0,0,,2026-09-19T02:39:09,
2002,run_1789774700_1967,0,2243,-0.27616886791477224,-0.6797056088241564,V1_INV_PI,V1_INV_PI,2,0,1.0,200,0.730946,0.661763,0.871831,0.607989,0.523129,0.837455,0.929634,0.037282,0.046301,0.44,0.036667,1.0,3.9,0,0,,2026-09-19T02:39:09,
2003,run_1789774700_1967,0,2244,0.3701774147981276,-0.07272630922648293,V1_INV_PI,V1_INV_PI,2,0,1.0,200,0.844026,0.906579,0.893896,0.600345,0.707774,0.91517,0.998689,0.0,0.051035,0.548889,0.001111,1.0,3.8,0,0,,2026-09-19T02:39:09,
2004,run_1789774700_1967,0,2245,0.6908591710006413,0.37051907849215304,V1_INV_PI,V1_INV_PI,2,0,1.0,200,0.844364,0.899983,0.892559,0.599095,0.732233,0.907096,0.998141,0.0,0.02712,0.647778,0.001111,1.0,4.3,0,0,,2026-09-19T02:39:09,
2005,run_1789774700_1967,0,2246,-1.437463167896394,0.02205587547190402,V1_INV_PI,V1_INV_PI,2,0,1.0,200,0.60258,0.479822,0.633898,0.637046,0.44315,0.504184,0.999217,0.386904,0.013872,0.251111,0.356667,1.0,4.6,0,0,,2026-09-19T02:39:09,
2006,run_1789774700_1967,0,2247,0.5151691584770361,0.7212033436978136,V1_INV_PI,V1_INV_PI,2,0,1.0,200,0.84149,0.894292,0.884499,0.599351,0.730681,0.906361,0.998553,0.0,0.032329,0.621111,0.001111,1.0,3.9,0,0,,2026-09-19T02:39:09,
2007,run_1789774700_1967,0,2248,0.8714056988935099,0.33612407513789466,V1_INV_PI,V1_INV_PI,2,0,1.0,200,0.834452,0.889221,0.88481,0.598666,0.703079,0.897031,0.997395,0.0,0.017379,0.712222,0.001111,1.0,4.4,0,0,,2026-09-19T02:39:09,
2008,run_1789774700_1967,0,2249,0.9109448461892655,-1.0696428719937319,V1_INV_PI,V1_INV_PI,2,0,1.0,200,0.812467,0.852903,0.853153,0.598275,0.675496,0.871353,0.996665,0.0,0.011163,0.846667,0.001111,1.0,3.8,0,0,,2026-09-19T02:39:09,
2009,run_1789774700_1967,0,2250,-0.15901080853993044,0.13294190027712993,V1_INV_PI,V1_INV_PI,2,0,1.0,200,0.753727,0.710857,0.888125,0.647768,0.544638,0.813216,0.946341,0.078517,0.059996,0.436667,0.045556,0.943333,4.0,0,0,,2026-09-19T02:39:09,
2010,run_1789774700_1967,0,2251,-1.1354568634596744,-0.8011537244984985,V1_INV_PI,V1_INV_PI,2,0,1.0,200,0.723607,0.699577,0.749283,0.610988,0.548041,0.752012,0.997765,0.016418,0.00886,0.325556,0.001111,1.0,3.9,0,0,,2026-09-19T02:39:09,
2011,run_1789774700_1967,0,2252,-0.9352106083576828,-0.4839805476605644,V1_INV_PI,V1_INV_PI,2,0,1.0,200,0.722952,0.6985,0.774775,0.625387,0.510037,0.74775,0.997568,0.216358,0.008307,0.326667,0.147778,1.0,4.2,0,0,,2026-09-19T02:39:09,
2012,run_1789774700_1967,0,2253,0.7359893020785129,0.5402665303416747,V1_INV_PI,V1_INV_PI,2,0,1.0,200,0.839461,0.893242,0.887924,0.598893,0.720638,0.902327,0.997884,0.0,0.023318,0.675556,0.001111,1.0,3.9,0,0,,2026-09-19T02:39:09,
2013,run_1789774700_1967,0,2254,-0.6760656213425412,0.54821586527328,V1_INV_PI,V1_INV_PI,2,0,1.0,200,0.776401,0.76557,0.84035,0.636412,0.567771,0.86265,0.992874,0.228761,0.017897,0.363333,0.221111,1.0,4.0,0,0,,2026-09-19T02:39:09,
2014,run_1789774700_1967,0,2255,0.6261528943150276,-0.5822081117379001,V1_INV_PI,V1_INV_PI,2,0,1.0,200,0.84284,0.896765,0.889374,0.599154,0.731202,0.906326,0.998269,0.0,0.029275,0.642222,0.001111,1.0,3.8,0,0,,2026-09-19T02:39:09,
2015,run_1789774700_1967,0,2256,-1.2334830238155934,-1.0197378932626522,V1_INV_PI,V1_INV_PI,2,0,1.0,200,0.693271,0.657142,0.716863,0.607676,0.493379,0.711051,0.997599,0.003127,0.008381,0.347778,0.001111,1.0,4.1,0,0,,2026-09-19T02:39:09,
2016,run_1789774700_1967,0,2257,0.46983242942320436,0.12907123018696676,V1_INV_PI,V1_INV_PI,2,0,1.0,200,0.850633,0.909154,0.894681,0.5999,0.747857,0.914512,0.998679,0.0,0.033954,0.572222,0.001111,1.0,3.9,0,0,,2026-09-19T02:39:09,
2017,run_1789774700_1967,0,2258,0.4640127670954044,-1.1912205290398032,V1_INV_PI,V1_INV_PI,2,0,1.0,200,0.823376,0.866504,0.861267,0.598958,0.697503,0.888963,0.998307,0.0,0.029885,0.68,0.001111,1.0,3.8,0,0,,2026-09-19T02:39:09,
2018,run_1789774700_1967,0,2259,0.08097503833818909,0.7586949599889625,V1_INV_PI,V1_INV_PI,2,0,1.0,200,0.791704,0.809,0.877057,0.601174,0.553035,0.900966,0.99746,0.005697,0.07629,0.518889,0.001111,1.0,3.8,0,0,,2026-09-19T02:39:09,
2019,run_1789774700_1967,0,2260,-1.191519916380287,-0.44268905547626114,V1_INV_PI,V1_INV_PI,2,0,1.0,200,0.678017,0.628911,0.705073,0.618119,0.479697,0.671164,0.997874,0.06991,0.008886,0.293333,0.018889,1.0,4.7,0,0,,2026-09-19T02:39:09,
2020,run_1789774700_1967,0,2261,-1.1502972052179259,-0.06526814788521307,V1_INV_PI,V1_INV_PI,2,0,1.0,200,0.638894,0.562668,0.708876,0.571955,0.443726,0.59874,0.998218,0.267601,0.018708,0.338889,0.13,0.661111,4.5,0,0,,2026-09-19T02:39:09,
2021,run_1789774700_1967,0,2262,0.2540430893065455,-0.15381700755742944,V1_INV_PI,V1_INV_PI,2,0,1.0,200,0.818732,0.875009,0.892434,0.601019,0.594935,0.912989,0.99849,0.0,0.127862,0.521111,0.001111,1.0,3.9,0,0,,2026-09-19T02:39:09,
2022,run_1789774700_1967,0,2263,-0.44176121341694774,-0.6974753200256313,V1_INV_PI,V1_INV_PI,2,0,1.0,200,0.768844,0.746186,0.86452,0.60895,0.544889,0.882774,0.980853,0.066524,0.040165,0.412222,0.058889,1.0,3.9,0,0,,2026-09-19T02:39:09,
2023,run_1789774700_1967,0,2264,0.4739794233858379,0.550574327347118,V1_INV_PI,V1_INV_PI,2,0,1.0,200,0.847071,0.902013,0.889866,0.599637,0.744645,0.910991,0.998648,0.0,0.029479,0.597778,0.001111,1.0,3.8,0,0,,2026-09-19T02:39:09,
2024,run_1789774700_1967,0,2265,-1.23577398353427,0.9104816782019036,V1_INV_PI,V1_INV_PI,2,0,1.0,200,0.704737,0.67127,0.721865,0.60908,0.525628,0.724611,0.998279,0.005697,0.010681,0.331111,0.001111,1.0,3.9,0,0,,2026-09-19T02:39:09,
2025,run_1789774700_1967,0,2266,0.5122025132811934,0.2936782977117738,V1_INV_PI,V1_INV_PI,2,0,1.0,200,0.849962,0.906928,0.893852,0.599677,0.749795,0.912996,0.998549,0.0,0.029428,0.588889,0.001111,1.0,4.0,0,0,,2026-09-19T02:39:09,
2026,run_1789774700_1967,0,2267,0.9147684987486668,-1.0148413158684013,V1_INV_PI,V1_INV_PI,2,0,1.0,200,0.812378,0.85342,0.853098,0.598309,0.674434,0.870968,0.99668,0.0,0.01109,0.841111,0.001111,1.0,4.1,0,0,,2026-09-19T02:39:09,
2027,run_1789774700_1967,0,2268,-1.2589907831246,0.24896689638409697,V1_INV_PI,V1_INV_PI,2,0,1.0,200,0.632886,0.533527,0.677504,0.627338,0.451155,0.578379,0.995652,0.286059,0.030255,0.273333,0.214444,1.0,3.9,0,0,,2026-09-19T02:39:09,
2028,run_1789774700_1967,0,2269,-0.019563870127798033,0.4072551141503147,V1_INV_PI,V1_INV_PI,2,0,1.0,200,0.6849,0.61661,0.884983,0.613201,0.516739,0.746672,0.776721,0.031226,0.095751,0.468889,0.027778,0.986667,3.9,0,0,,2026-09-19T02:39:09,
2029,run_1789774700_1967,0,2270,0.9395159188411593,-0.336613088940514,V1_INV_PI,V1_INV_PI,2,0,1.0,200,0.82708,0.881262,0.87719,0.598538,0.682155,0.890212,0.997003,0.0,0.013305,0.746667,0.001111,1.0,3.9,0,0,,2026-09-19T02:39:09,
2030,run_1789774700_1967,0,2271,-0.37858709051742045,-1.157111116908409,V1_INV_PI,V1_INV_PI,2,0,1.0,200,0.793281,0.822055,0.840684,0.602179,0.592677,0.885071,0.997838,0.0,0.050598,0.474444,0.001111,1.0,3.9,0,0,,2026-09-19T02:39:09,
2031,run_1789774700_1967,0,2272,-0.4061644173573473,0.95527284922034,V1_INV_PI,V1_INV_PI,2,0,1.0,200,0.787789,0.804514,0.851369,0.603732,0.566687,0.892908,0.996372,0.008058,0.028276,0.446667,0.001111,1.0,4.0,0,0,,2026-09-19T02:39:09,
2032,run_1789774700_1967,0,2273,-0.33493709832679075,-0.958629980574977,V1_INV_PI,V1_INV_PI,2,0,1.0,200,0.796219,0.824917,0.854872,0.603048,0.584741,0.893902,0.996701,0.005697,0.042808,0.455556,0.001111,1.0,3.8,0,0,,2026-09-19T02:39:09,
2033,run_1789774700_1967,0,2274,0.14503188153386848,-0.7195502606268125,V1_INV_PI,V1_INV_PI,2,0,1.0,200,0.814441,0.866213,0.879708,0.600824,0.599132,0.907535,0.998722,0.0,0.101972,0.525556,0.001111,1.0,3.8,0,0,,2026-09-19T02:39:09,
2034,run_1789774700_1967,0,2275,-0.31919687533689767,-0.24144653176041897,V1_INV_PI,V1_INV_PI,2,0,1.0,200,0.809752,0.814841,0.883085,0.701658,0.584328,0.883214,0.987993,0.139353,0.058997,0.408889,0.05,0.874444,4.1,0,0,,2026-09-19T02:39:09,
2035,run_1789774700_1967,0,2276,-0.5881403862746559,1.049696036992337,V1_INV_PI,V1_INV_PI,2,0,1.0,200,0.784483,0.802295,0.833967,0.604241,0.576512,0.880516,0.997493,0.010281,0.025229,0.428889,0.001111,1.0,3.9,0,0,,2026-09-19T02:39:09,
2036,run_1789774700_1967,0,2277,-0.618358867615979,-0.3050590881702644,V1_INV_PI,V1_INV_PI,2,0,1.0,200,0.789057,0.78988,0.838593,0.701596,0.580647,0.826657,0.996418,0.234632,0.014201,0.362222,0.076667,0.691111,4.6,0,0,,2026-09-19T02:39:09,
2037,run_1789774700_1967,0,2278,-0.02504557039298505,-0.37483656442891056,V1_INV_PI,V1_INV_PI,2,0,1.0,200,0.696426,0.625988,0.885457,0.615885,0.518572,0.743405,0.836203,0.030573,0.095885,0.467778,0.032222,0.983333,3.9,0,0,,2026-09-19T02:39:09,
2038,run_1789774700_1967,0,2279,0.6054832899407709,-0.4304549425065721,V1_INV_PI,V1_INV_PI,2,0,1.0,200,0.84673,0.902343,0.89335,0.599312,0.739911,0.909978,0.998407,0.0,0.030682,0.623333,0.001111,1.0,3.9,0,0,,2026-09-19T02:39:09,
2039,run_1789774700_1967,0,2280,-0.3790326236130994,0.2952995098408644,V1_INV_PI,V1_INV_PI,2,0,1.0,200,0.820145,0.833521,0.879608,0.714627,0.596696,0.892547,0.994952,0.154825,0.049792,0.402222,0.05,0.851111,4.2,0,0,,2026-09-19T02:39:09,
2040,run_1789774700_1967,0,2281,-1.4277249364423752,0.6975491476774316,V1_INV_PI,V1_INV_PI,2,0,1.0,200,0.651999,0.585453,0.663206,0.61118,0.472313,0.625919,0.998286,0.005697,0.009147,0.286667,0.001111,1.0,4.3,0,0,,2026-09-19T02:39:09,
2041,run_1789774700_1967,0,2282,-0.8940268339149455,-0.7382198752718174,V1_INV_PI,V1_INV_PI,2,0,1.0,200,0.761545,0.759726,0.805236,0.612045,0.563222,0.832291,0.99796,0.055824,0.012985,0.351111,0.018889,1.0,3.9,0,0,,2026-09-19T02:39:09,
2042,run_1789774700_1967,0,2283,0.02336106316605746,0.9804793053490346,V1_INV_PI,V1_INV_PI,2,0,1.0,200,0.807721,0.852466,0.866524,0.600794,0.59706,0.900996,0.998655,0.0,0.096929,0.53,0.001111,1.0,3.9,0,0,,2026-09-19T02:39:09,
2043,run_1789774700_1967,0,2284,0.3046877129226364,-0.6021243220349609,V1_INV_PI,V1_INV_PI,2,0,1.0,200,0.839407,0.898087,0.885924,0.600218,0.702586,0.911693,0.998814,0.0,0.050903,0.553333,0.001111,1.0,4.2,0,0,,2026-09-19T02:39:09,
2044,run_1789774700_1967,0,2285,-1.2308912336056466e-05,0.6450067692009505,V1_INV_PI,V1_INV_PI,2,0,1.0,200,0.715794,0.627808,0.879097,0.602923,0.514329,0.819563,0.909701,0.011948,0.090662,0.493333,0.01,1.0,3.8,0,0,,2026-09-19T02:39:09,
2045,run_1789774700_1967,0,2286,-1.2963827841240534,-1.1393419018398614,V1_INV_PI,V1_INV_PI,2,0,1.0,200,0.693238,0.657402,0.70488,0.606138,0.50277,0.715531,0.996599,0.0,0.014167,0.36,0.001111,1.0,4.3,0,0,,2026-09-19T02:39:09,
2046,run_1789774700_1967,0,2287,0.04006986250089639,-0.6950911758269518,V1_INV_PI,V1_INV_PI,2,0,1.0,200,0.788302,0.803108,0.87809,0.601657,0.551468,0.891306,0.994311,0.008058,0.104961,0.504444,0.005556,1.0,3.8,0,0,,2026-09-19T02:39:09,
2047,run_1789774700_1967,0,2288,0.6791424184946928,-0.23965032912566464,V1_INV_PI,V1_INV_PI,2,0,1.0,200,0.846955,0.903516,0.895398,0.599176,0.738024,0.909677,0.998235,0.0,0.028468,0.637778,0.001111,1.0,3.9,0,0,,2026-09-19T02:39:09,
2048,run_1789774700_1967,0,2289,0.5476025757785186,-0.21200357912669987,V1_INV_PI,V1_INV_PI,2,0,1.0,200,0.850789,0.907822,0.894701,0.599592,0.752801,0.913198,0.9986,0.0,0.027011,0.595556,0.001111,1.0,3.8,0,0,,2026-09-19T02:39:09,
2049,run_1789774700_1967,0,2290,0.5495583689266832,0.3996782532740688,V1_INV_PI,V1_INV_PI,2,0,1.0,200,0.848512,0.904257,0.892246,0.599495,0.748219,0.911153,0.998536,0.0,0.026134,0.604444,0.001111,1.0,3.8,0,0,,2026-09-19T02:39:09,
2050,run_1789774700_1967,0,2291,-0.9150612311161399,0.5523156908605544,V1_INV_PI,V1_INV_PI,2,0,1.0,200,0.736766,0.724123,0.787255,0.620214,0.52474,0.775158,0.997535,0.172259,0.012477,0.332222,0.072222,1.0,4.0,0,0,,2026-09-19T02:39:09,
2051,run_1789774700_1967,0,2292,0.05052959375515842,-1.145105562674294,V1_INV_PI,V1_INV_PI,2,0,1.0,200,0.815358,0.862462,0.858633,0.600214,0.641707,0.898608,0.999118,0.0,0.076409,0.558889,0.001111,1.0,4.3,0,0,,2026-09-19T02:39:09,
2052,run_1789774700_1967,0,2293,0.6622012840265747,-0.4194633790090688,V1_INV_PI,V1_INV_PI,2,0,1.0,200,0.845771,0.901149,0.89366,0.599149,0.736775,0.908734,0.998239,0.0,0.028515,0.64,0.001111,1.0,4.9,0,0,,2026-09-19T02:39:09,
2053,run_1789774700_1967,0,2294,-1.4335983714941798,-0.17179488014272515,V1_INV_PI,V1_INV_PI,2,0,1.0,200,0.609657,0.504404,0.639028,0.627351,0.424495,0.53368,0.999156,0.259565,0.019279,0.253333,0.138889,1.0,4.3,0,0,,2026-09-19T02:39:09,
2054,run_1789774700_1967,0,2295,0.3062482953692285,0.23434691183661793,V1_INV_PI,V1_INV_PI,2,0,1.0,200,0.834471,0.89885,0.892462,0.600617,0.658561,0.914593,0.998824,0.0,0.073262,0.538889,0.001111,1.0,3.9,0,0,,2026-09-19T02:39:09,
2055,run_1789774700_1967,0,2296,0.23114188387051082,0.7282209505257262,V1_INV_PI,V1_INV_PI,2,0,1.0,200,0.829865,0.888303,0.880721,0.600355,0.662488,0.909468,0.998892,0.0,0.068455,0.546667,0.001111,1.0,3.9,0,0,,2026-09-19T02:39:10,
2056,run_1789774700_1967,0,2297,0.47786547364937637,0.5413556929560981,V1_INV_PI,V1_INV_PI,2,0,1.0,200,0.847284,0.902293,0.89014,0.599631,0.745239,0.911088,0.99864,0.0,0.029305,0.597778,0.001111,1.0,3.9,0,0,,2026-09-19T02:39:10,
2057,run_1789774700_1967,0,2298,-0.7221670975723413,-0.8145428569097002,V1_INV_PI,V1_INV_PI,2,0,1.0,200,0.782184,0.793447,0.833492,0.608778,0.574837,0.878185,0.996855,0.036909,0.027428,0.382222,0.01,1.0,3.9,0,0,,2026-09-19T02:39:10,
2058,run_1789774700_1967,0,2299,0.277215557860534,-0.8724864552439198,V1_INV_PI,V1_INV_PI,2,0,1.0,200,0.83629,0.889132,0.876905,0.599919,0.71061,0.907033,0.998911,0.0,0.044668,0.573333,0.001111,1.0,3.8,0,0,,2026-09-19T02:39:10,
2059,run_1789774700_1967,0,2300,-0.6665975367600441,-0.5912140840359883,V1_INV_PI,V1_INV_PI,2,0,1.0,200,0.770592,0.749849,0.842515,0.628383,0.557756,0.870704,0.988174,0.202803,0.019544,0.37,0.178889,1.0,3.9,0,0,,2026-09-19T02:39:10,
2060,run_1789774700_1967,0,2301,-0.2268881971715455,-0.27845406533651995,V1_INV_PI,V1_INV_PI,2,0,1.0,200,0.760952,0.72456,0.884966,0.654152,0.548849,0.824195,0.953255,0.08621,0.063206,0.426667,0.045556,0.935556,4.2,0,0,,2026-09-19T02:39:10,
2061,run_1789774700_1967,0,2302,-1.2028661407277168,0.5559964738826182,V1_INV_PI,V1_INV_PI,2,0,1.0,200,0.680513,0.6305,0.710427,0.615794,0.487697,0.674564,0.997438,0.046013,0.012079,0.298889,0.01,1.0,3.9,0,0,,2026-09-19T02:39:10,
2062,run_1789774700_1967,0,2303,-0.4235877610267491,-0.16923699732308606,V1_INV_PI,V1_INV_PI,2,0,1.0,200,0.83966,0.865502,0.874545,0.740364,0.636415,0.904186,0.99972,0.190042,0.030622,0.39,0.05,0.78,4.2,0,0,,2026-09-19T02:39:10,
2063,run_1789774700_1967,0,2304,0.7515803666971381,-0.7725733436034341,V1_INV_PI,V1_INV_PI,2,0,1.0,200,0.830141,0.881016,0.876577,0.598718,0.699104,0.893876,0.997635,0.0,0.020032,0.708889,0.001111,1.0,3.9,0,0,,2026-09-19T02:39:10,
2064,run_1789774700_1967,0,2305,-1.2778194868699515,0.351534855720919,V1_INV_PI,V1_INV_PI,2,0,1.0,200,0.653394,0.58468,0.679267,0.619295,0.460649,0.624391,0.997888,0.101508,0.016209,0.278889,0.05,1.0,3.9,0,0,,2026-09-19T02:39:10,
2065,run_1789774700_1967,0,2306,-0.026858398165912734,0.3876038506357491,V1_INV_PI,V1_INV_PI,2,0,1.0,200,0.696064,0.627537,0.885307,0.61613,0.519251,0.740414,0.833432,0.030573,0.105539,0.466667,0.027778,0.983333,4.0,0,0,,2026-09-19T02:39:10,
2066,run_1789774700_1967,0,2307,0.613032241807371,0.6065207937616572,V1_INV_PI,V1_INV_PI,2,0,1.0,200,0.84282,0.896611,0.888941,0.599172,0.731559,0.906455,0.998319,0.0,0.02985,0.641111,0.001111,1.0,3.9,0,0,,2026-09-19T02:39:10,
2067,run_1789774700_1967,0,2308,-0.0028514296047403853,-1.052594981181035,V1_INV_PI,V1_INV_PI,2,0,1.0,200,0.806725,0.850241,0.861988,0.600707,0.600072,0.899567,0.998763,0.0,0.098248,0.532222,0.001111,1.0,3.8,0,0,,2026-09-19T02:39:10,
2068,run_1789774700_1967,0,2309,-0.5666551715571206,0.8772057536160773,V1_INV_PI,V1_INV_PI,2,0,1.0,200,0.781715,0.787336,0.846581,0.606336,0.561319,0.889253,0.995717,0.035313,0.034433,0.41,0.005556,1.0,3.9,0,0,,2026-09-19T02:39:10,
2069,run_1789774700_1967,0,2310,-1.3325434159018112,-0.3867731784613593,V1_INV_PI,V1_INV_PI,2,0,1.0,200,0.645905,0.570213,0.668283,0.618116,0.465467,0.605993,0.99782,0.087509,0.015702,0.272222,0.032222,1.0,3.9,0,0,,2026-09-19T02:39:10,
2070,run_1789774700_1967,0,2311,-1.1218333961489506,-0.32930785021933495,V1_INV_PI,V1_INV_PI,2,0,1.0,200,0.694642,0.654449,0.722683,0.623276,0.496401,0.699879,0.99796,0.161582,0.02447,0.293333,0.067778,1.0,4.2,0,0,,2026-09-19T02:39:10,
2071,run_1789774700_1967,0,2312,-1.3838987049347884,-0.9640704331425357,V1_INV_PI,V1_INV_PI,2,0,1.0,200,0.681359,0.639999,0.68628,0.607701,0.490772,0.693103,0.997872,0.0,0.008926,0.326667,0.001111,1.0,4.2,0,0,,2026-09-19T02:39:10,
2072,run_1789774700_1967,0,2313,-0.031346455974524234,-0.36372978707765935,V1_INV_PI,V1_INV_PI,2,0,1.0,200,0.696732,0.626456,0.885418,0.615992,0.518662,0.743841,0.836875,0.033693,0.096343,0.465556,0.032222,0.983333,4.0,0,0,,2026-09-19T02:39:10,
2073,run_1789774700_1967,0,2314,0.19749546494759596,0.43252148864746354,V1_INV_PI,V1_INV_PI,2,0,1.0,200,0.819037,0.875251,0.888043,0.601065,0.603734,0.910021,0.998633,0.0,0.113619,0.516667,0.001111,1.0,4.4,0,0,,2026-09-19T02:39:10,
2074,run_1789774700_1967,0,2315,-0.8290993651915786,0.5441114106489158,V1_INV_PI,V1_INV_PI,2,0,1.0,200,0.737854,0.721601,0.799268,0.624645,0.519564,0.7765,0.996385,0.224698,0.00945,0.341111,0.156667,1.0,4.6,0,0,,2026-09-19T02:39:10,
2075,run_1789774700_1967,0,2316,-1.1138243117199615,-0.2737214866486687,V1_INV_PI,V1_INV_PI,2,0,1.0,200,0.689228,0.629501,0.722517,0.627329,0.502108,0.697083,0.99665,0.257088,0.014538,0.294444,0.112222,1.0,4.9,0,0,,2026-09-19T02:39:10,
2076,run_1789774700_1967,0,2317,0.44843306841302266,-0.20492925201523104,V1_INV_PI,V1_INV_PI,2,0,1.0,200,0.849313,0.90805,0.893911,0.599955,0.742131,0.914089,0.998583,0.0,0.035823,0.568889,0.001111,1.0,4.1,0,0,,2026-09-19T02:39:10,
2077,run_1789774700_1967,0,2318,-1.3828245953091414,0.8905356206971022,V1_INV_PI,V1_INV_PI,2,0,1.0,200,0.680215,0.634793,0.686117,0.608652,0.499242,0.684844,0.997923,0.003127,0.012486,0.315556,0.001111,1.0,4.1,0,0,,2026-09-19T02:39:10,
2078,run_1789774700_1967,0,2319,-0.8285228612811446,1.152754085381143,V1_INV_PI,V1_INV_PI,2,0,1.0,200,0.771631,0.783776,0.803114,0.604567,0.580116,0.851507,0.99861,0.003127,0.014975,0.404444,0.001111,1.0,4.2,0,0,,2026-09-19T02:39:10,
2079,run_1789774700_1967,0,2320,0.964376747152794,0.4893874834545757,V1_INV_PI,V1_INV_PI,2,0,1.0,200,0.814209,0.865786,0.860131,0.598475,0.652274,0.877328,0.996874,0.0,0.011771,0.785556,0.001111,1.0,3.9,0,0,,2026-09-19T02:39:10,
2080,run_1789774700_1967,0,2321,0.8007043944120991,-0.9069244511606691,V1_INV_PI,V1_INV_PI,2,0,1.0,200,0.810893,0.859093,0.852934,0.59857,0.649461,0.875867,0.997302,0.0,0.01602,0.772222,0.001111,1.0,3.9,0,0,,2026-09-19T02:39:10,
2081,run_1789774700_1967,0,2322,-0.03801726853416332,1.0773415342948407,V1_INV_PI,V1_INV_PI,2,0,1.0,200,0.795612,0.826517,0.859546,0.600834,0.572659,0.895507,0.998006,0.003127,0.071436,0.527778,0.001111,1.0,3.9,0,0,,2026-09-19T02:39:10,
2082,run_1789774700_1967,0,2323,-0.17110587746715678,0.9945402966708945,V1_INV_PI,V1_INV_PI,2,0,1.0,200,0.804187,0.841657,0.859635,0.601775,0.604511,0.894881,0.997683,0.0,0.077071,0.493333,0.001111,1.0,4.0,0,0,,2026-09-19T02:39:10,
2083,run_1789774700_1967,0,2324,0.3435505163020096,0.4338002562591783,V1_INV_PI,V1_INV_PI,2,0,1.0,200,0.842151,0.902514,0.889738,0.600246,0.708221,0.913201,0.998746,0.0,0.049784,0.551111,0.001111,1.0,4.1,0,0,,2026-09-19T02:39:10,
2084,run_1789774700_1967,0,2325,-1.014692419963887,-0.412900158050745,V1_INV_PI,V1_INV_PI,2,0,1.0,200,0.720105,0.691241,0.765669,0.625671,0.521143,0.738721,0.997426,0.220215,0.010317,0.313333,0.072222,1.0,4.2,0,0,,2026-09-19T02:39:10,
2085,run_1789774700_1967,0,2326,-0.019857193626297676,-0.8474862347628827,V1_INV_PI,V1_INV_PI,2,0,1.0,200,0.808868,0.85198,0.871047,0.601418,0.601589,0.900409,0.998021,0.0,0.102351,0.505556,0.001111,1.0,3.8,0,0,,2026-09-19T02:39:10,
2086,run_1789774700_1967,0,2327,-0.8549112860899014,1.023882365632436,V1_INV_PI,V1_INV_PI,2,0,1.0,200,0.774368,0.789411,0.805372,0.606059,0.584669,0.852081,0.99859,0.003127,0.016377,0.388889,0.001111,1.0,3.9,0,0,,2026-09-19T02:39:10,
2087,run_1789774700_1967,0,2328,0.41892461957579963,-0.5875377169569258,V1_INV_PI,V1_INV_PI,2,0,1.0,200,0.845313,0.900896,0.887261,0.599784,0.737216,0.910954,0.998715,0.0,0.034401,0.582222,0.001111,1.0,3.8,0,0,,2026-09-19T02:39:10,
2088,run_1789774700_1967,0,2329,-1.2982586611986027,-0.8349638076661186,V1_INV_PI,V1_INV_PI,2,0,1.0,200,0.692699,0.65091,0.706977,0.6099,0.517056,0.701044,0.998163,0.003127,0.009815,0.316667,0.001111,1.0,3.9,0,0,,2026-09-19T02:39:10,
2089,run_1789774700_1967,0,2330,-0.9008971856620074,-0.365029676619824,V1_INV_PI,V1_INV_PI,2,0,1.0,200,0.734672,0.70821,0.786325,0.645435,0.536475,0.751538,0.997689,0.323677,0.009422,0.326667,0.154444,1.0,5.4,0,0,,2026-09-19T02:39:10,
2090,run_1789774700_1967,0,2331,-1.149944935981625,-0.6974774838863729,V1_INV_PI,V1_INV_PI,2,0,1.0,200,0.706944,0.671606,0.737912,0.613545,0.521086,0.723774,0.997297,0.033789,0.008148,0.316667,0.005556,1.0,3.9,0,0,,2026-09-19T02:39:10,
2091,run_1789774700_1967,0,2332,-0.3926562846297683,0.8531382066230473,V1_INV_PI,V1_INV_PI,2,0,1.0,200,0.766536,0.739756,0.857918,0.604952,0.53751,0.887799,0.989131,0.023577,0.080118,0.435556,0.025556,1.0,3.9,0,0,,2026-09-19T02:39:10,
2092,run_1789774700_1967,0,2333,0.45043885977951925,0.0028742998756148275,V1_INV_PI,V1_INV_PI,2,0,1.0,200,0.849317,0.908827,0.894151,0.599991,0.740254,0.914425,0.998578,0.0,0.036928,0.565556,0.001111,1.0,3.8,0,0,,2026-09-19T02:39:10,
2093,run_1789774700_1967,0,2334,-0.10762554851736561,1.0900814712141809,V1_INV_PI,V1_INV_PI,2,0,1.0,200,0.802395,0.840355,0.856401,0.601079,0.59806,0.894826,0.998341,0.0,0.092691,0.517778,0.001111,1.0,4.5,0,0,,2026-09-19T02:39:10,
2094,run_1789774700_1967,0,2335,-0.7202454685184443,0.5645919131236563,V1_INV_PI,V1_INV_PI,2,0,1.0,200,0.764164,0.747978,0.828249,0.630506,0.561119,0.83447,0.993451,0.227437,0.017752,0.36,0.192222,1.0,4.0,0,0,,2026-09-19T02:39:10,
2095,run_1789774700_1967,0,2336,0.9000318770371467,-0.9375713572846456,V1_INV_PI,V1_INV_PI,2,0,1.0,200,0.811226,0.854067,0.851608,0.598383,0.667417,0.870525,0.996793,0.0,0.012,0.823333,0.001111,1.0,3.8,0,0,,2026-09-19T02:39:10,
2096,run_1789774700_1967,0,2337,-0.9351172998929753,-1.1310067302676439,V1_INV_PI,V1_INV_PI,2,0,1.0,200,0.765002,0.773898,0.786056,0.60518,0.586217,0.834497,0.998235,0.0,0.012956,0.394444,0.001111,1.0,4.2,0,0,,2026-09-19T02:39:10,
2097,run_1789774700_1967,0,2338,-0.7332529343173384,0.24853598978059788,V1_INV_PI,V1_INV_PI,2,0,1.0,200,0.756899,0.746106,0.81315,0.672199,0.540208,0.781296,0.995633,0.235671,0.013034,0.36,0.067778,0.64,5.4,0,0,,2026-09-19T02:39:10,
2098,run_1789774700_1967,0,2339,-0.49041625740596473,0.3574085872144199,V1_INV_PI,V1_INV_PI,2,0,1.0,200,0.828935,0.84765,0.870469,0.728735,0.613627,0.901453,0.999197,0.177098,0.033274,0.388889,0.058889,0.806667,4.8,0,0,,2026-09-19T02:39:10,
2099,run_1789774700_1967,0,2340,-0.12628892922869994,-0.8471165256307676,V1_INV_PI,V1_INV_PI,2,0,1.0,200,0.803877,0.840308,0.868163,0.602148,0.596248,0.895473,0.996634,0.0,0.070894,0.481111,0.001111,1.0,4.2,0,0,,2026-09-19T02:39:10,
2100,run_1789774700_1967,0,2341,0.8127971698897114,0.25834323678525406,V1_INV_PI,V1_INV_PI,2,0,1.0,200,0.841486,0.896747,0.891951,0.598815,0.723554,0.903298,0.997714,0.0,0.020903,0.682222,0.001111,1.0,3.9,0,0,,2026-09-19T02:39:10,
2101,run_1789774700_1967,0,2342,-0.4763006453911607,-0.24517885121146854,V1_INV_PI,V1_INV_PI,2,0,1.0,200,0.83385,0.854984,0.868508,0.736567,0.636961,0.892491,0.999501,0.196893,0.021016,0.383333,0.058889,0.764444,4.9,0,0,,2026-09-19T02:39:10,
2102,run_1789774700_1967,0,2343,-1.3347168706860042,-1.18527369424486,V1_INV_PI,V1_INV_PI,2,0,1.0,200,0.700528,0.665344,0.70191,0.605625,0.525101,0.731338,0.997308,0.0,0.014115,0.366667,0.001111,1.0,4.9,0,0,,2026-09-19T02:39:10,
2103,run_1789774700_1967,0,2344,0.27561316096092314,-1.107556891807814,V1_INV_PI,V1_INV_PI,2,0,1.0,200,0.83047,0.876369,0.867176,0.599546,0.711181,0.899049,0.998901,0.0,0.036478,0.608889,0.001111,1.0,4.7,0,0,,2026-09-19T02:39:10,
2104,run_1789774700_1967,0,2345,-0.6835055672111712,-0.14330909858556873,V1_INV_PI,V1_INV_PI,2,0,1.0,200,0.760841,0.756372,0.81744,0.675736,0.538987,0.78473,0.994759,0.239114,0.020233,0.377778,0.067778,0.622222,4.5,0,0,,2026-09-19T02:39:10,
2105,run_1789774700_1967,0,2346,-1.0801874610606332,-0.5418384715775533,V1_INV_PI,V1_INV_PI,2,0,1.0,200,0.714282,0.683853,0.75039,0.61797,0.524856,0.732118,0.996792,0.087279,0.020548,0.311111,0.018889,1.0,5.0,0,0,,2026-09-19T02:39:10,
2106,run_1789774700_1967,0,2347,-0.150379144046487,0.8445347143512822,V1_INV_PI,V1_INV_PI,2,0,1.0,200,0.800406,0.832819,0.867395,0.602351,0.588295,0.894124,0.995841,0.003127,0.060716,0.477778,0.001111,1.0,4.3,0,0,,2026-09-19T02:39:10,
2107,run_1789774700_1967,0,2348,0.9984736888372332,-0.5504304475704349,V1_INV_PI,V1_INV_PI,2,0,1.0,200,0.813924,0.862023,0.857967,0.5984,0.66254,0.873893,0.996655,0.0,0.011894,0.811111,0.001111,1.0,4.0,0,0,,2026-09-19T02:39:10,
2108,run_1789774700_1967,0,2349,-0.8542636586411432,0.5426408052675691,V1_INV_PI,V1_INV_PI,2,0,1.0,200,0.734226,0.716523,0.794162,0.623229,0.515588,0.771025,0.996628,0.211654,0.009622,0.337778,0.13,1.0,4.0,0,0,,2026-09-19T02:39:10,
2109,run_1789774700_1967,0,2350,-0.9794409553833117,0.8152285485835884,V1_INV_PI,V1_INV_PI,2,0,1.0,200,0.757429,0.75701,0.789919,0.610118,0.574654,0.814772,0.998379,0.016418,0.011983,0.348889,0.001111,1.0,3.9,0,0,,2026-09-19T02:39:10,
2110,run_1789774700_1967,0,2351,-0.9329357085729968,0.9507829589325774,V1_INV_PI,V1_INV_PI,2,0,1.0,200,0.767133,0.775847,0.796563,0.60737,0.581706,0.837091,0.998414,0.005697,0.014196,0.365556,0.001111,1.0,4.2,0,0,,2026-09-19T02:39:10,
2111,run_1789774700_1967,0,2352,-0.9796112056369677,0.8322615462179617,V1_INV_PI,V1_INV_PI,2,0,1.0,200,0.756939,0.755754,0.789925,0.609845,0.57102,0.817352,0.998525,0.018333,0.009897,0.35,0.001111,1.0,4.3,0,0,,2026-09-19T02:39:10,
2112,run_1789774700_1967,0,2353,0.9081367631068522,-0.346627227503286,V1_INV_PI,V1_INV_PI,2,0,1.0,200,0.830317,0.884456,0.880147,0.598591,0.692533,0.892887,0.997197,0.0,0.015202,0.73,0.001111,1.0,3.9,0,0,,2026-09-19T02:39:10,
2113,run_1789774700_1967,0,2354,0.20232158477723994,1.146649713302094,V1_INV_PI,V1_INV_PI,2,0,1.0,200,0.826571,0.872839,0.862907,0.599699,0.695457,0.898625,0.999053,0.0,0.044463,0.596667,0.001111,1.0,4.7,0,0,,2026-09-19T02:39:11,
2114,run_1789774700_1967,0,2355,0.17078380552637884,-0.05158347471356861,V1_INV_PI,V1_INV_PI,2,0,1.0,200,0.805763,0.842197,0.892052,0.601732,0.569705,0.90808,0.996523,0.005697,0.14263,0.502222,0.001111,1.0,4.4,0,0,,2026-09-19T02:39:11,
2115,run_1789774700_1967,0,2356,-0.9689959782392887,0.9902634233836791,V1_INV_PI,V1_INV_PI,2,0,1.0,200,0.761098,0.765477,0.788031,0.60709,0.575198,0.829519,0.998352,0.008058,0.012817,0.367778,0.001111,1.0,4.1,0,0,,2026-09-19T02:39:11,
2116,run_1789774700_1967,0,2357,-0.9628721282716297,0.9870024073186967,V1_INV_PI,V1_INV_PI,2,0,1.0,200,0.762888,0.768997,0.789616,0.607084,0.578924,0.830356,0.998275,0.003127,0.011512,0.367778,0.001111,1.0,4.5,0,0,,2026-09-19T02:39:11,
2117,run_1789774700_1967,0,2358,-1.0256443214186002,-0.41492268114360187,V1_INV_PI,V1_INV_PI,2,0,1.0,200,0.719444,0.692451,0.763145,0.624597,0.518596,0.738178,0.99769,0.201427,0.009382,0.311111,0.085556,1.0,4.4,0,0,,2026-09-19T02:39:11,
2118,run_1789774700_1967,0,2359,-0.6803249456463263,0.8529984055635416,V1_INV_PI,V1_INV_PI,2,0,1.0,200,0.785039,0.799726,0.837239,0.60757,0.576536,0.882316,0.997052,0.027248,0.027633,0.392222,0.001111,1.0,3.9,0,0,,2026-09-19T02:39:11,
2119,run_1789774700_1967,0,2360,0.21007061464449128,0.013727415735008908,V1_INV_PI,V1_INV_PI,2,0,1.0,200,0.815867,0.867502,0.892797,0.601362,0.588775,0.912176,0.998163,0.0,0.133732,0.503333,0.001111,1.0,3.9,0,0,,2026-09-19T02:39:11,
2120,run_1789774700_1967,0,2361,-1.1637451377638548,-0.10031245073490047,V1_INV_PI,V1_INV_PI,2,0,1.0,200,0.634514,0.553204,0.705381,0.56957,0.445364,0.589448,0.998322,0.274513,0.014609,0.324444,0.15,0.675556,5.0,0,0,,2026-09-19T02:39:11,
2121,run_1789774700_1967,0,2362,-0.5383351821257979,1.0562748281814212,V1_INV_PI,V1_INV_PI,2,0,1.0,200,0.791833,0.817161,0.837696,0.603746,0.591061,0.886196,0.998252,0.005697,0.031349,0.436667,0.001111,1.0,4.3,0,0,,2026-09-19T02:39:11,
2122,run_1789774700_1967,0,2363,0.7596478297826832,0.4565596526381066,V1_INV_PI,V1_INV_PI,2,0,1.0,200,0.840276,0.894716,0.889442,0.598875,0.721641,0.90286,0.997827,0.0,0.022747,0.675556,0.001111,1.0,3.8,0,0,,2026-09-19T02:39:11,
2123,run_1789774700_1967,0,2364,-0.7909178746358634,-0.04836048609870458,V1_INV_PI,V1_INV_PI,2,0,1.0,200,0.732282,0.714424,0.795129,0.650138,0.505354,0.745193,0.995358,0.243767,0.017691,0.387778,0.067778,0.612222,4.6,0,0,,2026-09-19T02:39:11,
2124,run_1789774700_1967,0,2365,0.5226936815140424,-1.085929000190984,V1_INV_PI,V1_INV_PI,2,0,1.0,200,0.82701,0.872696,0.867712,0.598951,0.701848,0.892186,0.99821,0.0,0.028244,0.68,0.001111,1.0,3.9,0,0,,2026-09-19T02:39:11,
2125,run_1789774700_1967,0,2366,0.19424575387740783,-1.1218787794149798,V1_INV_PI,V1_INV_PI,2,0,1.0,200,0.827977,0.874538,0.864155,0.599765,0.699429,0.899869,0.999068,0.0,0.044916,0.588889,0.001111,1.0,4.6,0,0,,2026-09-19T02:39:11,
2126,run_1789774700_1967,0,2367,-0.9269829722664911,0.4754461346778731,V1_INV_PI,V1_INV_PI,2,0,1.0,200,0.727949,0.705957,0.780336,0.626788,0.515646,0.756043,0.997588,0.230979,0.012238,0.327778,0.156667,1.0,4.0,0,0,,2026-09-19T02:39:11,
2127,run_1789774700_1967,0,2368,-0.37885506127905577,0.26066014092690604,V1_INV_PI,V1_INV_PI,2,0,1.0,200,0.825048,0.842076,0.879893,0.720138,0.605078,0.895181,0.996573,0.165092,0.044387,0.401111,0.052222,0.842222,4.1,0,0,,2026-09-19T02:39:11,
2128,run_1789774700_1967,0,2369,-1.3649444335885121,1.149803860019338,V1_INV_PI,V1_INV_PI,2,0,1.0,200,0.695369,0.660428,0.695298,0.605823,0.515406,0.72114,0.997416,0.0,0.012115,0.355556,0.001111,1.0,3.9,0,0,,2026-09-19T02:39:11,
2129,run_1789774700_1967,0,2370,-1.2059315985062622,0.7267162969440564,V1_INV_PI,V1_INV_PI,2,0,1.0,200,0.698484,0.655863,0.724827,0.612647,0.522686,0.705234,0.998063,0.023797,0.014533,0.311111,0.001111,1.0,3.9,0,0,,2026-09-19T02:39:11,
2130,run_1789774700_1967,0,2371,0.4064066970913762,1.1201343185297723,V1_INV_PI,V1_INV_PI,2,0,1.0,200,0.829469,0.874319,0.868372,0.599186,0.710667,0.895809,0.998561,0.0,0.034616,0.647778,0.001111,1.0,3.8,0,0,,2026-09-19T02:39:11,
2131,run_1789774700_1967,0,2372,0.41286002668145416,0.36342784464889366,V1_INV_PI,V1_INV_PI,2,0,1.0,200,0.847221,0.90585,0.89161,0.600007,0.734575,0.913541,0.998654,0.0,0.038699,0.565556,0.001111,1.0,3.8,0,0,,2026-09-19T02:39:11,
2132,run_1789774700_1967,0,2373,0.951583445937207,1.020495950457511,V1_INV_PI,V1_INV_PI,2,0,1.0,200,0.813924,0.855264,0.855994,0.598239,0.677044,0.872891,0.99655,0.0,0.011722,0.852222,0.001111,1.0,3.9,0,0,,2026-09-19T02:39:11,
2133,run_1789774700_1967,0,2374,-1.225728047492023,0.8065841346094109,V1_INV_PI,V1_INV_PI,2,0,1.0,200,0.707574,0.674061,0.726528,0.610746,0.532416,0.72591,0.998123,0.016418,0.00997,0.321111,0.001111,1.0,3.9,0,0,,2026-09-19T02:39:11,
2134,run_1789774700_1967,0,2375,0.9580667619294014,0.6841634121599243,V1_INV_PI,V1_INV_PI,2,0,1.0,200,0.812813,0.859624,0.85572,0.598421,0.662327,0.872861,0.996719,0.0,0.011362,0.811111,0.001111,1.0,4.6,0,0,,2026-09-19T02:39:11,
2135,run_1789774700_1967,0,2376,0.840772326341884,0.022771691679776662,V1_INV_PI,V1_INV_PI,2,0,1.0,200,0.841955,0.897275,0.893118,0.598781,0.724967,0.903097,0.997614,0.0,0.019731,0.687778,0.001111,1.0,3.8,0,0,,2026-09-19T02:39:11,
2136,run_1789774700_1967,0,2377,-0.8391273081041051,-0.7472824804460891,V1_INV_PI,V1_INV_PI,2,0,1.0,200,0.77074,0.776136,0.814778,0.611457,0.572392,0.848926,0.997152,0.048896,0.020008,0.356667,0.01,1.0,3.9,0,0,,2026-09-19T02:39:11,
2137,run_1789774700_1967,0,2378,0.5842194260026079,-0.9744116701671673,V1_INV_PI,V1_INV_PI,2,0,1.0,200,0.830547,0.878778,0.873228,0.598919,0.706506,0.895559,0.998139,0.0,0.026876,0.676667,0.001111,1.0,4.6,0,0,,2026-09-19T02:39:11,
2138,run_1789774700_1967,0,2379,-1.3360250184394247,1.0887515135908477,V1_INV_PI,V1_INV_PI,2,0,1.0,200,0.690379,0.654815,0.69708,0.606508,0.499433,0.71083,0.997314,0.0,0.010199,0.345556,0.001111,1.0,3.9,0,0,,2026-09-19T02:39:11,
2139,run_1789774700_1967,0,2380,0.9161699574197026,0.8976319334289677,V1_INV_PI,V1_INV_PI,2,0,1.0,200,0.812003,0.855528,0.853095,0.598381,0.667898,0.871331,0.996765,0.0,0.011568,0.824444,0.001111,1.0,4.1,0,0,,2026-09-19T02:39:11,
2140,run_1789774700_1967,0,2381,0.6795709655142903,0.8655596483238137,V1_INV_PI,V1_INV_PI,2,0,1.0,200,0.830871,0.880593,0.875862,0.598804,0.704088,0.89488,0.997851,0.0,0.023055,0.694444,0.001111,1.0,4.1,0,0,,2026-09-19T02:39:11,
2141,run_1789774700_1967,0,2382,-0.614884960298715,-1.1882941889232392,V1_INV_PI,V1_INV_PI,2,0,1.0,200,0.781632,0.800245,0.82405,0.603212,0.575735,0.875813,0.998326,0.005697,0.021015,0.443333,0.001111,1.0,3.9,0,0,,2026-09-19T02:39:11,
2142,run_1789774700_1967,0,2383,0.9582533078531181,0.36045403068361304,V1_INV_PI,V1_INV_PI,2,0,1.0,200,0.822805,0.876529,0.871902,0.598501,0.670896,0.886277,0.996907,0.0,0.012163,0.758889,0.001111,1.0,3.8,0,0,,2026-09-19T02:39:11,
2143,run_1789774700_1967,0,2384,-0.9230979244989771,-0.7513929505325838,V1_INV_PI,V1_INV_PI,2,0,1.0,200,0.763234,0.766218,0.800861,0.611444,0.574794,0.82595,0.998153,0.038436,0.009635,0.348889,0.005556,1.0,3.9,0,0,,2026-09-19T02:39:11,
2144,run_1789774700_1967,0,2385,-0.9469299147114985,1.051321438314038,V1_INV_PI,V1_INV_PI,2,0,1.0,200,0.764481,0.77261,0.788983,0.606184,0.582117,0.833442,0.998129,0.003127,0.013466,0.378889,0.001111,1.0,3.9,0,0,,2026-09-19T02:39:11,
2145,run_1789774700_1967,0,2386,-1.4306106771910425,-0.9416381603731296,V1_INV_PI,V1_INV_PI,2,0,1.0,200,0.676233,0.632121,0.677048,0.607705,0.489633,0.682325,0.997971,0.0,0.010714,0.321111,0.001111,1.0,4.3,0,0,,2026-09-19T02:39:11,
2146,run_1789774700_1967,0,2387,-1.1304134236452694,-0.6549076453650431,V1_INV_PI,V1_INV_PI,2,0,1.0,200,0.705862,0.671671,0.738681,0.614371,0.515412,0.720625,0.997208,0.033789,0.014177,0.316667,0.001111,1.0,4.0,0,0,,2026-09-19T02:39:11,
2147,run_1789774700_1967,0,2388,-1.3250636266777454,0.7310715803806056,V1_INV_PI,V1_INV_PI,2,0,1.0,200,0.675664,0.621592,0.693482,0.611526,0.499159,0.666203,0.998069,0.012404,0.011672,0.306667,0.001111,1.0,3.9,0,0,,2026-09-19T02:39:11,
2148,run_1789774700_1967,0,2389,-0.2720663298611703,-0.7053844709424852,V1_INV_PI,V1_INV_PI,2,0,1.0,200,0.707018,0.626953,0.870507,0.611018,0.518089,0.799441,0.869478,0.039077,0.053424,0.441111,0.038889,1.0,4.5,0,0,,2026-09-19T02:39:11,
2149,run_1789774700_1967,0,2390,-1.0554997008889582,-0.49290236172088975,V1_INV_PI,V1_INV_PI,2,0,1.0,200,0.718584,0.691952,0.756323,0.620131,0.524167,0.739522,0.997165,0.118127,0.016313,0.308889,0.05,1.0,3.9,0,0,,2026-09-19T02:39:11,
2150,run_1789774700_1967,0,2391,0.2792195333877847,0.4161870641499319,V1_INV_PI,V1_INV_PI,2,0,1.0,200,0.829811,0.892879,0.889457,0.600593,0.642146,0.912919,0.998824,0.0,0.078298,0.536667,0.001111,1.0,3.8,0,0,,2026-09-19T02:39:11,
2151,run_1789774700_1967,0,2392,-0.056156997709519096,-0.9850808613823915,V1_INV_PI,V1_INV_PI,2,0,1.0,200,0.804455,0.844306,0.863894,0.601183,0.594725,0.897925,0.99813,0.0,0.102914,0.512222,0.001111,1.0,4.2,0,0,,2026-09-19T02:39:11,
2152,run_1789774700_1967,0,2393,-0.21606094566439404,-0.027135897097018136,V1_INV_PI,V1_INV_PI,2,0,1.0,200,0.783627,0.761423,0.88687,0.671626,0.562426,0.860315,0.973906,0.105365,0.045793,0.424444,0.054444,0.914444,4.8,0,0,,2026-09-19T02:39:11,
2153,run_1789774700_1967,0,2394,-0.7139547200428518,-0.10955440864887889,V1_INV_PI,V1_INV_PI,2,0,1.0,200,0.754909,0.747718,0.812243,0.670617,0.532741,0.776245,0.994683,0.239511,0.025651,0.38,0.072222,0.62,5.1,0,0,,2026-09-19T02:39:11,
2154,run_1789774700_1967,0,2395,-0.3871594025621945,0.46748298630882346,V1_INV_PI,V1_INV_PI,2,0,1.0,200,0.774591,0.745821,0.875892,0.666113,0.554763,0.851308,0.972829,0.108119,0.040464,0.406667,0.063333,0.917778,4.0,0,0,,2026-09-19T02:39:11,
2155,run_1789774700_1967,0,2396,-0.3613680693041448,0.9998493618232109,V1_INV_PI,V1_INV_PI,2,0,1.0,200,0.787998,0.807072,0.851111,0.603015,0.566385,0.890291,0.997397,0.003127,0.039273,0.46,0.005556,1.0,4.0,0,0,,2026-09-19T02:39:11,
2156,run_1789774700_1967,0,2397,-0.22509641899472554,-0.12023920268851995,V1_INV_PI,V1_INV_PI,2,0,1.0,200,0.782377,0.759119,0.886329,0.670862,0.560837,0.858716,0.973902,0.105365,0.04868,0.424444,0.054444,0.914444,4.1,0,0,,2026-09-19T02:39:11,
2157,run_1789774700_1967,0,2398,-0.9843028704425208,1.0530736375005503,V1_INV_PI,V1_INV_PI,2,0,1.0,200,0.75806,0.761354,0.781626,0.60637,0.572432,0.826417,0.997967,0.005697,0.020706,0.378889,0.001111,1.0,3.9,0,0,,2026-09-19T02:39:11,
2158,run_1789774700_1967,0,2399,-0.19967205938080768,-0.0945888748222492,V1_INV_PI,V1_INV_PI,2,0,1.0,200,0.771407,0.739974,0.887454,0.660964,0.555479,0.842927,0.962602,0.093541,0.064158,0.426667,0.045556,0.927778,4.0,0,0,,2026-09-19T02:39:11,
2159,run_1789774700_1967,0,2400,-1.1263249769535533,1.1115239654488847,V1_INV_PI,V1_INV_PI,2,0,1.0,200,0.730009,0.713879,0.745466,0.606287,0.556036,0.772223,0.996916,0.0,0.012761,0.367778,0.001111,1.0,3.8,0,0,,2026-09-19T02:39:11,
2160,run_1789774700_1967,0,2401,-0.720190446193966,0.7139052750125889,V1_INV_PI,V1_INV_PI,2,0,1.0,200,0.775627,0.779152,0.832741,0.611984,0.567706,0.864841,0.99499,0.083089,0.02861,0.374444,0.036667,1.0,4.0,0,0,,2026-09-19T02:39:11,
2161,run_1789774700_1967,0,2402,0.7784153721889959,-0.9743752363905087,V1_INV_PI,V1_INV_PI,2,0,1.0,200,0.809131,0.855371,0.849437,0.59857,0.650095,0.873217,0.997267,0.0,0.015979,0.777778,0.001111,1.0,4.6,0,0,,2026-09-19T02:39:11,
2162,run_1789774700_1967,0,2403,-1.4087708713143554,-0.46600673621663047,V1_INV_PI,V1_INV_PI,2,0,1.0,200,0.637417,0.560681,0.654825,0.614835,0.45179,0.595504,0.998023,0.041429,0.012631,0.271111,0.005556,1.0,4.1,0,0,,2026-09-19T02:39:11,
2163,run_1789774700_1967,0,2404,-0.24890606135974713,-1.135859635472446,V1_INV_PI,V1_INV_PI,2,0,1.0,200,0.802442,0.839194,0.848582,0.601586,0.611953,0.890601,0.998234,0.0,0.066417,0.495556,0.001111,1.0,3.8,0,0,,2026-09-19T02:39:11,
2164,run_1789774700_1967,0,2405,0.5759755780693592,0.5179790389585774,V1_INV_PI,V1_INV_PI,2,0,1.0,200,0.845523,0.900331,0.891,0.599345,0.738461,0.90901,0.998455,0.0,0.0305,0.623333,0.001111,1.0,3.9,0,0,,2026-09-19T02:39:11,
2165,run_1789774700_1967,0,2406,0.49456001467055777,-0.24478510940161413,V1_INV_PI,V1_INV_PI,2,0,1.0,200,0.850083,0.907597,0.89386,0.599763,0.749068,0.913275,0.998593,0.0,0.031403,0.582222,0.001111,1.0,4.2,0,0,,2026-09-19T02:39:11,
2166,run_1789774700_1967,0,2407,0.06098771223267785,-0.8765700515871981,V1_INV_PI,V1_INV_PI,2,0,1.0,200,0.815745,0.865849,0.871664,0.600869,0.619435,0.904439,0.998809,0.0,0.088706,0.524444,0.001111,1.0,3.9,0,0,,2026-09-19T02:39:11,
2167,run_1789774700_1967,0,2408,0.46132816985119796,-0.7254727360517851,V1_INV_PI,V1_INV_PI,2,0,1.0,200,0.843481,0.896114,0.885626,0.599504,0.737887,0.908006,0.998661,0.0,0.028792,0.607778,0.001111,1.0,4.5,0,0,,2026-09-19T02:39:11,
2168,run_1789774700_1967,0,2409,0.3407142484556789,-0.34380709312948854,V1_INV_PI,V1_INV_PI,2,0,1.0,200,0.841492,0.903563,0.89186,0.600346,0.69876,0.914324,0.998721,0.0,0.053881,0.548889,0.001111,1.0,4.5,0,0,,2026-09-19T02:39:11,
2169,run_1789774700_1967,0,2410,0.15124528572471507,-1.1008016020852238,V1_INV_PI,V1_INV_PI,2,0,1.0,200,0.825643,0.873806,0.863644,0.599944,0.684502,0.900756,0.999094,0.0,0.053029,0.576667,0.001111,1.0,4.2,0,0,,2026-09-19T02:39:11,
2170,run_1789774700_1967,0,2411,0.4746993649511324,-0.17959922609155,V1_INV_PI,V1_INV_PI,2,0,1.0,200,0.850985,0.909035,0.894748,0.599864,0.750424,0.914485,0.998656,0.0,0.032845,0.575556,0.001111,1.0,3.8,0,0,,2026-09-19T02:39:11,
2171,run_1789774700_1967,0,2412,-1.343006388453789,-0.5627764914280875,V1_INV_PI,V1_INV_PI,2,0,1.0,200,0.641218,0.570313,0.672472,0.613841,0.429976,0.609754,0.998226,0.039942,0.011943,0.284444,0.005556,1.0,3.9,0,0,,2026-09-19T02:39:11,
2172,run_1789774700_1967,0,2413,0.3281961288248043,0.1628376980260111,V1_INV_PI,V1_INV_PI,2,0,1.0,200,0.838722,0.902932,0.893205,0.600539,0.678859,0.915205,0.998786,0.0,0.06413,0.542222,0.001111,1.0,3.9,0,0,,2026-09-19T02:39:11,
2173,run_1789774700_1967,0,2414,-0.6654066335686215,-1.1107909913170093,V1_INV_PI,V1_INV_PI,2,0,1.0,200,0.785582,0.806514,0.824168,0.604096,0.590704,0.875524,0.998532,0.003127,0.05155,0.423333,0.001111,1.0,3.8,0,0,,2026-09-19T02:39:12,
2174,run_1789774700_1967,0,2415,-0.4780661041642371,0.906119634236638,V1_INV_PI,V1_INV_PI,2,0,1.0,200,0.785393,0.79652,0.850615,0.60489,0.564908,0.892302,0.995704,0.022018,0.025389,0.425556,0.005556,1.0,4.1,0,0,,2026-09-19T02:39:12,
2175,run_1789774700_1967,0,2416,-0.4282109346509966,0.8614636400761693,V1_INV_PI,V1_INV_PI,2,0,1.0,200,0.772903,0.759422,0.855464,0.605185,0.545215,0.888854,0.992266,0.029009,0.07155,0.431111,0.023333,1.0,3.8,0,0,,2026-09-19T02:39:12,
2176,run_1789774700_1967,0,2417,-1.2929959032282485,0.6035618106929319,V1_INV_PI,V1_INV_PI,2,0,1.0,200,0.654634,0.587552,0.688341,0.61421,0.454699,0.629828,0.997893,0.047197,0.008759,0.294444,0.005556,1.0,3.9,0,0,,2026-09-19T02:39:12,
2177,run_1789774700_1967,0,2418,0.44951697185470674,-0.053816550867445745,V1_INV_PI,V1_INV_PI,2,0,1.0,200,0.849504,0.90881,0.894369,0.59999,0.741366,0.914373,0.998582,0.0,0.036346,0.568889,0.001111,1.0,3.8,0,0,,2026-09-19T02:39:12,
2178,run_1789774700_1967,0,2419,0.7952548709091287,-0.07514795770306693,V1_INV_PI,V1_INV_PI,2,0,1.0,200,0.842434,0.898906,0.893056,0.598889,0.723468,0.904819,0.997817,0.0,0.022295,0.671111,0.001111,1.0,4.3,0,0,,2026-09-19T02:39:12,
2179,run_1789774700_1967,0,2420,-0.8853404774928739,-0.7134884739484669,V1_INV_PI,V1_INV_PI,2,0,1.0,200,0.762456,0.761761,0.805807,0.612844,0.571004,0.826265,0.99752,0.061841,0.020243,0.352222,0.023333,1.0,3.9,0,0,,2026-09-19T02:39:12,
2180,run_1789774700_1967,0,2421,0.15510589282843257,-0.20317085228515697,V1_INV_PI,V1_INV_PI,2,0,1.0,200,0.711889,0.584315,0.89105,0.602458,0.508622,0.801522,0.968419,0.006253,0.018397,0.498889,0.005556,0.998889,3.9,0,0,,2026-09-19T02:39:12,
2181,run_1789774700_1967,0,2422,-0.8286627904004044,-1.0110568221542162,V1_INV_PI,V1_INV_PI,2,0,1.0,200,0.776967,0.793391,0.810047,0.606079,0.585927,0.856965,0.998444,0.005697,0.026393,0.391111,0.001111,1.0,4.0,0,0,,2026-09-19T02:39:12,
2182,run_1789774700_1967,0,2423,-1.3081360928109265,-1.115415340132471,V1_INV_PI,V1_INV_PI,2,0,1.0,200,0.693973,0.65984,0.702632,0.606313,0.503853,0.716893,0.997065,0.0,0.009984,0.353333,0.001111,1.0,4.0,0,0,,2026-09-19T02:39:12,
2183,run_1789774700_1967,0,2424,-0.19521173798353364,-0.38906740977292364,V1_INV_PI,V1_INV_PI,2,0,1.0,200,0.734052,0.682446,0.883814,0.635818,0.534403,0.788475,0.913764,0.064951,0.091598,0.434444,0.041111,0.958889,5.5,0,0,,2026-09-19T02:39:12,
2184,run_1789774700_1967,0,2425,-1.2613412034442357,-0.5649996984079323,V1_INV_PI,V1_INV_PI,2,0,1.0,200,0.667415,0.61013,0.695019,0.615083,0.472372,0.652384,0.997693,0.048598,0.01038,0.293333,0.01,1.0,4.2,0,0,,2026-09-19T02:39:12,
2185,run_1789774700_1967,0,2426,0.1216184436633585,-0.04253897714752908,V1_INV_PI,V1_INV_PI,2,0,1.0,200,0.670002,0.587457,0.890628,0.603975,0.508776,0.766062,0.718143,0.005697,0.326048,0.493333,0.005556,0.997778,4.1,0,0,,2026-09-19T02:39:12,
2186,run_1789774700_1967,0,2427,-1.284285476832633,-0.9024699567208079,V1_INV_PI,V1_INV_PI,2,0,1.0,200,0.696293,0.660155,0.70911,0.608953,0.515021,0.71055,0.998065,0.0,0.008937,0.323333,0.001111,1.0,4.5,0,0,,2026-09-19T02:39:12,
2187,run_1789774700_1967,0,2428,-1.128227166261141,-0.2873574467111293,V1_INV_PI,V1_INV_PI,2,0,1.0,200,0.689021,0.633856,0.717438,0.626031,0.498635,0.697176,0.997768,0.240547,0.029911,0.292222,0.107778,1.0,3.9,0,0,,2026-09-19T02:39:12,
2188,run_1789774700_1967,0,2429,0.09132336635581662,0.2489339226750753,V1_INV_PI,V1_INV_PI,2,0,1.0,200,0.676034,0.591166,0.889427,0.605909,0.50981,0.767855,0.748619,0.015975,0.138109,0.486667,0.014444,0.995556,3.9,0,0,,2026-09-19T02:39:12,
2189,run_1789774700_1967,0,2430,-0.4683660200749289,0.10728649700982529,V1_INV_PI,V1_INV_PI,2,0,1.0,200,0.805313,0.814748,0.853947,0.715591,0.603321,0.841517,0.996464,0.223666,0.015884,0.38,0.067778,0.706667,4.4,0,0,,2026-09-19T02:39:12,
2190,run_1789774700_1967,0,2431,0.03917689284379611,0.13613929520402457,V1_INV_PI,V1_INV_PI,2,0,1.0,200,0.68991,0.615159,0.890172,0.612501,0.516125,0.735059,0.820279,0.023797,0.205151,0.477778,0.018889,0.987778,4.0,0,0,,2026-09-19T02:39:12,
2191,run_1789774700_1967,0,2432,-1.3824091825509017,-0.8683863957916327,V1_INV_PI,V1_INV_PI,2,0,1.0,200,0.679217,0.632257,0.68526,0.608939,0.50078,0.681278,0.998096,0.005697,0.010901,0.31,0.001111,1.0,4.4,0,0,,2026-09-19T02:39:12,
2192,run_1789774700_1967,0,2433,0.7943149389755844,0.24518734158658062,V1_INV_PI,V1_INV_PI,2,0,1.0,200,0.841751,0.897403,0.892044,0.598864,0.723444,0.90388,0.997771,0.0,0.021985,0.675556,0.001111,1.0,3.8,0,0,,2026-09-19T02:39:12,
2193,run_1789774700_1967,0,2434,0.8942657739700794,-0.7980425308750498,V1_INV_PI,V1_INV_PI,2,0,1.0,200,0.811497,0.858543,0.853589,0.598471,0.656799,0.873271,0.996942,0.0,0.01276,0.796667,0.001111,1.0,4.0,0,0,,2026-09-19T02:39:12,
2194,run_1789774700_1967,0,2435,0.974163750574788,-0.6955741014500315,V1_INV_PI,V1_INV_PI,2,0,1.0,200,0.813217,0.859753,0.856352,0.598383,0.664116,0.873001,0.99667,0.0,0.01182,0.816667,0.001111,1.0,3.9,0,0,,2026-09-19T02:39:12,
2195,run_1789774700_1967,0,2436,-1.119549930883058,0.7694749633901932,V1_INV_PI,V1_INV_PI,2,0,1.0,200,0.723215,0.698735,0.752131,0.611694,0.545678,0.749972,0.997403,0.012404,0.010419,0.327778,0.001111,1.0,4.1,0,0,,2026-09-19T02:39:12,
2196,run_1789774700_1967,0,2437,0.9365981806218784,-0.2330123686471608,V1_INV_PI,V1_INV_PI,2,0,1.0,200,0.830834,0.885262,0.881772,0.598561,0.692896,0.89313,0.997098,0.0,0.013933,0.737778,0.001111,1.0,4.1,0,0,,2026-09-19T02:39:12,
2197,run_1789774700_1967,0,2438,-0.6099524070668323,1.0237930447188714,V1_INV_PI,V1_INV_PI,2,0,1.0,200,0.783468,0.799572,0.833696,0.604682,0.572943,0.881515,0.997667,0.005697,0.060199,0.423333,0.001111,1.0,4.2,0,0,,2026-09-19T02:39:12,
2198,run_1789774700_1967,0,2439,-0.8672458570236977,-0.08591661142025675,V1_INV_PI,V1_INV_PI,2,0,1.0,200,0.717714,0.690335,0.780729,0.639542,0.494148,0.723595,0.99619,0.285094,0.008232,0.371111,0.118889,0.628889,5.0,0,0,,2026-09-19T02:39:12,
2199,run_1789774700_1967,0,2440,-1.4242839132272858,-0.2558316709077253,V1_INV_PI,V1_INV_PI,2,0,1.0,200,0.622273,0.527311,0.646162,0.621894,0.444792,0.557468,0.999319,0.175196,0.011323,0.26,0.143333,1.0,4.7,0,0,,2026-09-19T02:39:12,
2200,run_1789774700_1967,0,2441,0.09364122577673273,0.027102354849916743,V1_INV_PI,V1_INV_PI,2,0,1.0,200,0.67618,0.590519,0.891236,0.604253,0.509786,0.785943,0.732453,0.013752,0.149131,0.477778,0.01,0.997778,4.2,0,0,,2026-09-19T02:39:12,
2201,run_1789774700_1967,0,2442,-0.8996798081387232,0.8435048628200461,V1_INV_PI,V1_INV_PI,2,0,1.0,200,0.771139,0.78142,0.806117,0.60905,0.580797,0.844105,0.998489,0.016418,0.013525,0.358889,0.001111,1.0,3.9,0,0,,2026-09-19T02:39:12,
2202,run_1789774700_1967,0,2443,0.13280046005436774,-0.10507944487261822,V1_INV_PI,V1_INV_PI,2,0,1.0,200,0.675854,0.587833,0.890811,0.605529,0.510499,0.780058,0.739077,0.010281,0.048097,0.493333,0.014444,0.995556,3.9,0,0,,2026-09-19T02:39:12,
2203,run_1789774700_1967,0,2444,0.462797442695297,-0.09215578417225823,V1_INV_PI,V1_INV_PI,2,0,1.0,200,0.849932,0.90877,0.894401,0.599931,0.744458,0.914221,0.998585,0.0,0.034988,0.571111,0.001111,1.0,3.9,0,0,,2026-09-19T02:39:12,
2204,run_1789774700_1967,0,2445,0.05165053056893787,0.4175280549583773,V1_INV_PI,V1_INV_PI,2,0,1.0,200,0.675787,0.589397,0.886011,0.605791,0.509679,0.765469,0.755968,0.010281,0.066286,0.488889,0.018889,0.995556,4.2,0,0,,2026-09-19T02:39:12,
2205,run_1789774700_1967,0,2446,-0.5915760824037619,1.1127581724819022,V1_INV_PI,V1_INV_PI,2,0,1.0,200,0.789657,0.813596,0.830068,0.60361,0.596516,0.879585,0.998608,0.0,0.033316,0.435556,0.001111,1.0,3.8,0,0,,2026-09-19T02:39:12,
2206,run_1789774700_1967,0,2447,0.896580140370657,-0.14517421593496715,V1_INV_PI,V1_INV_PI,2,0,1.0,200,0.835839,0.891515,0.887682,0.59865,0.704407,0.898322,0.997343,0.0,0.016664,0.714444,0.001111,1.0,3.8,0,0,,2026-09-19T02:39:12,
2207,run_1789774700_1967,0,2448,-0.7583374811632896,-0.14637530350653893,V1_INV_PI,V1_INV_PI,2,0,1.0,200,0.746524,0.73452,0.805011,0.662661,0.524736,0.765176,0.995044,0.239899,0.01965,0.382222,0.067778,0.617778,4.8,0,0,,2026-09-19T02:39:12,
2208,run_1789774700_1967,0,2449,0.28412636133301494,-0.22010402403122464,V1_INV_PI,V1_INV_PI,2,0,1.0,200,0.827746,0.891016,0.892991,0.600769,0.626087,0.914639,0.998797,0.0,0.093843,0.534444,0.001111,1.0,3.8,0,0,,2026-09-19T02:39:12,
2209,run_1789774700_1967,0,2450,0.4862908610465959,0.24856861103355699,V1_INV_PI,V1_INV_PI,2,0,1.0,200,0.850409,0.907892,0.894134,0.599792,0.750117,0.913582,0.998617,0.0,0.031993,0.58,0.001111,1.0,3.8,0,0,,2026-09-19T02:39:12,
2210,run_1789774700_1967,0,2451,-0.1603212476229372,0.11399338658352542,V1_INV_PI,V1_INV_PI,2,0,1.0,200,0.75725,0.716083,0.888301,0.64989,0.546771,0.82288,0.947021,0.080755,0.057494,0.433333,0.045556,0.941111,3.9,0,0,,2026-09-19T02:39:12,
2211,run_1789774700_1967,0,2452,-0.5584632466715337,1.0837679322863265,V1_INV_PI,V1_INV_PI,2,0,1.0,200,0.789797,0.813992,0.83448,0.603659,0.589275,0.883016,0.998231,0.0,0.027852,0.44,0.001111,1.0,4.1,0,0,,2026-09-19T02:39:12,
2212,run_1789774700_1967,0,2453,0.6111840404384501,1.1802005725903324,V1_INV_PI,V1_INV_PI,2,0,1.0,200,0.810198,0.853839,0.848127,0.598696,0.657642,0.876086,0.997705,0.0,0.021423,0.745556,0.001111,1.0,3.9,0,0,,2026-09-19T02:39:12,
2213,run_1789774700_1967,0,2454,-0.2567796143482035,-0.5846615130508189,V1_INV_PI,V1_INV_PI,2,0,1.0,200,0.723068,0.65969,0.876544,0.626972,0.526902,0.785839,0.904713,0.055219,0.093299,0.435556,0.036667,0.971111,4.9,0,0,,2026-09-19T02:39:12,
2214,run_1789774700_1967,0,2455,-0.5121133345618248,-0.1644375389243118,V1_INV_PI,V1_INV_PI,2,0,1.0,200,0.799123,0.806215,0.848184,0.710185,0.596097,0.833292,0.996039,0.226271,0.017783,0.375556,0.067778,0.69,4.4,0,0,,2026-09-19T02:39:12,
2215,run_1789774700_1967,0,2456,-1.1270343271038472,-0.5185230300930984,V1_INV_PI,V1_INV_PI,2,0,1.0,200,0.700838,0.663794,0.732849,0.61784,0.507938,0.70992,0.997381,0.076246,0.01389,0.307778,0.018889,1.0,3.9,0,0,,2026-09-19T02:39:12,
2216,run_1789774700_1967,0,2457,-1.0559333648106037,-0.7647430818535921,V1_INV_PI,V1_INV_PI,2,0,1.0,200,0.729402,0.709364,0.766124,0.612001,0.53953,0.766187,0.996565,0.038436,0.015791,0.332222,0.001111,1.0,3.9,0,0,,2026-09-19T02:39:12,
2217,run_1789774700_1967,0,2458,-1.1655376826561161,-0.3814887846989108,V1_INV_PI,V1_INV_PI,2,0,1.0,200,0.686569,0.642005,0.710926,0.62051,0.491326,0.686383,0.997976,0.105731,0.014259,0.292222,0.036667,1.0,4.1,0,0,,2026-09-19T02:39:12,
2218,run_1789774700_1967,0,2459,-0.4108542882470201,0.5290060235821639,V1_INV_PI,V1_INV_PI,2,0,1.0,200,0.766372,0.728644,0.87279,0.658107,0.54851,0.848331,0.967002,0.103702,0.058135,0.407778,0.058889,0.927778,4.2,0,0,,2026-09-19T02:39:12,
2219,run_1789774700_1967,0,2460,0.4290643403691341,-0.9531509981208901,V1_INV_PI,V1_INV_PI,2,0,1.0,200,0.835568,0.884369,0.875578,0.599338,0.721215,0.901717,0.998655,0.0,0.035192,0.622222,0.001111,1.0,4.1,0,0,,2026-09-19T02:39:12,
2220,run_1789774700_1967,0,2461,0.22802687246601394,0.5602781242722332,V1_INV_PI,V1_INV_PI,2,0,1.0,200,0.823575,0.883284,0.885411,0.600668,0.62289,0.910558,0.998832,0.0,0.090641,0.532222,0.001111,1.0,4.4,0,0,,2026-09-19T02:39:12,
2221,run_1789774700_1967,0,2462,-1.214314712494725,0.689649380684697,V1_INV_PI,V1_INV_PI,2,0,1.0,200,0.687115,0.639326,0.718364,0.613296,0.500313,0.685846,0.997401,0.036909,0.010455,0.307778,0.001111,1.0,3.9,0,0,,2026-09-19T02:39:12,
2222,run_1789774700_1967,0,2463,-0.3487456129546873,0.023244875895045425,V1_INV_PI,V1_INV_PI,2,0,1.0,200,0.838549,0.8644,0.880574,0.735688,0.631051,0.902926,0.999421,0.175368,0.041525,0.4,0.041111,0.81,4.2,0,0,,2026-09-19T02:39:12,
2223,run_1789774700_1967,0,2464,0.4900525530588826,-0.7483744876193635,V1_INV_PI,V1_INV_PI,2,0,1.0,200,0.841794,0.894065,0.884545,0.599397,0.732555,0.906753,0.998601,0.0,0.032277,0.615556,0.001111,1.0,3.8,0,0,,2026-09-19T02:39:12,
2224,run_1789774700_1967,0,2465,-0.5402378341168954,0.4427419010276352,V1_INV_PI,V1_INV_PI,2,0,1.0,200,0.817824,0.828375,0.866478,0.717216,0.599928,0.889908,0.998006,0.169369,0.036925,0.376667,0.063333,0.826667,4.2,0,0,,2026-09-19T02:39:12,
2225,run_1789774700_1967,0,2466,0.9264845335453504,-1.104112162226428,V1_INV_PI,V1_INV_PI,2,0,1.0,200,0.813269,0.853392,0.854558,0.598222,0.677807,0.872286,0.996597,0.0,0.011669,0.855556,0.001111,1.0,3.9,0,0,,2026-09-19T02:39:12,
2226,run_1789774700_1967,0,2467,-0.8270230188849795,-1.0764415439950612,V1_INV_PI,V1_INV_PI,2,0,1.0,200,0.775139,0.790377,0.806943,0.605308,0.58517,0.854311,0.998569,0.0,0.020963,0.397778,0.001111,1.0,3.8,0,0,,2026-09-19T02:39:12,
2227,run_1789774700_1967,0,2468,0.1651984476143975,0.3005626518706004,V1_INV_PI,V1_INV_PI,2,0,1.0,200,0.81394,0.863619,0.889889,0.601497,0.589341,0.908159,0.998017,0.003127,0.12241,0.506667,0.001111,1.0,3.8,0,0,,2026-09-19T02:39:12,
2228,run_1789774700_1967,0,2469,-1.3193172828648823,0.4448624806425836,V1_INV_PI,V1_INV_PI,2,0,1.0,200,0.651598,0.584586,0.671999,0.616363,0.459856,0.623173,0.998284,0.054053,0.018832,0.276667,0.01,1.0,3.9,0,0,,2026-09-19T02:39:12,
2229,run_1789774700_1967,0,2470,-0.5888932024598718,-1.1461855260877727,V1_INV_PI,V1_INV_PI,2,0,1.0,200,0.786017,0.80731,0.828717,0.603347,0.58617,0.877969,0.998392,0.003127,0.041357,0.44,0.001111,1.0,4.0,0,0,,2026-09-19T02:39:12,
2230,run_1789774700_1967,0,2471,-1.2250531116645167,-0.30427563873354513,V1_INV_PI,V1_INV_PI,2,0,1.0,200,0.659327,0.589394,0.690271,0.62206,0.467708,0.634874,0.998275,0.168699,0.022989,0.282222,0.087778,1.0,4.4,0,0,,2026-09-19T02:39:12,
2231,run_1789774700_1967,0,2472,0.6857497438599758,0.046319856201487486,V1_INV_PI,V1_INV_PI,2,0,1.0,200,0.847371,0.904576,0.895864,0.59919,0.738121,0.910099,0.998238,0.0,0.028635,0.634444,0.001111,1.0,4.9,0,0,,2026-09-19T02:39:12,
2232,run_1789774700_1967,0,2473,0.014325024249536744,0.031991877217744324,V1_INV_PI,V1_INV_PI,2,0,1.0,200,0.69303,0.621332,0.889349,0.614766,0.51646,0.767267,0.796805,0.028925,0.056068,0.472222,0.032222,0.984444,5.0,0,0,,2026-09-19T02:39:12,
2233,run_1789774700_1967,0,2474,-1.1162163394644398,-0.43140603948459444,V1_INV_PI,V1_INV_PI,2,0,1.0,200,0.698888,0.662809,0.731148,0.619979,0.498395,0.70739,0.997663,0.099178,0.015467,0.298889,0.027778,1.0,5.0,0,0,,2026-09-19T02:39:13,
2234,run_1789774700_1967,0,2475,-1.1950701720772,0.15884372707060024,V1_INV_PI,V1_INV_PI,2,0,1.0,200,0.619153,0.526171,0.693399,0.563288,0.433814,0.561465,0.998766,0.282563,0.008765,0.286667,0.152222,0.713333,4.3,0,0,,2026-09-19T02:39:13,
2235,run_1789774700_1967,0,2476,-1.1252590830183267,-0.8083927610383376,V1_INV_PI,V1_INV_PI,2,0,1.0,200,0.726711,0.70505,0.752376,0.610816,0.551279,0.757445,0.99774,0.012404,0.012179,0.328889,0.001111,1.0,4.8,0,0,,2026-09-19T02:39:13,
2236,run_1789774700_1967,0,2477,-1.0727020342786475,0.7890235166835295,V1_INV_PI,V1_INV_PI,2,0,1.0,200,0.734686,0.717596,0.764949,0.611291,0.556637,0.771675,0.997361,0.023797,0.010309,0.334444,0.001111,1.0,4.4,0,0,,2026-09-19T02:39:13,
2237,run_1789774700_1967,0,2478,0.5497855918412093,0.08091037571543946,V1_INV_PI,V1_INV_PI,2,0,1.0,200,0.851031,0.908473,0.89523,0.599618,0.752609,0.913361,0.998603,0.0,0.027224,0.592222,0.001111,1.0,4.1,0,0,,2026-09-19T02:39:13,
2238,run_1789774700_1967,0,2479,-0.8415332458895637,-0.8878556560601605,V1_INV_PI,V1_INV_PI,2,0,1.0,200,0.775261,0.787395,0.814699,0.607986,0.576508,0.858643,0.998248,0.014444,0.018479,0.376667,0.001111,1.0,5.0,0,0,,2026-09-19T02:39:13,
2239,run_1789774700_1967,0,2480,0.46488601094147675,-0.3248651800816149,V1_INV_PI,V1_INV_PI,2,0,1.0,200,0.849375,0.906675,0.892511,0.599833,0.747265,0.913109,0.998655,0.0,0.032896,0.576667,0.001111,1.0,4.4,0,0,,2026-09-19T02:39:13,
2240,run_1789774700_1967,0,2481,-0.6353259817264318,-0.4286605301913802,V1_INV_PI,V1_INV_PI,2,0,1.0,200,0.818005,0.827975,0.853948,0.723027,0.611477,0.885781,0.999178,0.196062,0.022509,0.365556,0.076667,0.773333,4.4,0,0,,2026-09-19T02:39:13,
2241,run_1789774700_1967,0,2482,0.2553776528568634,0.57801958408588,V1_INV_PI,V1_INV_PI,2,0,1.0,200,0.829707,0.890861,0.88535,0.600494,0.650634,0.911299,0.998833,0.0,0.075438,0.54,0.001111,1.0,4.4,0,0,,2026-09-19T02:39:13,
2242,run_1789774700_1967,0,2483,-0.608347382049719,0.7028622854960431,V1_INV_PI,V1_INV_PI,2,0,1.0,200,0.780483,0.778737,0.851137,0.611158,0.561655,0.88949,0.991882,0.091639,0.01422,0.386667,0.05,1.0,3.9,0,0,,2026-09-19T02:39:13,
2243,run_1789774700_1967,0,2484,-1.12413017203797,0.7552775128098972,V1_INV_PI,V1_INV_PI,2,0,1.0,200,0.721017,0.695777,0.750017,0.611989,0.542677,0.745197,0.997275,0.016418,0.0111,0.328889,0.001111,1.0,4.0,0,0,,2026-09-19T02:39:13,
2244,run_1789774700_1967,0,2485,-1.2056986848277813,-0.32819223573817247,V1_INV_PI,V1_INV_PI,2,0,1.0,200,0.667688,0.60587,0.69386,0.621125,0.478503,0.649965,0.998018,0.116686,0.010675,0.285556,0.058889,1.0,4.1,0,0,,2026-09-19T02:39:13,
2245,run_1789774700_1967,0,2486,-1.424230983199939,0.18178456735545212,V1_INV_PI,V1_INV_PI,2,0,1.0,200,0.615171,0.512159,0.642633,0.627537,0.435843,0.542339,0.999192,0.260333,0.013595,0.253333,0.154444,1.0,3.9,0,0,,2026-09-19T02:39:13,
2246,run_1789774700_1967,0,2487,-1.1948004686032474,0.7822891801373137,V1_INV_PI,V1_INV_PI,2,0,1.0,200,0.71044,0.676654,0.73345,0.611416,0.537445,0.728076,0.998124,0.022018,0.006086,0.317778,0.001111,1.0,3.9,0,0,,2026-09-19T02:39:13,
2247,run_1789774700_1967,0,2488,-0.959551690858175,-0.883108961713311,V1_INV_PI,V1_INV_PI,2,0,1.0,200,0.762168,0.766781,0.793504,0.608636,0.576878,0.825828,0.998305,0.012404,0.011065,0.355556,0.001111,1.0,3.9,0,0,,2026-09-19T02:39:13,
2248,run_1789774700_1967,0,2489,0.22555650568211583,-0.47709659428672224,V1_INV_PI,V1_INV_PI,2,0,1.0,200,0.818919,0.87582,0.887301,0.600837,0.602468,0.910465,0.998689,0.0,0.107866,0.525556,0.001111,1.0,3.8,0,0,,2026-09-19T02:39:13,
2249,run_1789774700_1967,0,2490,-0.9718263108077932,1.0298481555999126,V1_INV_PI,V1_INV_PI,2,0,1.0,200,0.760586,0.765165,0.785993,0.606591,0.574621,0.830064,0.998029,0.005697,0.018046,0.375556,0.001111,1.0,3.9,0,0,,2026-09-19T02:39:13,
2250,run_1789774700_1967,0,2491,0.6577616750514892,0.6348394318486927,V1_INV_PI,V1_INV_PI,2,0,1.0,200,0.840406,0.893619,0.887367,0.59903,0.724857,0.903961,0.998128,0.0,0.026992,0.656667,0.001111,1.0,3.8,0,0,,2026-09-19T02:39:13,
2251,run_1789774700_1967,0,2492,-0.17197656846672937,0.44427870795874,V1_INV_PI,V1_INV_PI,2,0,1.0,200,0.715883,0.656017,0.882644,0.625632,0.526663,0.768726,0.875523,0.045781,0.090895,0.443333,0.036667,0.972222,4.0,0,0,,2026-09-19T02:39:13,
2252,run_1789774700_1967,0,2493,0.5257153426999523,0.444966960692055,V1_INV_PI,V1_INV_PI,2,0,1.0,200,0.848304,0.903899,0.891939,0.599546,0.747403,0.911379,0.998597,0.0,0.027457,0.601111,0.001111,1.0,3.8,0,0,,2026-09-19T02:39:13,
2253,run_1789774700_1967,0,2494,-0.7405627164497526,-0.9802822763579716,V1_INV_PI,V1_INV_PI,2,0,1.0,200,0.782638,0.800149,0.823602,0.606081,0.583004,0.873108,0.998209,0.008058,0.032451,0.396667,0.001111,1.0,3.9,0,0,,2026-09-19T02:39:13,
2254,run_1789774700_1967,0,2495,-0.24759013135886332,-0.5367501459409286,V1_INV_PI,V1_INV_PI,2,0,1.0,200,0.728739,0.670615,0.878231,0.631424,0.53016,0.788013,0.912744,0.058494,0.074265,0.438889,0.045556,0.964444,4.5,0,0,,2026-09-19T02:39:13,
2255,run_1789774700_1967,0,2496,-0.5405390130715862,-0.33425732392070695,V1_INV_PI,V1_INV_PI,2,0,1.0,200,0.828298,0.845523,0.86223,0.732338,0.62852,0.890192,0.9995,0.202237,0.015045,0.374444,0.072222,0.758889,4.5,0,0,,2026-09-19T02:39:13,
2256,run_1789774700_1967,0,2497,-0.3381817593412837,0.5461908093070542,V1_INV_PI,V1_INV_PI,2,0,1.0,200,0.746651,0.698444,0.875342,0.643578,0.538442,0.818032,0.93821,0.073941,0.073186,0.417778,0.05,0.947778,4.0,0,0,,2026-09-19T02:39:13,
2257,run_1789774700_1967,0,2498,-0.23986452068339803,0.6606037708894332,V1_INV_PI,V1_INV_PI,2,0,1.0,200,0.723697,0.656848,0.873133,0.608325,0.523962,0.826748,0.897732,0.042768,0.209237,0.444444,0.036667,1.0,3.9,0,0,,2026-09-19T02:39:13,
2258,run_1789774700_1967,0,2499,-0.7376120934965295,0.08008676007943016,V1_INV_PI,V1_INV_PI,2,0,1.0,200,0.745944,0.735066,0.805938,0.662264,0.520899,0.763909,0.994842,0.240654,0.019192,0.386667,0.072222,0.613333,4.5,0,0,,2026-09-19T02:39:13,
2259,run_1789774700_1967,0,2500,-0.8898956059704575,0.351675149353581,V1_INV_PI,V1_INV_PI,2,0,1.0,200,0.740732,0.718494,0.792184,0.649758,0.54204,0.759393,0.997347,0.3307,0.007271,0.324444,0.183333,1.0,4.0,0,0,,2026-09-19T02:39:13,
2260,run_1789774700_1967,0,2501,-0.8156481001179814,0.4348683500915409,V1_INV_PI,V1_INV_PI,2,0,1.0,200,0.75853,0.746974,0.812393,0.649517,0.556191,0.795759,0.998047,0.333483,0.009329,0.34,0.241111,1.0,4.2,0,0,,2026-09-19T02:39:13,
2261,run_1789774700_1967,0,2502,-0.8641312159265955,-0.23283556428934626,V1_INV_PI,V1_INV_PI,2,0,1.0,200,0.734195,0.698775,0.783311,0.691716,0.526832,0.731297,0.996854,0.417794,0.005989,0.327778,0.25,1.0,4.1,0,0,,2026-09-19T02:39:13,
2262,run_1789774700_1967,0,2503,-1.2772279085988345,-0.10239885735593712,V1_INV_PI,V1_INV_PI,2,0,1.0,200,0.603689,0.506625,0.670457,0.551648,0.419652,0.53943,0.999028,0.262784,0.006368,0.27,0.143333,0.73,4.6,0,0,,2026-09-19T02:39:13,
2263,run_1789774700_1967,0,2504,-1.4193105592290132,-0.22517350096114452,V1_INV_PI,V1_INV_PI,2,0,1.0,200,0.620207,0.525824,0.646048,0.623545,0.432597,0.556881,0.999267,0.197279,0.010738,0.256667,0.13,1.0,4.0,0,0,,2026-09-19T02:39:13,
2264,run_1789774700_1967,0,2505,-0.24001349382974846,-0.9011516383290286,V1_INV_PI,V1_INV_PI,2,0,1.0,200,0.780763,0.783296,0.86154,0.602816,0.550889,0.890421,0.993925,0.003127,0.033797,0.47,0.005556,1.0,4.0,0,0,,2026-09-19T02:39:13,
2265,run_1789774700_1967,0,2506,0.9841549720621687,0.1720007289040233,V1_INV_PI,V1_INV_PI,2,0,1.0,200,0.822994,0.877093,0.872893,0.598494,0.67057,0.88602,0.996827,0.0,0.012364,0.765556,0.001111,1.0,4.4,0,0,,2026-09-19T02:39:13,
2266,run_1789774700_1967,0,2507,0.16194991182786356,-0.5637623754932234,V1_INV_PI,V1_INV_PI,2,0,1.0,200,0.819347,0.875028,0.88443,0.601042,0.611128,0.90863,0.998705,0.0,0.106121,0.521111,0.001111,1.0,3.8,0,0,,2026-09-19T02:39:13,
2267,run_1789774700_1967,0,2508,-0.842730025403926,-0.524462499164722,V1_INV_PI,V1_INV_PI,2,0,1.0,200,0.734529,0.713649,0.795794,0.626246,0.51542,0.773094,0.996893,0.234405,0.013974,0.338889,0.165556,1.0,3.9,0,0,,2026-09-19T02:39:13,
2268,run_1789774700_1967,0,2509,-0.3377000006947992,0.22322024996848944,V1_INV_PI,V1_INV_PI,2,0,1.0,200,0.8211,0.835354,0.882084,0.714991,0.596823,0.892999,0.994844,0.151063,0.050158,0.405556,0.05,0.852222,4.3,0,0,,2026-09-19T02:39:13,
2269,run_1789774700_1967,0,2510,-0.6520294446317572,0.479535984225796,V1_INV_PI,V1_INV_PI,2,0,1.0,200,0.805584,0.807155,0.849518,0.699695,0.595006,0.884349,0.996734,0.315353,0.012002,0.366667,0.314444,0.998889,4.2,0,0,,2026-09-19T02:39:13,
2270,run_1789774700_1967,0,2511,0.7831478936848257,-0.9662861252166556,V1_INV_PI,V1_INV_PI,2,0,1.0,200,0.809082,0.85541,0.849359,0.598565,0.649875,0.873127,0.997275,0.0,0.015973,0.776667,0.001111,1.0,4.0,0,0,,2026-09-19T02:39:13,
2271,run_1789774700_1967,0,2512,0.8504243126529576,-0.1542368154356688,V1_INV_PI,V1_INV_PI,2,0,1.0,200,0.839224,0.895067,0.89082,0.598751,0.714463,0.901471,0.997542,0.0,0.019011,0.695556,0.001111,1.0,3.8,0,0,,2026-09-19T02:39:13,
2272,run_1789774700_1967,0,2513,0.8045781669870764,0.5794030481502364,V1_INV_PI,V1_INV_PI,2,0,1.0,200,0.833549,0.886526,0.882347,0.598719,0.704341,0.896515,0.99753,0.0,0.019082,0.706667,0.001111,1.0,3.8,0,0,,2026-09-19T02:39:13,
2273,run_1789774700_1967,0,2514,0.6197804679802705,-0.6925511523188376,V1_INV_PI,V1_INV_PI,2,0,1.0,200,0.840801,0.893342,0.886762,0.599084,0.727705,0.904654,0.998235,0.0,0.02853,0.648889,0.001111,1.0,3.8,0,0,,2026-09-19T02:39:13,
2274,run_1789774700_1967,0,2515,-0.3403573553159107,-0.40905646117644967,V1_INV_PI,V1_INV_PI,2,0,1.0,200,0.774014,0.745703,0.878998,0.665617,0.556858,0.846431,0.969354,0.101521,0.051075,0.411111,0.054444,0.918889,5.3,0,0,,2026-09-19T02:39:13,
2275,run_1789774700_1967,0,2516,-1.1011866267134325,-0.8170960736426078,V1_INV_PI,V1_INV_PI,2,0,1.0,200,0.732892,0.715651,0.759091,0.610575,0.555567,0.770303,0.99766,0.012404,0.012024,0.334444,0.001111,1.0,3.9,0,0,,2026-09-19T02:39:13,
2276,run_1789774700_1967,0,2517,-0.8418880210728511,-0.6651071452432428,V1_INV_PI,V1_INV_PI,2,0,1.0,200,0.752037,0.73902,0.806619,0.616019,0.552914,0.810509,0.995817,0.117984,0.015032,0.348889,0.063333,1.0,3.9,0,0,,2026-09-19T02:39:13,
2277,run_1789774700_1967,0,2518,0.997056203610895,-0.4710885850215316,V1_INV_PI,V1_INV_PI,2,0,1.0,200,0.814237,0.864008,0.859446,0.59843,0.658336,0.875333,0.99669,0.0,0.01202,0.803333,0.001111,1.0,4.0,0,0,,2026-09-19T02:39:13,
2278,run_1789774700_1967,0,2519,0.0008662138675070707,-0.8014205721260428,V1_INV_PI,V1_INV_PI,2,0,1.0,200,0.800987,0.835966,0.873581,0.601499,0.57788,0.896867,0.996812,0.005697,0.110533,0.502222,0.001111,1.0,3.9,0,0,,2026-09-19T02:39:13,
2279,run_1789774700_1967,0,2520,0.7647018624475863,0.950562404502098,V1_INV_PI,V1_INV_PI,2,0,1.0,200,0.811127,0.859163,0.853217,0.598607,0.649557,0.876852,0.997341,0.0,0.017055,0.764444,0.001111,1.0,3.9,0,0,,2026-09-19T02:39:13,
2280,run_1789774700_1967,0,2521,-1.2769399134780242,0.1833874108256499,V1_INV_PI,V1_INV_PI,2,0,1.0,200,0.62927,0.522211,0.677283,0.649974,0.442746,0.556366,0.998409,0.412329,0.010279,0.271111,0.361111,1.0,4.0,0,0,,2026-09-19T02:39:13,
2281,run_1789774700_1967,0,2522,-0.4668667473448429,-0.19665080568296034,V1_INV_PI,V1_INV_PI,2,0,1.0,200,0.835865,0.857881,0.868227,0.738898,0.644182,0.891847,0.99948,0.20282,0.018812,0.383333,0.058889,0.75,4.3,0,0,,2026-09-19T02:39:13,
2282,run_1789774700_1967,0,2523,-0.9791224822644354,0.6804260770122761,V1_INV_PI,V1_INV_PI,2,0,1.0,200,0.74758,0.737547,0.785427,0.614181,0.563696,0.793716,0.997602,0.056699,0.011131,0.332222,0.01,1.0,3.9,0,0,,2026-09-19T02:39:13,
2283,run_1789774700_1967,0,2524,-0.7567545519518104,0.7536687767815642,V1_INV_PI,V1_INV_PI,2,0,1.0,200,0.774033,0.777504,0.828205,0.61068,0.567217,0.862512,0.995764,0.052871,0.02313,0.37,0.018889,1.0,3.9,0,0,,2026-09-19T02:39:13,
2284,run_1789774700_1967,0,2525,-0.7746334551480175,-0.9707429687417197,V1_INV_PI,V1_INV_PI,2,0,1.0,200,0.779503,0.795947,0.819889,0.606389,0.576323,0.869449,0.998054,0.008058,0.029744,0.391111,0.005556,1.0,3.9,0,0,,2026-09-19T02:39:13,
2285,run_1789774700_1967,0,2526,0.40167808397386473,-0.16634888917160495,V1_INV_PI,V1_INV_PI,2,0,1.0,200,0.848266,0.90859,0.894219,0.600166,0.732526,0.915194,0.998687,0.0,0.0418,0.551111,0.001111,1.0,3.8,0,0,,2026-09-19T02:39:13,
2286,run_1789774700_1967,0,2527,-0.3969739824718408,-0.4346413521686848,V1_INV_PI,V1_INV_PI,2,0,1.0,200,0.78985,0.773909,0.875973,0.68103,0.566977,0.869482,0.982354,0.119868,0.045839,0.402222,0.063333,0.896667,4.2,0,0,,2026-09-19T02:39:13,
2287,run_1789774700_1967,0,2528,-1.0414285131350787,0.04339805008253883,V1_INV_PI,V1_INV_PI,2,0,1.0,200,0.673653,0.620191,0.740362,0.599894,0.462941,0.656753,0.997418,0.270626,0.005644,0.365556,0.118889,0.634444,4.4,0,0,,2026-09-19T02:39:13,
2288,run_1789774700_1967,0,2529,0.25067011397351546,0.12587703229524783,V1_INV_PI,V1_INV_PI,2,0,1.0,200,0.814377,0.865596,0.892412,0.601074,0.582321,0.912492,0.998223,0.0,0.141359,0.521111,0.001111,1.0,4.0,0,0,,2026-09-19T02:39:13,
2289,run_1789774700_1967,0,2530,-0.4763344392139439,0.0020725721857730584,V1_INV_PI,V1_INV_PI,2,0,1.0,200,0.790149,0.795507,0.846439,0.70377,0.576341,0.820132,0.995134,0.224246,0.026978,0.377778,0.067778,0.686667,4.4,0,0,,2026-09-19T02:39:13,
2290,run_1789774700_1967,0,2531,-0.5544367166564541,-0.6372472886284967,V1_INV_PI,V1_INV_PI,2,0,1.0,200,0.772555,0.753902,0.858996,0.617161,0.55468,0.880227,0.982799,0.127277,0.029378,0.391111,0.118889,1.0,3.9,0,0,,2026-09-19T02:39:13,
2291,run_1789774700_1967,0,2532,-0.20680088207138936,-0.4851044288787302,V1_INV_PI,V1_INV_PI,2,0,1.0,200,0.727659,0.671266,0.880424,0.631463,0.531189,0.781541,0.907666,0.055382,0.072169,0.44,0.041111,0.964444,3.9,0,0,,2026-09-19T02:39:13,
2292,run_1789774700_1967,0,2533,0.3395033717938516,1.0040727548689887,V1_INV_PI,V1_INV_PI,2,0,1.0,200,0.834619,0.882813,0.873111,0.59952,0.71924,0.902082,0.99882,0.0,0.033969,0.607778,0.001111,1.0,4.0,0,0,,2026-09-19T02:39:13,
2293,run_1789774700_1967,0,2534,-1.2649312615065411,-0.25919931128823026,V1_INV_PI,V1_INV_PI,2,0,1.0,200,0.632832,0.534278,0.676896,0.625534,0.453058,0.575486,0.99744,0.262163,0.049198,0.272222,0.187778,1.0,3.9,0,0,,2026-09-19T02:39:14,
2294,run_1789774700_1967,0,2535,0.99208677133231,-0.8555251171362361,V1_INV_PI,V1_INV_PI,2,0,1.0,200,0.814772,0.858045,0.8575,0.598271,0.676377,0.873065,0.996525,0.0,0.012048,0.844444,0.001111,1.0,3.8,0,0,,2026-09-19T02:39:14,
2295,run_1789774700_1967,0,2536,0.9201494579339542,1.094121350771368,V1_INV_PI,V1_INV_PI,2,0,1.0,200,0.813045,0.853252,0.854197,0.598242,0.677107,0.872041,0.996624,0.0,0.011524,0.853333,0.001111,1.0,3.8,0,0,,2026-09-19T02:39:14,
2296,run_1789774700_1967,0,2537,-0.8874393539682843,0.0702544251474746,V1_INV_PI,V1_INV_PI,2,0,1.0,200,0.688557,0.621154,0.749839,0.659269,0.466887,0.68461,0.994516,0.402262,0.055352,0.318889,0.203333,0.873333,4.2,0,0,,2026-09-19T02:39:14,
2297,run_1789774700_1967,0,2538,-0.8139850280693487,0.2000161884032987,V1_INV_PI,V1_INV_PI,2,0,1.0,200,0.735361,0.704289,0.774478,0.714722,0.507132,0.736214,0.996043,0.472845,0.008368,0.33,0.316667,1.0,4.5,0,0,,2026-09-19T02:39:14,
2298,run_1789774700_1967,0,2539,0.34066615333711625,1.1182969388583877,V1_INV_PI,V1_INV_PI,2,0,1.0,200,0.829681,0.874586,0.867066,0.59936,0.711551,0.896843,0.998742,0.0,0.037311,0.63,0.001111,1.0,3.9,0,0,,2026-09-19T02:39:14,
2299,run_1789774700_1967,0,2540,-0.34844286395420876,-0.12186047643103448,V1_INV_PI,V1_INV_PI,2,0,1.0,200,0.836284,0.860865,0.881541,0.73223,0.626385,0.901459,0.998839,0.16941,0.043907,0.403333,0.041111,0.821111,4.1,0,0,,2026-09-19T02:39:14,
2300,run_1789774700_1967,0,2541,-1.4120142996272063,-0.2692839328819525,V1_INV_PI,V1_INV_PI,2,0,1.0,200,0.622738,0.527928,0.648494,0.621887,0.44402,0.558183,0.999123,0.174442,0.014235,0.26,0.125556,1.0,3.9,0,0,,2026-09-19T02:39:14,
2301,run_1789774700_1967,0,2542,0.9040887079250517,1.1461397588091884,V1_INV_PI,V1_INV_PI,2,0,1.0,200,0.812476,0.851883,0.853143,0.598231,0.67706,0.87167,0.996601,0.0,0.011199,0.855556,0.001111,1.0,4.0,0,0,,2026-09-19T02:39:14,
2302,run_1789774700_1967,0,2543,-0.248321675702452,0.45266169219456054,V1_INV_PI,V1_INV_PI,2,0,1.0,200,0.74004,0.690226,0.88095,0.639555,0.536324,0.797508,0.928886,0.068016,0.083089,0.43,0.045556,0.953333,4.9,0,0,,2026-09-19T02:39:14,
2303,run_1789774700_1967,0,2544,-1.334608735330993,0.09117479435452625,V1_INV_PI,V1_INV_PI,2,0,1.0,200,0.61049,0.493484,0.660619,0.648112,0.41488,0.524676,0.999177,0.34874,0.017192,0.263333,0.234444,1.0,4.1,0,0,,2026-09-19T02:39:14,
2304,run_1789774700_1967,0,2545,0.26094561871189104,-0.2581270602085166,V1_INV_PI,V1_INV_PI,2,0,1.0,200,0.710548,0.577928,0.891974,0.601828,0.507615,0.802175,0.970184,0.003127,0.024265,0.525556,0.005556,0.998889,4.0,0,0,,2026-09-19T02:39:14,
2305,run_1789774700_1967,0,2546,-0.7839918445141498,0.4793058174014806,V1_INV_PI,V1_INV_PI,2,0,1.0,200,0.752646,0.740304,0.813354,0.643034,0.534592,0.794952,0.997864,0.321299,0.016498,0.35,0.278889,1.0,4.2,0,0,,2026-09-19T02:39:14,
2306,run_1789774700_1967,0,2547,0.9349125567338548,1.0120872348674805,V1_INV_PI,V1_INV_PI,2,0,1.0,200,0.813531,0.854924,0.855212,0.598278,0.67617,0.872405,0.996601,0.0,0.011567,0.848889,0.001111,1.0,3.8,0,0,,2026-09-19T02:39:14,
2307,run_1789774700_1967,0,2548,-0.6942560100192705,-1.017143698297312,V1_INV_PI,V1_INV_PI,2,0,1.0,200,0.781837,0.798795,0.826132,0.605353,0.578004,0.873284,0.998146,0.010281,0.035931,0.41,0.001111,1.0,3.9,0,0,,2026-09-19T02:39:14,
2308,run_1789774700_1967,0,2549,0.4006015603906403,-0.08833908308264826,V1_INV_PI,V1_INV_PI,2,0,1.0,200,0.848482,0.909229,0.895026,0.600198,0.731526,0.915724,0.998696,0.0,0.042794,0.556667,0.001111,1.0,4.4,0,0,,2026-09-19T02:39:14,
2309,run_1789774700_1967,0,2550,0.5766837307992918,-0.6471583470400414,V1_INV_PI,V1_INV_PI,2,0,1.0,200,0.8423,0.896033,0.887275,0.599241,0.730325,0.906679,0.998423,0.0,0.031792,0.631111,0.001111,1.0,3.9,0,0,,2026-09-19T02:39:14,
2310,run_1789774700_1967,0,2551,-0.28263072334859185,-0.0761863260303779,V1_INV_PI,V1_INV_PI,2,0,1.0,200,0.819364,0.832117,0.885193,0.711313,0.597358,0.888778,0.992922,0.150176,0.056365,0.412222,0.045556,0.862222,4.2,0,0,,2026-09-19T02:39:14,
2311,run_1789774700_1967,0,2552,-0.08702123808968953,0.052426438591189006,V1_INV_PI,V1_INV_PI,2,0,1.0,200,0.728649,0.674983,0.889675,0.632748,0.534305,0.788861,0.8871,0.058002,0.066189,0.448889,0.036667,0.962222,3.9,0,0,,2026-09-19T02:39:14,
2312,run_1789774700_1967,0,2553,-0.19990232989709789,-0.5031606977969237,V1_INV_PI,V1_INV_PI,2,0,1.0,200,0.721509,0.661617,0.880153,0.627907,0.527818,0.776121,0.895368,0.053097,0.08427,0.441111,0.036667,0.968889,3.9,0,0,,2026-09-19T02:39:14,
2313,run_1789774700_1967,0,2554,0.5994640479166273,-0.40525678689181166,V1_INV_PI,V1_INV_PI,2,0,1.0,200,0.847728,0.903697,0.893623,0.599336,0.742916,0.911033,0.998448,0.0,0.030365,0.614444,0.001111,1.0,3.9,0,0,,2026-09-19T02:39:14,
2314,run_1789774700_1967,0,2555,-1.47203716970839,1.0510895376832459,V1_INV_PI,V1_INV_PI,2,0,1.0,200,0.680165,0.638198,0.673181,0.606386,0.501178,0.691989,0.998037,0.0,0.013403,0.333333,0.001111,1.0,3.9,0,0,,2026-09-19T02:39:14,
2315,run_1789774700_1967,0,2556,-0.5694950147499631,-0.34702627957486754,V1_INV_PI,V1_INV_PI,2,0,1.0,200,0.824872,0.839938,0.859027,0.729939,0.62549,0.885279,0.999512,0.207846,0.015152,0.371111,0.076667,0.751111,4.5,0,0,,2026-09-19T02:39:14,
2316,run_1789774700_1967,0,2557,-0.20627459233649126,0.3060095000280656,V1_INV_PI,V1_INV_PI,2,0,1.0,200,0.754934,0.713164,0.88516,0.648859,0.544223,0.817046,0.948996,0.07964,0.069555,0.433333,0.045556,0.942222,3.9,0,0,,2026-09-19T02:39:14,
2317,run_1789774700_1967,0,2558,-0.4358785149875417,0.789761744307041,V1_INV_PI,V1_INV_PI,2,0,1.0,200,0.7675,0.742343,0.859936,0.606598,0.541491,0.887911,0.98349,0.043299,0.043979,0.421111,0.038889,1.0,3.9,0,0,,2026-09-19T02:39:14,
2318,run_1789774700_1967,0,2559,-0.14819991142665412,0.22952699678391553,V1_INV_PI,V1_INV_PI,2,0,1.0,200,0.737463,0.689663,0.887567,0.638518,0.538823,0.79212,0.909955,0.065578,0.086345,0.438889,0.036667,0.955556,4.0,0,0,,2026-09-19T02:39:14,
2319,run_1789774700_1967,0,2560,-0.9859278852190615,-0.8851204838315132,V1_INV_PI,V1_INV_PI,2,0,1.0,200,0.759416,0.762566,0.788175,0.608691,0.5769,0.819709,0.998352,0.008058,0.012781,0.353333,0.001111,1.0,3.9,0,0,,2026-09-19T02:39:14,
2320,run_1789774700_1967,0,2561,-0.36047502895661987,-1.1281059079032094,V1_INV_PI,V1_INV_PI,2,0,1.0,200,0.785466,0.804761,0.843807,0.602332,0.569025,0.883824,0.996182,0.008058,0.0437,0.474444,0.001111,1.0,5.2,0,0,,2026-09-19T02:39:14,
2321,run_1789774700_1967,0,2562,0.37460148007631444,0.962461363207799,V1_INV_PI,V1_INV_PI,2,0,1.0,200,0.83591,0.884899,0.875335,0.599476,0.721569,0.902774,0.998752,0.0,0.032115,0.612222,0.001111,1.0,3.8,0,0,,2026-09-19T02:39:14,
2322,run_1789774700_1967,0,2563,0.618787880967373,-0.9097447824220545,V1_INV_PI,V1_INV_PI,2,0,1.0,200,0.832213,0.881534,0.876514,0.598904,0.70852,0.896874,0.998054,0.0,0.02569,0.681111,0.001111,1.0,4.2,0,0,,2026-09-19T02:39:14,
2323,run_1789774700_1967,0,2564,-0.8967379841648104,-0.0005788667234494227,V1_INV_PI,V1_INV_PI,2,0,1.0,200,0.709683,0.680074,0.773647,0.629168,0.485694,0.712951,0.996303,0.262808,0.008737,0.395556,0.09,0.604444,4.7,0,0,,2026-09-19T02:39:14,
2324,run_1789774700_1967,0,2565,-0.462895208414712,-0.3122499486651703,V1_INV_PI,V1_INV_PI,2,0,1.0,200,0.831652,0.853614,0.872663,0.731937,0.615761,0.901863,0.999429,0.181842,0.025365,0.386667,0.063333,0.803333,4.4,0,0,,2026-09-19T02:39:14,
2325,run_1789774700_1967,0,2566,-0.287925614789565,0.6125256757202429,V1_INV_PI,V1_INV_PI,2,0,1.0,200,0.721716,0.652692,0.873826,0.62525,0.525819,0.794748,0.903978,0.06124,0.076103,0.433333,0.05,0.972222,4.1,0,0,,2026-09-19T02:39:14,
2326,run_1789774700_1967,0,2567,-1.2043966882696377,0.37245487779972186,V1_INV_PI,V1_INV_PI,2,0,1.0,200,0.673543,0.620508,0.697225,0.61985,0.477789,0.663254,0.997986,0.098669,0.013327,0.288889,0.036667,1.0,4.2,0,0,,2026-09-19T02:39:14,
2327,run_1789774700_1967,0,2568,0.06544418014003339,1.0249803241979454,V1_INV_PI,V1_INV_PI,2,0,1.0,200,0.819118,0.86885,0.865588,0.60045,0.644829,0.902783,0.999055,0.0,0.081175,0.546667,0.001111,1.0,4.0,0,0,,2026-09-19T02:39:14,
2328,run_1789774700_1967,0,2569,-1.1689173822593277,0.5837909328620727,V1_INV_PI,V1_INV_PI,2,0,1.0,200,0.690997,0.6476,0.722176,0.61555,0.500211,0.691917,0.997458,0.047197,0.012569,0.304444,0.005556,1.0,3.9,0,0,,2026-09-19T02:39:14,
2329,run_1789774700_1967,0,2570,0.4992380347172021,0.5944189442264394,V1_INV_PI,V1_INV_PI,2,0,1.0,200,0.845731,0.900135,0.888099,0.599509,0.742023,0.909724,0.998626,0.0,0.028062,0.601111,0.001111,1.0,4.2,0,0,,2026-09-19T02:39:14,
2330,run_1789774700_1967,0,2571,0.44698772112605645,0.7811543177520199,V1_INV_PI,V1_INV_PI,2,0,1.0,200,0.841862,0.893658,0.88318,0.599485,0.734803,0.906841,0.998673,0.0,0.029514,0.607778,0.001111,1.0,3.8,0,0,,2026-09-19T02:39:14,
2331,run_1789774700_1967,0,2572,0.6873710694816011,-1.0040117242143036,V1_INV_PI,V1_INV_PI,2,0,1.0,200,0.820722,0.867767,0.863281,0.598691,0.680008,0.885607,0.997616,0.0,0.02011,0.73,0.001111,1.0,3.9,0,0,,2026-09-19T02:39:14,
2332,run_1789774700_1967,0,2573,0.7331463613782225,0.5001278058148833,V1_INV_PI,V1_INV_PI,2,0,1.0,200,0.840985,0.895236,0.88975,0.59892,0.724146,0.903763,0.997927,0.0,0.023807,0.67,0.001111,1.0,4.1,0,0,,2026-09-19T02:39:14,
2333,run_1789774700_1967,0,2574,-0.7366921948020007,-1.0335843932065523,V1_INV_PI,V1_INV_PI,2,0,1.0,200,0.783573,0.804072,0.820782,0.605283,0.589445,0.869763,0.998428,0.003127,0.019685,0.405556,0.001111,1.0,3.9,0,0,,2026-09-19T02:39:14,
2334,run_1789774700_1967,0,2575,-1.3046332606796467,-0.6954000506468946,V1_INV_PI,V1_INV_PI,2,0,1.0,200,0.672009,0.617199,0.695454,0.612241,0.485866,0.660077,0.997755,0.010281,0.010646,0.301111,0.001111,1.0,4.9,0,0,,2026-09-19T02:39:14,
2335,run_1789774700_1967,0,2576,-0.5517351820867908,0.934028715131775,V1_INV_PI,V1_INV_PI,2,0,1.0,200,0.788212,0.807018,0.844346,0.60514,0.573108,0.889779,0.997346,0.014444,0.033318,0.416667,0.001111,1.0,3.8,0,0,,2026-09-19T02:39:14,
2336,run_1789774700_1967,0,2577,-0.5994341822421954,0.7362811297436311,V1_INV_PI,V1_INV_PI,2,0,1.0,200,0.78634,0.794571,0.851255,0.609659,0.571278,0.891708,0.99408,0.077219,0.017581,0.391111,0.041111,1.0,3.9,0,0,,2026-09-19T02:39:14,
2337,run_1789774700_1967,0,2578,0.742919160851383,-0.45336917845400526,V1_INV_PI,V1_INV_PI,2,0,1.0,200,0.84104,0.895536,0.889892,0.598919,0.724081,0.903593,0.99789,0.0,0.023717,0.67,0.001111,1.0,4.0,0,0,,2026-09-19T02:39:14,
2338,run_1789774700_1967,0,2579,-1.0766945806561041,0.15977353406591965,V1_INV_PI,V1_INV_PI,2,0,1.0,200,0.676912,0.601804,0.726074,0.634043,0.505648,0.680485,0.96349,0.364137,0.033513,0.292222,0.265556,0.866667,4.2,0,0,,2026-09-19T02:39:14,
2339,run_1789774700_1967,0,2580,-0.9129001274743229,1.0251962321430403,V1_INV_PI,V1_INV_PI,2,0,1.0,200,0.768479,0.778295,0.796268,0.606337,0.582458,0.842455,0.99852,0.003127,0.015324,0.381111,0.001111,1.0,3.9,0,0,,2026-09-19T02:39:14,
2340,run_1789774700_1967,0,2581,-0.3292574350593349,-0.6898846223441373,V1_INV_PI,V1_INV_PI,2,0,1.0,200,0.74865,0.696438,0.86952,0.607769,0.530628,0.866116,0.956238,0.04367,0.092816,0.432222,0.043333,1.0,4.2,0,0,,2026-09-19T02:39:14,
2341,run_1789774700_1967,0,2582,-1.2232925675538624,-1.0663553348443513,V1_INV_PI,V1_INV_PI,2,0,1.0,200,0.690582,0.652829,0.718164,0.607209,0.485735,0.707686,0.997034,0.003127,0.009023,0.355556,0.001111,1.0,3.9,0,0,,2026-09-19T02:39:14,
2342,run_1789774700_1967,0,2583,0.31106450730169866,1.159989668153831,V1_INV_PI,V1_INV_PI,2,0,1.0,200,0.8283,0.872419,0.865071,0.599371,0.708509,0.896207,0.99881,0.0,0.039261,0.624444,0.001111,1.0,3.8,0,0,,2026-09-19T02:39:14,
2343,run_1789774700_1967,0,2584,-1.4446144011027504,0.02021454022171376,V1_INV_PI,V1_INV_PI,2,0,1.0,200,0.591862,0.462839,0.628035,0.631439,0.430853,0.485048,0.998974,0.388532,0.030837,0.25,0.345556,1.0,4.5,0,0,,2026-09-19T02:39:14,
2344,run_1789774700_1967,0,2585,-0.9479296297521975,0.46601184827519226,V1_INV_PI,V1_INV_PI,2,0,1.0,200,0.715634,0.686614,0.768222,0.626786,0.498294,0.735473,0.997762,0.233122,0.011014,0.323333,0.165556,1.0,4.1,0,0,,2026-09-19T02:39:14,
2345,run_1789774700_1967,0,2586,-0.12600836243087143,0.5813056859714312,V1_INV_PI,V1_INV_PI,2,0,1.0,200,0.693546,0.615833,0.878215,0.613305,0.516267,0.751035,0.838429,0.028661,0.078462,0.46,0.034444,0.986667,3.8,0,0,,2026-09-19T02:39:14,
2346,run_1789774700_1967,0,2587,-1.3269236243430282,0.009609039191939006,V1_INV_PI,V1_INV_PI,2,0,1.0,200,0.58988,0.483995,0.657183,0.548388,0.405709,0.515497,0.999095,0.311712,0.011266,0.261111,0.216667,0.745556,4.3,0,0,,2026-09-19T02:39:14,
2347,run_1789774700_1967,0,2588,-0.1529382752198727,0.5075353976855184,V1_INV_PI,V1_INV_PI,2,0,1.0,200,0.709336,0.641226,0.88081,0.621141,0.522477,0.770235,0.865532,0.039942,0.110498,0.45,0.036667,0.976667,3.9,0,0,,2026-09-19T02:39:14,
2348,run_1789774700_1967,0,2589,-0.23082039666473553,-0.32084606796215953,V1_INV_PI,V1_INV_PI,2,0,1.0,200,0.755652,0.715416,0.884222,0.650222,0.545867,0.81659,0.948416,0.081861,0.06619,0.426667,0.045556,0.94,4.1,0,0,,2026-09-19T02:39:14,
2349,run_1789774700_1967,0,2590,-0.2924611094367626,0.19289266884843004,V1_INV_PI,V1_INV_PI,2,0,1.0,200,0.80717,0.80809,0.884263,0.697559,0.579984,0.884081,0.988426,0.137935,0.059511,0.411111,0.054444,0.88,4.0,0,0,,2026-09-19T02:39:14,
2350,run_1789774700_1967,0,2591,-1.1530693233317164,0.1476616014053327,V1_INV_PI,V1_INV_PI,2,0,1.0,200,0.630417,0.54306,0.704621,0.56862,0.446755,0.579398,0.998288,0.28278,0.011324,0.302222,0.156667,0.697778,4.5,0,0,,2026-09-19T02:39:14,
2351,run_1789774700_1967,0,2592,0.09401942048874146,-0.007574461843936842,V1_INV_PI,V1_INV_PI,2,0,1.0,200,0.718297,0.597905,0.891124,0.603299,0.510161,0.823444,0.964111,0.008823,0.009811,0.476667,0.005556,0.998889,4.0,0,0,,2026-09-19T02:39:14,
2352,run_1789774700_1967,0,2593,0.7402288557221102,-0.1966402759240058,V1_INV_PI,V1_INV_PI,2,0,1.0,200,0.844585,0.900844,0.89419,0.599017,0.731048,0.906909,0.997998,0.0,0.02504,0.657778,0.001111,1.0,3.8,0,0,,2026-09-19T02:39:14,
2353,run_1789774700_1967,0,2594,-0.32415872137106083,-0.09030397332219509,V1_INV_PI,V1_INV_PI,2,0,1.0,200,0.831969,0.85453,0.883069,0.726896,0.617243,0.897173,0.997865,0.161859,0.048511,0.402222,0.041111,0.834444,4.1,0,0,,2026-09-19T02:39:14,
2354,run_1789774700_1967,0,2595,0.1171526207588871,-1.1033676931978356,V1_INV_PI,V1_INV_PI,2,0,1.0,200,0.822712,0.871319,0.862895,0.600059,0.669508,0.900946,0.999141,0.0,0.060863,0.566667,0.001111,1.0,3.9,0,0,,2026-09-19T02:39:14,
2355,run_1789774700_1967,0,2596,-0.29399199030493106,-0.658466930407472,V1_INV_PI,V1_INV_PI,2,0,1.0,200,0.722327,0.64472,0.87209,0.612687,0.521126,0.825522,0.909557,0.060037,0.013199,0.433333,0.054444,0.998889,4.2,0,0,,2026-09-19T02:39:15,
2356,run_1789774700_1967,0,2597,0.7246056349837753,-0.8709487620675529,V1_INV_PI,V1_INV_PI,2,0,1.0,200,0.826628,0.876169,0.871626,0.59871,0.691677,0.890922,0.997637,0.0,0.020349,0.716667,0.001111,1.0,3.9,0,0,,2026-09-19T02:39:15,
2357,run_1789774700_1967,0,2598,-1.0409706835251473,-1.1392829511972937,V1_INV_PI,V1_INV_PI,2,0,1.0,200,0.748628,0.744421,0.765843,0.605586,0.572108,0.808864,0.997753,0.0,0.014953,0.383333,0.001111,1.0,4.4,0,0,,2026-09-19T02:39:15,
2358,run_1789774700_1967,0,2599,0.1969720477582071,0.6924949304285575,V1_INV_PI,V1_INV_PI,2,0,1.0,200,0.825569,0.884033,0.881484,0.600585,0.639949,0.909495,0.99889,0.0,0.084158,0.534444,0.001111,1.0,4.0,0,0,,2026-09-19T02:39:15,
2359,run_1789774700_1967,0,2600,-0.8007191840603759,1.1024802353668084,V1_INV_PI,V1_INV_PI,2,0,1.0,200,0.777289,0.793449,0.808437,0.60489,0.590169,0.857405,0.998611,0.003127,0.020235,0.406667,0.001111,1.0,3.9,0,0,,2026-09-19T02:39:15,
2360,run_1789774700_1967,0,2601,-0.3378824722507434,0.9374848647003062,V1_INV_PI,V1_INV_PI,2,0,1.0,200,0.785522,0.796035,0.855811,0.60333,0.559502,0.89445,0.996992,0.006253,0.022146,0.452222,0.005556,1.0,4.3,0,0,,2026-09-19T02:39:15,
2361,run_1789774700_1967,0,2602,0.5983661894568097,0.26670639194442236,V1_INV_PI,V1_INV_PI,2,0,1.0,200,0.84905,0.90538,0.894573,0.599403,0.747813,0.911162,0.998416,0.0,0.024726,0.613333,0.001111,1.0,4.2,0,0,,2026-09-19T02:39:15,
2362,run_1789774700_1967,0,2603,-1.2989786846733273,-0.511986583897723,V1_INV_PI,V1_INV_PI,2,0,1.0,200,0.655276,0.589702,0.680376,0.615497,0.462179,0.629672,0.997948,0.048598,0.007508,0.285556,0.01,1.0,4.2,0,0,,2026-09-19T02:39:15,
2363,run_1789774700_1967,0,2604,0.17339527817120115,0.17480205689974215,V1_INV_PI,V1_INV_PI,2,0,1.0,200,0.663541,0.582496,0.891785,0.603462,0.508072,0.756532,0.692929,0.005697,0.337485,0.502222,0.005556,0.997778,3.9,0,0,,2026-09-19T02:39:15,
2364,run_1789774700_1967,0,2605,0.35101985967367044,0.4058882198380074,V1_INV_PI,V1_INV_PI,2,0,1.0,200,0.842733,0.903196,0.890327,0.600244,0.710224,0.913361,0.998735,0.0,0.049202,0.552222,0.001111,1.0,3.9,0,0,,2026-09-19T02:39:15,
2365,run_1789774700_1967,0,2606,-0.05675866254815354,-0.8587562757579263,V1_INV_PI,V1_INV_PI,2,0,1.0,200,0.789211,0.807248,0.86933,0.60172,0.557933,0.891587,0.995421,0.005697,0.110206,0.501111,0.005556,1.0,3.8,0,0,,2026-09-19T02:39:15,
2366,run_1789774700_1967,0,2607,-0.7184927602837846,0.1993279437689055,V1_INV_PI,V1_INV_PI,2,0,1.0,200,0.755016,0.745103,0.813011,0.670932,0.535093,0.777506,0.995059,0.239744,0.020084,0.365556,0.072222,0.634444,4.5,0,0,,2026-09-19T02:39:15,
2367,run_1789774700_1967,0,2608,0.5184421069320555,-1.0129857587303073,V1_INV_PI,V1_INV_PI,2,0,1.0,200,0.831475,0.878836,0.873272,0.599037,0.711067,0.896752,0.998312,0.0,0.029954,0.663333,0.001111,1.0,4.1,0,0,,2026-09-19T02:39:15,
2368,run_1789774700_1967,0,2609,-1.1129305503507805,-0.22988973218022302,V1_INV_PI,V1_INV_PI,2,0,1.0,200,0.667081,0.578462,0.720987,0.630051,0.504463,0.700389,0.92721,0.298198,0.080548,0.288889,0.178889,0.962222,4.0,0,0,,2026-09-19T02:39:15,
2369,run_1789774700_1967,0,2610,-0.46597325712111237,-0.3235954909941924,V1_INV_PI,V1_INV_PI,2,0,1.0,200,0.831444,0.852744,0.872295,0.731469,0.616422,0.902169,0.999364,0.178803,0.026482,0.386667,0.063333,0.803333,4.2,0,0,,2026-09-19T02:39:15,
2370,run_1789774700_1967,0,2611,-0.24616909089000338,-0.055147765362864476,V1_INV_PI,V1_INV_PI,2,0,1.0,200,0.798296,0.78965,0.886143,0.686327,0.573672,0.877057,0.982689,0.127795,0.049848,0.421111,0.054444,0.896667,4.0,0,0,,2026-09-19T02:39:15,
2371,run_1789774700_1967,0,2612,-0.2896844804769205,0.13301022698698506,V1_INV_PI,V1_INV_PI,2,0,1.0,200,0.816056,0.826395,0.88494,0.707992,0.592361,0.887161,0.990597,0.141627,0.058554,0.411111,0.045556,0.866667,4.2,0,0,,2026-09-19T02:39:15,
2372,run_1789774700_1967,0,2613,-0.31373158665834877,-0.45846773193895063,V1_INV_PI,V1_INV_PI,2,0,1.0,200,0.761599,0.724161,0.878949,0.654557,0.547739,0.827734,0.961415,0.090378,0.071154,0.418889,0.05,0.934444,4.0,0,0,,2026-09-19T02:39:15,
2373,run_1789774700_1967,0,2614,0.4282077166306353,0.4306844191412025,V1_INV_PI,V1_INV_PI,2,0,1.0,200,0.847843,0.905153,0.891592,0.599903,0.740455,0.913065,0.998682,0.0,0.035474,0.577778,0.001111,1.0,3.8,0,0,,2026-09-19T02:39:15,
2374,run_1789774700_1967,0,2615,-0.06885311754961121,-0.31208439022918766,V1_INV_PI,V1_INV_PI,2,0,1.0,200,0.708466,0.647164,0.886969,0.622464,0.525085,0.751811,0.858174,0.041429,0.066524,0.455556,0.032222,0.975556,3.9,0,0,,2026-09-19T02:39:15,
2375,run_1789774700_1967,0,2616,0.817108127989421,-0.6936389253889376,V1_INV_PI,V1_INV_PI,2,0,1.0,200,0.827623,0.879179,0.8749,0.598635,0.69008,0.891193,0.997377,0.0,0.017394,0.726667,0.001111,1.0,4.4,0,0,,2026-09-19T02:39:15,
2376,run_1789774700_1967,0,2617,-0.04835911037937102,1.1359178520070172,V1_INV_PI,V1_INV_PI,2,0,1.0,200,0.809474,0.852951,0.856126,0.600643,0.622427,0.896803,0.998905,0.0,0.092332,0.536667,0.001111,1.0,4.1,0,0,,2026-09-19T02:39:15,
2377,run_1789774700_1967,0,2618,-0.01769457494530058,0.23641430199543478,V1_INV_PI,V1_INV_PI,2,0,1.0,200,0.701543,0.633196,0.888146,0.617914,0.520778,0.750979,0.843812,0.033789,0.150373,0.464444,0.027778,0.981111,3.9,0,0,,2026-09-19T02:39:15,
2378,run_1789774700_1967,0,2619,0.10725466997027056,-0.2734250365696791,V1_INV_PI,V1_INV_PI,2,0,1.0,200,0.673459,0.588594,0.889299,0.605621,0.509517,0.761273,0.743024,0.010281,0.131426,0.491111,0.014444,0.995556,3.9,0,0,,2026-09-19T02:39:15,
2379,run_1789774700_1967,0,2620,0.7179248046002074,0.03463647238455714,V1_INV_PI,V1_INV_PI,2,0,1.0,200,0.847699,0.904195,0.896982,0.599096,0.740502,0.909628,0.998126,0.0,0.026745,0.643333,0.001111,1.0,4.6,0,0,,2026-09-19T02:39:15,
2380,run_1789774700_1967,0,2621,-0.3946358243673056,-1.1185173357694203,V1_INV_PI,V1_INV_PI,2,0,1.0,200,0.794245,0.823629,0.84236,0.602476,0.592776,0.886766,0.997876,0.0,0.044691,0.467778,0.001111,1.0,4.2,0,0,,2026-09-19T02:39:15,
2381,run_1789774700_1967,0,2622,0.7436320503372471,0.6558861026820828,V1_INV_PI,V1_INV_PI,2,0,1.0,200,0.835103,0.887683,0.882942,0.59881,0.70991,0.898461,0.997759,0.0,0.021758,0.691111,0.001111,1.0,3.9,0,0,,2026-09-19T02:39:15,
2382,run_1789774700_1967,0,2623,-1.0363909836929626,-0.8648905309031901,V1_INV_PI,V1_INV_PI,2,0,1.0,200,0.747061,0.740148,0.776728,0.609389,0.56316,0.79952,0.998028,0.010281,0.009357,0.347778,0.005556,1.0,3.9,0,0,,2026-09-19T02:39:15,
2383,run_1789774700_1967,0,2624,-0.24101459889620003,-0.9289637223132619,V1_INV_PI,V1_INV_PI,2,0,1.0,200,0.792004,0.812642,0.860196,0.602615,0.572986,0.893738,0.996086,0.003127,0.058542,0.473333,0.001111,1.0,3.9,0,0,,2026-09-19T02:39:15,
2384,run_1789774700_1967,0,2625,-1.434118104690854,-0.4951568227066421,V1_INV_PI,V1_INV_PI,2,0,1.0,200,0.634161,0.555865,0.649907,0.613833,0.448032,0.591282,0.998243,0.032194,0.008809,0.268889,0.005556,1.0,4.0,0,0,,2026-09-19T02:39:15,
2385,run_1789774700_1967,0,2626,-0.3730437820159098,0.6519158418016131,V1_INV_PI,V1_INV_PI,2,0,1.0,200,0.739348,0.678954,0.869685,0.615415,0.528736,0.847191,0.936367,0.085168,0.075119,0.423333,0.074444,1.0,3.9,0,0,,2026-09-19T02:39:15,
2386,run_1789774700_1967,0,2627,-1.0375225410429514,0.46991722498713706,V1_INV_PI,V1_INV_PI,2,0,1.0,200,0.718996,0.692618,0.75881,0.621541,0.519732,0.741326,0.997537,0.151636,0.014527,0.31,0.054444,1.0,3.9,0,0,,2026-09-19T02:39:15,
2387,run_1789774700_1967,0,2628,-0.4532548527642488,0.8641295609339241,V1_INV_PI,V1_INV_PI,2,0,1.0,200,0.78368,0.789283,0.854816,0.605179,0.55994,0.894187,0.994939,0.027248,0.035466,0.427778,0.01,1.0,5.0,0,0,,2026-09-19T02:39:15,
2388,run_1789774700_1967,0,2629,0.5410723470034373,-0.2847008673591511,V1_INV_PI,V1_INV_PI,2,0,1.0,200,0.85039,0.907102,0.894464,0.599586,0.751777,0.912997,0.998604,0.0,0.02728,0.594444,0.001111,1.0,3.9,0,0,,2026-09-19T02:39:15,
2389,run_1789774700_1967,0,2630,-0.8036857496911327,1.0177903190650885,V1_INV_PI,V1_INV_PI,2,0,1.0,200,0.779817,0.798462,0.812462,0.605823,0.590029,0.861229,0.998467,0.0,0.023754,0.394444,0.001111,1.0,3.8,0,0,,2026-09-19T02:39:15,
2390,run_1789774700_1967,0,2631,-1.0414233512090671,-0.28852038530685487,V1_INV_PI,V1_INV_PI,2,0,1.0,200,0.715277,0.678504,0.758918,0.631949,0.52241,0.726353,0.998046,0.287766,0.009473,0.303333,0.15,1.0,3.9,0,0,,2026-09-19T02:39:15,
2391,run_1789774700_1967,0,2632,-1.4632125669833205,0.754410113478291,V1_INV_PI,V1_INV_PI,2,0,1.0,200,0.645809,0.581913,0.656267,0.610029,0.449853,0.621482,0.99791,0.0,0.009704,0.291111,0.001111,1.0,3.9,0,0,,2026-09-19T02:39:15,
2392,run_1789774700_1967,0,2633,0.3569433763729206,-0.9399826338638555,V1_INV_PI,V1_INV_PI,2,0,1.0,200,0.837015,0.886542,0.876245,0.59956,0.723949,0.903971,0.998803,0.0,0.033018,0.605556,0.001111,1.0,3.8,0,0,,2026-09-19T02:39:15,
2393,run_1789774700_1967,0,2634,-1.4143610067826877,-1.134919150008438,V1_INV_PI,V1_INV_PI,2,0,1.0,200,0.691223,0.65446,0.685884,0.605785,0.515999,0.712058,0.997657,0.0,0.011973,0.353333,0.001111,1.0,3.8,0,0,,2026-09-19T02:39:15,
2394,run_1789774700_1967,0,2635,0.012464291934718208,-0.5916494387105524,V1_INV_PI,V1_INV_PI,2,0,1.0,200,0.672024,0.589638,0.880745,0.604148,0.509596,0.768386,0.734558,0.011393,0.010155,0.49,0.014444,0.997778,3.9,0,0,,2026-09-19T02:39:15,
2395,run_1789774700_1967,0,2636,-0.227529654054893,0.7075473308600413,V1_INV_PI,V1_INV_PI,2,0,1.0,200,0.691692,0.605985,0.871175,0.607909,0.513138,0.777486,0.831593,0.023679,0.137877,0.448889,0.021111,0.995556,3.9,0,0,,2026-09-19T02:39:15,
2396,run_1789774700_1967,0,2637,0.9374463641677089,0.23416705028994,V1_INV_PI,V1_INV_PI,2,0,1.0,200,0.830841,0.885259,0.881795,0.598558,0.692926,0.893133,0.997097,0.0,0.013916,0.737778,0.001111,1.0,3.8,0,0,,2026-09-19T02:39:15,
2397,run_1789774700_1967,0,2638,-0.16192678259672588,0.37551656419378676,V1_INV_PI,V1_INV_PI,2,0,1.0,200,0.725676,0.671612,0.884528,0.631468,0.531366,0.773718,0.897406,0.055382,0.077615,0.444444,0.041111,0.964444,4.2,0,0,,2026-09-19T02:39:15,
2398,run_1789774700_1967,0,2639,-0.7967959884152612,0.9338591642637131,V1_INV_PI,V1_INV_PI,2,0,1.0,200,0.779131,0.793997,0.818959,0.607033,0.579471,0.867149,0.998264,0.005697,0.022457,0.383333,0.001111,1.0,3.9,0,0,,2026-09-19T02:39:15,
2399,run_1789774700_1967,0,2640,-0.4402437501546175,0.9940605854403526,V1_INV_PI,V1_INV_PI,2,0,1.0,200,0.784519,0.79829,0.847336,0.603704,0.563747,0.888874,0.995984,0.012404,0.053695,0.443333,0.001111,1.0,3.9,0,0,,2026-09-19T02:39:15,
2400,run_1789774700_1967,0,2641,-1.3970213145204435,1.0219055048045675,V1_INV_PI,V1_INV_PI,2,0,1.0,200,0.683601,0.643071,0.68556,0.607032,0.493993,0.701232,0.997735,0.0,0.00983,0.333333,0.001111,1.0,3.9,0,0,,2026-09-19T02:39:15,
2401,run_1789774700_1967,0,2642,-0.652765970624091,-0.754232623818156,V1_INV_PI,V1_INV_PI,2,0,1.0,200,0.785537,0.796419,0.844199,0.60962,0.573011,0.886746,0.99597,0.072775,0.034279,0.385556,0.023333,1.0,3.9,0,0,,2026-09-19T02:39:15,
2402,run_1789774700_1967,0,2643,-0.412548182157656,0.9135577131399819,V1_INV_PI,V1_INV_PI,2,0,1.0,200,0.787332,0.802831,0.853252,0.604143,0.563636,0.893846,0.99595,0.012404,0.039113,0.44,0.005556,1.0,3.8,0,0,,2026-09-19T02:39:15,
2403,run_1789774700_1967,0,2644,0.7040481613007477,1.0232517564335233,V1_INV_PI,V1_INV_PI,2,0,1.0,200,0.815809,0.86262,0.857228,0.598649,0.666444,0.881178,0.99753,0.0,0.019181,0.744444,0.001111,1.0,3.8,0,0,,2026-09-19T02:39:15,
2404,run_1789774700_1967,0,2645,-1.1499775048960081,-0.04968540010691558,V1_INV_PI,V1_INV_PI,2,0,1.0,200,0.643272,0.570322,0.711015,0.575574,0.446729,0.60634,0.998284,0.268978,0.01264,0.343333,0.13,0.656667,4.7,0,0,,2026-09-19T02:39:15,
2405,run_1789774700_1967,0,2646,0.5865447516071072,0.8800354354981452,V1_INV_PI,V1_INV_PI,2,0,1.0,200,0.834454,0.884148,0.878146,0.599005,0.715101,0.89899,0.998201,0.0,0.028077,0.661111,0.001111,1.0,3.9,0,0,,2026-09-19T02:39:15,
2406,run_1789774700_1967,0,2647,-0.6668013827889894,-0.6592287245793284,V1_INV_PI,V1_INV_PI,2,0,1.0,200,0.778409,0.778465,0.842237,0.614766,0.569536,0.87458,0.990835,0.124112,0.014848,0.374444,0.101111,1.0,4.3,0,0,,2026-09-19T02:39:15,
2407,run_1789774700_1967,0,2648,0.4273294464570565,-1.0756258435109367,V1_INV_PI,V1_INV_PI,2,0,1.0,200,0.830711,0.876646,0.869852,0.599187,0.712574,0.896827,0.998558,0.0,0.034264,0.643333,0.001111,1.0,4.7,0,0,,2026-09-19T02:39:15,
2408,run_1789774700_1967,0,2649,-1.1843867683218767,0.2324695292103578,V1_INV_PI,V1_INV_PI,2,0,1.0,200,0.663251,0.576908,0.703506,0.6319,0.495252,0.683088,0.946411,0.324409,0.080585,0.284444,0.214444,0.956667,4.9,0,0,,2026-09-19T02:39:15,
2409,run_1789774700_1967,0,2650,0.9980608773313597,-0.3159443697216303,V1_INV_PI,V1_INV_PI,2,0,1.0,200,0.815273,0.867926,0.862444,0.59846,0.652614,0.878286,0.996803,0.0,0.011882,0.786667,0.001111,1.0,3.9,0,0,,2026-09-19T02:39:15,
2410,run_1789774700_1967,0,2651,0.2300271802577467,-1.0870833953503618,V1_INV_PI,V1_INV_PI,2,0,1.0,200,0.829308,0.876882,0.86644,0.59972,0.701438,0.900635,0.999019,0.0,0.042913,0.593333,0.001111,1.0,3.8,0,0,,2026-09-19T02:39:15,
2411,run_1789774700_1967,0,2652,0.9741877024581931,-0.3797090774881783,V1_INV_PI,V1_INV_PI,2,0,1.0,200,0.815905,0.86948,0.863614,0.598481,0.651078,0.880126,0.996932,0.0,0.011879,0.776667,0.001111,1.0,3.9,0,0,,2026-09-19T02:39:15,
2412,run_1789774700_1967,0,2653,-0.3866019516035635,-0.9018364695963024,V1_INV_PI,V1_INV_PI,2,0,1.0,200,0.789027,0.805433,0.854985,0.604014,0.568599,0.89407,0.996124,0.014444,0.027264,0.441111,0.001111,1.0,3.9,0,0,,2026-09-19T02:39:15,
2413,run_1789774700_1967,0,2654,-1.3666474860774596,-0.254523800186891,V1_INV_PI,V1_INV_PI,2,0,1.0,200,0.613867,0.508738,0.65126,0.624512,0.431499,0.538294,0.998984,0.228027,0.022921,0.262222,0.143333,1.0,4.0,0,0,,2026-09-19T02:39:15,
2414,run_1789774700_1967,0,2655,0.20382229032894994,0.2980606599037632,V1_INV_PI,V1_INV_PI,2,0,1.0,200,0.819603,0.875807,0.8904,0.601213,0.603245,0.910963,0.998519,0.0,0.120677,0.512222,0.001111,1.0,4.8,0,0,,2026-09-19T02:39:15,
2415,run_1789774700_1967,0,2656,-0.6291457894644537,0.4112103359979904,V1_INV_PI,V1_INV_PI,2,0,1.0,200,0.81838,0.828425,0.854312,0.723726,0.613285,0.884382,0.999453,0.205799,0.018595,0.365556,0.085556,0.766667,5.2,0,0,,2026-09-19T02:39:15,
2416,run_1789774700_1967,0,2657,-1.2202308736891008,0.08587869349603672,V1_INV_PI,V1_INV_PI,2,0,1.0,200,0.622821,0.536181,0.691799,0.561695,0.435253,0.57127,0.998488,0.263127,0.024812,0.316667,0.125556,0.683333,4.7,0,0,,2026-09-19T02:39:16,
2417,run_1789774700_1967,0,2658,-0.1126364438090921,0.12201663118049044,V1_INV_PI,V1_INV_PI,2,0,1.0,200,0.733026,0.68261,0.888903,0.635673,0.53594,0.787811,0.900828,0.061841,0.081967,0.448889,0.036667,0.958889,3.9,0,0,,2026-09-19T02:39:16,
2418,run_1789774700_1967,0,2659,-1.484589016394627,1.067290578825556,V1_INV_PI,V1_INV_PI,2,0,1.0,200,0.680328,0.637871,0.67153,0.606227,0.503874,0.69269,0.998082,0.0,0.012898,0.332222,0.001111,1.0,3.8,0,0,,2026-09-19T02:39:16,
2419,run_1789774700_1967,0,2660,-0.11225940527697298,-1.1268819844437867,V1_INV_PI,V1_INV_PI,2,0,1.0,200,0.798839,0.834268,0.854375,0.601004,0.588967,0.892644,0.998157,0.0,0.093957,0.521111,0.001111,1.0,3.9,0,0,,2026-09-19T02:39:16,
2420,run_1789774700_1967,0,2661,-0.4288334388339521,-0.4371142005776364,V1_INV_PI,V1_INV_PI,2,0,1.0,200,0.797601,0.790427,0.874571,0.690209,0.571379,0.876992,0.986807,0.139196,0.061292,0.398889,0.058889,0.884444,4.1,0,0,,2026-09-19T02:39:16,
2421,run_1789774700_1967,0,2662,-0.48371885556710015,0.22590318030480727,V1_INV_PI,V1_INV_PI,2,0,1.0,200,0.83277,0.852879,0.865789,0.736494,0.641637,0.887111,0.999301,0.20413,0.019249,0.383333,0.058889,0.746667,4.5,0,0,,2026-09-19T02:39:16,
2422,run_1789774700_1967,0,2663,0.22170130764084273,-0.15664471517083167,V1_INV_PI,V1_INV_PI,2,0,1.0,200,0.814303,0.864696,0.892138,0.601252,0.584243,0.911753,0.99814,0.0,0.138669,0.518889,0.001111,1.0,4.0,0,0,,2026-09-19T02:39:16,
2423,run_1789774700_1967,0,2664,0.15517739816585063,0.34942025075451744,V1_INV_PI,V1_INV_PI,2,0,1.0,200,0.704115,0.578028,0.8892,0.603183,0.507819,0.785584,0.944936,0.008823,0.021062,0.504444,0.01,0.997778,3.9,0,0,,2026-09-19T02:39:16,
2424,run_1789774700_1967,0,2665,-1.1179798096947353,0.004027540841923027,V1_INV_PI,V1_INV_PI,2,0,1.0,200,0.648825,0.579892,0.718324,0.579319,0.447014,0.616298,0.998056,0.26407,0.013701,0.351111,0.121111,0.648889,4.4,0,0,,2026-09-19T02:39:16,
2425,run_1789774700_1967,0,2666,-0.8750958187426842,0.1683995934562872,V1_INV_PI,V1_INV_PI,2,0,1.0,200,0.72038,0.662162,0.784679,0.686411,0.493643,0.73923,0.994966,0.414083,0.054741,0.325556,0.265556,0.946667,4.1,0,0,,2026-09-19T02:39:16,
2426,run_1789774700_1967,0,2667,0.3079551135555414,-0.2598493247387117,V1_INV_PI,V1_INV_PI,2,0,1.0,200,0.833406,0.897891,0.892194,0.600591,0.653459,0.914507,0.998804,0.0,0.07346,0.538889,0.001111,1.0,3.8,0,0,,2026-09-19T02:39:16,
2427,run_1789774700_1967,0,2668,-0.6156782965443597,-1.0784156836011476,V1_INV_PI,V1_INV_PI,2,0,1.0,200,0.778928,0.790416,0.830189,0.604198,0.566037,0.876824,0.998246,0.008058,0.038983,0.425556,0.005556,1.0,3.8,0,0,,2026-09-19T02:39:16,
2428,run_1789774700_1967,0,2669,0.7282767389775247,-0.2584059122072355,V1_INV_PI,V1_INV_PI,2,0,1.0,200,0.844606,0.900691,0.894043,0.599034,0.731375,0.907082,0.998023,0.0,0.025456,0.654444,0.001111,1.0,3.9,0,0,,2026-09-19T02:39:16,
2429,run_1789774700_1967,0,2670,0.07892474898316904,-0.9512418394484718,V1_INV_PI,V1_INV_PI,2,0,1.0,200,0.815824,0.866378,0.868866,0.600583,0.622463,0.904026,0.998926,0.0,0.08878,0.536667,0.001111,1.0,3.9,0,0,,2026-09-19T02:39:16,
2430,run_1789774700_1967,0,2671,0.00454357330832833,-0.8837023752019653,V1_INV_PI,V1_INV_PI,2,0,1.0,200,0.80251,0.839993,0.870053,0.601193,0.579979,0.900736,0.998113,0.003127,0.104264,0.514444,0.001111,1.0,4.0,0,0,,2026-09-19T02:39:16,
2431,run_1789774700_1967,0,2672,-0.020737895566182996,-1.1137579801268123,V1_INV_PI,V1_INV_PI,2,0,1.0,200,0.811079,0.85621,0.858064,0.600592,0.624413,0.898158,0.998951,0.0,0.09064,0.538889,0.001111,1.0,3.9,0,0,,2026-09-19T02:39:16,
2432,run_1789774700_1967,0,2673,-0.008179067988736577,0.8906772787028061,V1_INV_PI,V1_INV_PI,2,0,1.0,200,0.803501,0.841586,0.869226,0.601243,0.58708,0.898785,0.997696,0.003127,0.108294,0.513333,0.001111,1.0,4.6,0,0,,2026-09-19T02:39:16,
2433,run_1789774700_1967,0,2674,0.4991384196758091,-0.8935494280684758,V1_INV_PI,V1_INV_PI,2,0,1.0,200,0.837,0.886822,0.879053,0.599214,0.722797,0.902389,0.998507,0.0,0.033197,0.634444,0.001111,1.0,4.1,0,0,,2026-09-19T02:39:16,
2434,run_1789774700_1967,0,2675,0.15446512841061688,-0.8682533379690203,V1_INV_PI,V1_INV_PI,2,0,1.0,200,0.807022,0.85231,0.874189,0.600458,0.580948,0.905255,0.998777,0.003127,0.094212,0.544444,0.001111,1.0,4.2,0,0,,2026-09-19T02:39:16,
2435,run_1789774700_1967,0,2676,-0.3306429293787123,0.543177843849947,V1_INV_PI,V1_INV_PI,2,0,1.0,200,0.7446,0.694479,0.875676,0.641871,0.53692,0.81541,0.936662,0.074705,0.077021,0.417778,0.05,0.95,3.9,0,0,,2026-09-19T02:39:16,
2436,run_1789774700_1967,0,2677,0.7180530000417695,0.6995608896389618,V1_INV_PI,V1_INV_PI,2,0,1.0,200,0.835358,0.887436,0.882473,0.59884,0.711999,0.898843,0.997838,0.0,0.022837,0.686667,0.001111,1.0,4.9,0,0,,2026-09-19T02:39:16,
2437,run_1789774700_1967,0,2678,-0.5809744547131857,-1.135901308335048,V1_INV_PI,V1_INV_PI,2,0,1.0,200,0.788549,0.811906,0.829869,0.603366,0.592938,0.879108,0.998532,0.0,0.040313,0.441111,0.001111,1.0,3.8,0,0,,2026-09-19T02:39:16,
2438,run_1789774700_1967,0,2679,0.5640729502646895,0.7636384765726958,V1_INV_PI,V1_INV_PI,2,0,1.0,200,0.840244,0.891971,0.884886,0.599174,0.727963,0.904622,0.998365,0.0,0.030974,0.64,0.001111,1.0,4.6,0,0,,2026-09-19T02:39:16,
2439,run_1789774700_1967,0,2680,-0.8438706232594271,0.3498120980906989,V1_INV_PI,V1_INV_PI,2,0,1.0,200,0.755977,0.736706,0.80826,0.669127,0.562039,0.774762,0.997813,0.368889,0.005378,0.333333,0.272222,1.0,4.4,0,0,,2026-09-19T02:39:16,
2440,run_1789774700_1967,0,2681,-1.4669753421050773,-1.0039881818605554,V1_INV_PI,V1_INV_PI,2,0,1.0,200,0.676625,0.632874,0.672198,0.606866,0.493926,0.685036,0.998016,0.0,0.010496,0.325556,0.001111,1.0,4.0,0,0,,2026-09-19T02:39:16,
2441,run_1789774700_1967,0,2682,-1.3435412305378747,1.0212895829157127,V1_INV_PI,V1_INV_PI,2,0,1.0,200,0.684705,0.6466,0.694131,0.60726,0.484863,0.703121,0.997658,0.0,0.010133,0.336667,0.001111,1.0,4.6,0,0,,2026-09-19T02:39:16,
2442,run_1789774700_1967,0,2683,0.5765836291596669,-1.1203157685173772,V1_INV_PI,V1_INV_PI,2,0,1.0,200,0.820939,0.865759,0.861086,0.598808,0.685896,0.886282,0.997926,0.0,0.024291,0.711111,0.001111,1.0,3.8,0,0,,2026-09-19T02:39:16,
2443,run_1789774700_1967,0,2684,-0.8776151645136135,0.8972871451980609,V1_INV_PI,V1_INV_PI,2,0,1.0,200,0.770726,0.779979,0.808198,0.608065,0.573541,0.849849,0.998554,0.018333,0.010608,0.373333,0.001111,1.0,3.9,0,0,,2026-09-19T02:39:16,
2444,run_1789774700_1967,0,2685,0.41693949016827947,-0.831890804394581,V1_INV_PI,V1_INV_PI,2,0,1.0,200,0.840021,0.8914,0.880342,0.599516,0.729935,0.905946,0.998735,0.0,0.031276,0.603333,0.001111,1.0,3.8,0,0,,2026-09-19T02:39:16,
2445,run_1789774700_1967,0,2686,-0.8899430585012702,0.6326365420080231,V1_INV_PI,V1_INV_PI,2,0,1.0,200,0.747536,0.737294,0.796779,0.616869,0.548473,0.795534,0.997096,0.125526,0.015343,0.341111,0.036667,1.0,3.9,0,0,,2026-09-19T02:39:16,
2446,run_1789774700_1967,0,2687,-1.2904979742937457,0.6556051160690812,V1_INV_PI,V1_INV_PI,2,0,1.0,200,0.662493,0.599271,0.694459,0.613246,0.468807,0.643708,0.997615,0.040027,0.011846,0.295556,0.005556,1.0,4.1,0,0,,2026-09-19T02:39:16,
2447,run_1789774700_1967,0,2688,-1.1578541470977444,-0.9118571478696404,V1_INV_PI,V1_INV_PI,2,0,1.0,200,0.721553,0.699022,0.742427,0.608985,0.543227,0.752861,0.997815,0.005697,0.011503,0.336667,0.001111,1.0,3.9,0,0,,2026-09-19T02:39:16,
2448,run_1789774700_1967,0,2689,0.9363262435827511,-0.28753539405973394,V1_INV_PI,V1_INV_PI,2,0,1.0,200,0.829236,0.883824,0.879924,0.598547,0.687433,0.892205,0.997092,0.0,0.014184,0.737778,0.001111,1.0,4.0,0,0,,2026-09-19T02:39:16,
2449,run_1789774700_1967,0,2690,0.549843175670357,-0.5445398013371323,V1_INV_PI,V1_INV_PI,2,0,1.0,200,0.846047,0.900867,0.890765,0.599395,0.740465,0.909729,0.998512,0.0,0.028276,0.613333,0.001111,1.0,4.2,0,0,,2026-09-19T02:39:16,
2450,run_1789774700_1967,0,2691,0.4747215990369855,-1.0148930326510943,V1_INV_PI,V1_INV_PI,2,0,1.0,200,0.832557,0.879733,0.873161,0.599143,0.715389,0.898003,0.998464,0.0,0.032416,0.65,0.001111,1.0,4.3,0,0,,2026-09-19T02:39:16,
2451,run_1789774700_1967,0,2692,0.2465152840777014,0.7218204141746605,V1_INV_PI,V1_INV_PI,2,0,1.0,200,0.833449,0.891349,0.881546,0.600293,0.680039,0.909968,0.998896,0.0,0.061446,0.548889,0.001111,1.0,4.5,0,0,,2026-09-19T02:39:16,
2452,run_1789774700_1967,0,2693,0.9173834722346719,0.8784993606927423,V1_INV_PI,V1_INV_PI,2,0,1.0,200,0.811674,0.855241,0.85263,0.598391,0.667135,0.87084,0.996763,0.0,0.011481,0.821111,0.001111,1.0,3.8,0,0,,2026-09-19T02:39:16,
2453,run_1789774700_1967,0,2694,0.7598652676563131,-0.5059061251913113,V1_INV_PI,V1_INV_PI,2,0,1.0,200,0.839559,0.893461,0.888429,0.59885,0.720754,0.902103,0.99782,0.0,0.02228,0.678889,0.001111,1.0,3.8,0,0,,2026-09-19T02:39:16,
2454,run_1789774700_1967,0,2695,-1.2617094532691562,-0.0699940018991021,V1_INV_PI,V1_INV_PI,2,0,1.0,200,0.607631,0.51248,0.678366,0.550519,0.422955,0.545914,0.998987,0.260388,0.015463,0.306667,0.121111,0.693333,4.3,0,0,,2026-09-19T02:39:16,
2455,run_1789774700_1967,0,2696,-1.2393757769819456,-1.1035199003167444,V1_INV_PI,V1_INV_PI,2,0,1.0,200,0.696533,0.660805,0.714889,0.606712,0.508143,0.715912,0.996555,0.003127,0.010255,0.358889,0.001111,1.0,3.9,0,0,,2026-09-19T02:39:16,
2456,run_1789774700_1967,0,2697,0.6807363327078426,-0.781727730200557,V1_INV_PI,V1_INV_PI,2,0,1.0,200,0.833756,0.88469,0.879495,0.598869,0.710096,0.897519,0.997912,0.0,0.023846,0.684444,0.001111,1.0,3.8,0,0,,2026-09-19T02:39:16,
2457,run_1789774700_1967,0,2698,-0.009668847676988612,-0.6204848595143724,V1_INV_PI,V1_INV_PI,2,0,1.0,200,0.735532,0.664744,0.879646,0.602991,0.520868,0.850888,0.941249,0.015073,0.038584,0.488889,0.014444,1.0,4.0,0,0,,2026-09-19T02:39:16,
2458,run_1789774700_1967,0,2699,0.015932661239660195,0.2621969909688664,V1_INV_PI,V1_INV_PI,2,0,1.0,200,0.689958,0.618153,0.888128,0.613395,0.516307,0.732445,0.819189,0.028661,0.147768,0.473333,0.023333,0.986667,4.2,0,0,,2026-09-19T02:39:16,
2459,run_1789774700_1967,0,2700,0.7878097665031714,-0.8228122436568885,V1_INV_PI,V1_INV_PI,2,0,1.0,200,0.822407,0.872305,0.867766,0.598627,0.678296,0.886818,0.997366,0.0,0.017206,0.74,0.001111,1.0,3.9,0,0,,2026-09-19T02:39:16,
2460,run_1789774700_1967,0,2701,0.8498321480710289,-0.6843822737224691,V1_INV_PI,V1_INV_PI,2,0,1.0,200,0.824043,0.875481,0.870983,0.59858,0.679816,0.887875,0.997232,0.0,0.015687,0.742222,0.001111,1.0,3.9,0,0,,2026-09-19T02:39:16,
2461,run_1789774700_1967,0,2702,0.19631114559999174,0.7236529898273893,V1_INV_PI,V1_INV_PI,2,0,1.0,200,0.817331,0.872774,0.880495,0.600545,0.605828,0.908564,0.998821,0.0,0.092004,0.536667,0.001111,1.0,3.8,0,0,,2026-09-19T02:39:16,
2462,run_1789774700_1967,0,2703,-0.5112157575744734,-1.022453666958549,V1_INV_PI,V1_INV_PI,2,0,1.0,200,0.785681,0.802273,0.841252,0.604007,0.571032,0.886946,0.997516,0.008058,0.02978,0.435556,0.001111,1.0,4.0,0,0,,2026-09-19T02:39:16,
2463,run_1789774700_1967,0,2704,0.6526238806683287,-0.040148925876257735,V1_INV_PI,V1_INV_PI,2,0,1.0,200,0.849566,0.906758,0.897343,0.599288,0.745439,0.912072,0.998365,0.0,0.030774,0.621111,0.001111,1.0,4.6,0,0,,2026-09-19T02:39:16,
2464,run_1789774700_1967,0,2705,-0.21923506787202385,-0.6022669280480921,V1_INV_PI,V1_INV_PI,2,0,1.0,200,0.711093,0.638732,0.87601,0.620114,0.521464,0.780807,0.877674,0.044941,0.135019,0.446667,0.05,0.978889,3.9,0,0,,2026-09-19T02:39:16,
2465,run_1789774700_1967,0,2706,0.8061112826733945,-0.4979124163780083,V1_INV_PI,V1_INV_PI,2,0,1.0,200,0.836869,0.89066,0.886297,0.598747,0.712566,0.899456,0.997626,0.0,0.020032,0.696667,0.001111,1.0,3.9,0,0,,2026-09-19T02:39:16,
2466,run_1789774700_1967,0,2707,0.23740688091639495,0.10293207010442318,V1_INV_PI,V1_INV_PI,2,0,1.0,200,0.813993,0.864292,0.892318,0.601182,0.582445,0.912106,0.998084,0.0,0.143717,0.52,0.001111,1.0,3.9,0,0,,2026-09-19T02:39:16,
2467,run_1789774700_1967,0,2708,0.44474555529708293,-0.3664959987833255,V1_INV_PI,V1_INV_PI,2,0,1.0,200,0.848754,0.906191,0.891809,0.599883,0.744467,0.91317,0.99871,0.0,0.0341,0.573333,0.001111,1.0,4.1,0,0,,2026-09-19T02:39:16,
2468,run_1789774700_1967,0,2709,0.019380609829033224,-0.865009012847433,V1_INV_PI,V1_INV_PI,2,0,1.0,200,0.803057,0.841216,0.871262,0.601164,0.579449,0.901606,0.998205,0.003127,0.101533,0.516667,0.001111,1.0,3.8,0,0,,2026-09-19T02:39:16,
2469,run_1789774700_1967,0,2710,0.6962693633031156,0.23622068783147165,V1_INV_PI,V1_INV_PI,2,0,1.0,200,0.846993,0.903157,0.8957,0.599127,0.739096,0.909262,0.998171,0.0,0.027463,0.642222,0.001111,1.0,3.8,0,0,,2026-09-19T02:39:16,
2470,run_1789774700_1967,0,2711,0.8844218404488888,-0.6946637622365935,V1_INV_PI,V1_INV_PI,2,0,1.0,200,0.814006,0.865502,0.859333,0.59853,0.650058,0.879157,0.997126,0.0,0.013996,0.77,0.001111,1.0,3.8,0,0,,2026-09-19T02:39:16,
2471,run_1789774700_1967,0,2712,0.9133976656531879,0.9832674188827919,V1_INV_PI,V1_INV_PI,2,0,1.0,200,0.811832,0.853928,0.852767,0.59833,0.670147,0.871055,0.996698,0.0,0.011153,0.834444,0.001111,1.0,3.8,0,0,,2026-09-19T02:39:16,
2472,run_1789774700_1967,0,2713,0.2836533926901368,-0.5291593998777535,V1_INV_PI,V1_INV_PI,2,0,1.0,200,0.834205,0.895753,0.887118,0.600422,0.669813,0.912269,0.998823,0.0,0.064926,0.543333,0.001111,1.0,3.8,0,0,,2026-09-19T02:39:16,
2473,run_1789774700_1967,0,2714,-1.4903518557270354,-0.7888147843139046,V1_INV_PI,V1_INV_PI,2,0,1.0,200,0.644853,0.579438,0.652674,0.609409,0.452539,0.620824,0.997843,0.003127,0.008909,0.297778,0.001111,1.0,3.9,0,0,,2026-09-19T02:39:16,
2474,run_1789774700_1967,0,2715,-0.5890304302706124,-0.7021396241973537,V1_INV_PI,V1_INV_PI,2,0,1.0,200,0.779083,0.776285,0.85333,0.611147,0.561331,0.883252,0.991019,0.092742,0.021951,0.39,0.061111,1.0,3.9,0,0,,2026-09-19T02:39:16,
2475,run_1789774700_1967,0,2716,0.6104667303402711,-0.6348755729938526,V1_INV_PI,V1_INV_PI,2,0,1.0,200,0.842011,0.895367,0.887791,0.599158,0.730176,0.905698,0.998304,0.0,0.029679,0.642222,0.001111,1.0,4.3,0,0,,2026-09-19T02:39:16,
2476,run_1789774700_1967,0,2717,-0.6527446025274393,0.4142671489709777,V1_INV_PI,V1_INV_PI,2,0,1.0,200,0.814826,0.821924,0.849847,0.720981,0.616389,0.875834,0.999248,0.209204,0.019187,0.365556,0.087778,0.753333,4.3,0,0,,2026-09-19T02:39:16,
2477,run_1789774700_1967,0,2718,0.29547828052070013,-1.0753405261166982,V1_INV_PI,V1_INV_PI,2,0,1.0,200,0.831609,0.87809,0.868288,0.599539,0.714131,0.899739,0.998876,0.0,0.035499,0.607778,0.001111,1.0,3.9,0,0,,2026-09-19T02:39:17,
2478,run_1789774700_1967,0,2719,-1.1701755939336576,-0.7264410581636955,V1_INV_PI,V1_INV_PI,2,0,1.0,200,0.707651,0.671899,0.735739,0.612762,0.529017,0.722694,0.997629,0.027248,0.008899,0.314444,0.001111,1.0,4.1,0,0,,2026-09-19T02:39:17,
2479,run_1789774700_1967,0,2720,0.13806614181128762,-0.5922917519688738,V1_INV_PI,V1_INV_PI,2,0,1.0,200,0.814387,0.865449,0.883433,0.601148,0.596929,0.906865,0.998455,0.0,0.112075,0.514444,0.001111,1.0,4.0,0,0,,2026-09-19T02:39:17,
2480,run_1789774700_1967,0,2721,0.8299548114560458,0.5826381979180915,V1_INV_PI,V1_INV_PI,2,0,1.0,200,0.832403,0.884937,0.881085,0.598661,0.702191,0.895068,0.997451,0.0,0.017859,0.716667,0.001111,1.0,3.9,0,0,,2026-09-19T02:39:17,
2481,run_1789774700_1967,0,2722,-0.7177649649835508,-1.158664688138715,V1_INV_PI,V1_INV_PI,2,0,1.0,200,0.778842,0.795211,0.816287,0.603991,0.580528,0.867575,0.99855,0.003127,0.031696,0.426667,0.001111,1.0,4.0,0,0,,2026-09-19T02:39:17,
2482,run_1789774700_1967,0,2723,0.30253767355578387,0.4652013297717841,V1_INV_PI,V1_INV_PI,2,0,1.0,200,0.837934,0.899473,0.88875,0.600406,0.68615,0.913003,0.998796,0.0,0.059632,0.545556,0.001111,1.0,3.9,0,0,,2026-09-19T02:39:17,
2483,run_1789774700_1967,0,2724,0.5876921427716253,-0.6798705849447643,V1_INV_PI,V1_INV_PI,2,0,1.0,200,0.841551,0.89447,0.886875,0.599184,0.729537,0.905607,0.99835,0.0,0.030573,0.638889,0.001111,1.0,3.8,0,0,,2026-09-19T02:39:17,
2484,run_1789774700_1967,0,2725,-1.1871606803216501,-0.8442915367249109,V1_INV_PI,V1_INV_PI,2,0,1.0,200,0.717071,0.690764,0.737004,0.610142,0.540535,0.743473,0.998048,0.012404,0.015013,0.326667,0.001111,1.0,3.9,0,0,,2026-09-19T02:39:17,
2485,run_1789774700_1967,0,2726,0.35372823535743336,-0.8073189085802748,V1_INV_PI,V1_INV_PI,2,0,1.0,200,0.840312,0.893089,0.880983,0.599749,0.726154,0.907902,0.998807,0.0,0.037134,0.586667,0.001111,1.0,4.0,0,0,,2026-09-19T02:39:17,
2486,run_1789774700_1967,0,2727,0.8788060908854485,0.5458288557712518,V1_INV_PI,V1_INV_PI,2,0,1.0,200,0.82662,0.879444,0.875314,0.598591,0.683963,0.89001,0.997183,0.0,0.015148,0.74,0.001111,1.0,3.9,0,0,,2026-09-19T02:39:17,
2487,run_1789774700_1967,0,2728,0.8297782176444564,-0.7805013876841913,V1_INV_PI,V1_INV_PI,2,0,1.0,200,0.819236,0.869571,0.864485,0.598573,0.668186,0.883793,0.997254,0.0,0.015766,0.751111,0.001111,1.0,3.9,0,0,,2026-09-19T02:39:17,
2488,run_1789774700_1967,0,2729,0.27280244748797977,0.8425873783228262,V1_INV_PI,V1_INV_PI,2,0,1.0,200,0.836418,0.889904,0.87727,0.599985,0.709322,0.907449,0.998923,0.0,0.045023,0.57,0.001111,1.0,4.0,0,0,,2026-09-19T02:39:17,
2489,run_1789774700_1967,0,2730,0.7494953442151795,0.35145710218293513,V1_INV_PI,V1_INV_PI,2,0,1.0,200,0.844144,0.899373,0.893784,0.59894,0.731636,0.906368,0.997943,0.0,0.024067,0.663333,0.001111,1.0,4.1,0,0,,2026-09-19T02:39:17,
2490,run_1789774700_1967,0,2731,-0.39248160726129244,-0.7661989206781015,V1_INV_PI,V1_INV_PI,2,0,1.0,200,0.759251,0.721504,0.862786,0.606923,0.535156,0.879176,0.975126,0.040722,0.041244,0.427778,0.041111,1.0,4.3,0,0,,2026-09-19T02:39:17,
2491,run_1789774700_1967,0,2732,-0.5818472029146702,0.819526509268458,V1_INV_PI,V1_INV_PI,2,0,1.0,200,0.784053,0.791543,0.848832,0.607459,0.566836,0.890376,0.994276,0.047463,0.027842,0.402222,0.018889,1.0,4.0,0,0,,2026-09-19T02:39:17,
2492,run_1789774700_1967,0,2733,-0.653576754411688,0.025395120446578767,V1_INV_PI,V1_INV_PI,2,0,1.0,200,0.761245,0.757926,0.819214,0.676597,0.536911,0.784593,0.99444,0.239114,0.030027,0.377778,0.067778,0.622222,5.2,0,0,,2026-09-19T02:39:17,
2493,run_1789774700_1967,0,2734,-0.5495057079611835,1.004777757049445,V1_INV_PI,V1_INV_PI,2,0,1.0,200,0.786278,0.803323,0.839468,0.604411,0.574824,0.886777,0.997503,0.010281,0.0396,0.426667,0.001111,1.0,4.9,0,0,,2026-09-19T02:39:17,
2494,run_1789774700_1967,0,2735,-0.009854901201170163,-0.001782361074722516,V1_INV_PI,V1_INV_PI,2,0,1.0,200,0.702306,0.629087,0.8896,0.616877,0.516978,0.780291,0.829814,0.04023,0.178563,0.471111,0.027778,0.982222,3.9,0,0,,2026-09-19T02:39:17,
2495,run_1789774700_1967,0,2736,-1.0431861375803155,0.8317845395552645,V1_INV_PI,V1_INV_PI,2,0,1.0,200,0.74573,0.736932,0.775256,0.610048,0.567411,0.792769,0.997829,0.016418,0.014058,0.343333,0.001111,1.0,4.7,0,0,,2026-09-19T02:39:17,
2496,run_1789774700_1967,0,2737,-0.30602543669035787,-0.1423540362622231,V1_INV_PI,V1_INV_PI,2,0,1.0,200,0.821794,0.836641,0.884148,0.714748,0.599382,0.891459,0.994487,0.152004,0.052347,0.408889,0.045556,0.855556,4.1,0,0,,2026-09-19T02:39:17,
2497,run_1789774700_1967,0,2738,-0.16708222634375658,-0.1371556834362304,V1_INV_PI,V1_INV_PI,2,0,1.0,200,0.756329,0.715273,0.887956,0.649683,0.546568,0.81759,0.948277,0.080755,0.060213,0.432222,0.045556,0.941111,3.9,0,0,,2026-09-19T02:39:17,
2498,run_1789774700_1967,0,2739,0.4839934369065906,0.5989274769918467,V1_INV_PI,V1_INV_PI,2,0,1.0,200,0.845999,0.900281,0.888355,0.599558,0.742929,0.910021,0.998661,0.0,0.028733,0.6,0.001111,1.0,3.8,0,0,,2026-09-19T02:39:17,
2499,run_1789774700_1967,0,2740,0.2303752579794085,0.31375200108008783,V1_INV_PI,V1_INV_PI,2,0,1.0,200,0.708444,0.574396,0.890471,0.601752,0.507482,0.789453,0.976477,0.003127,0.019875,0.52,0.005556,0.998889,4.1,0,0,,2026-09-19T02:39:17,
2500,run_1789774700_1967,0,2741,0.09749618857132591,0.197067480207612,V1_INV_PI,V1_INV_PI,2,0,1.0,200,0.674456,0.598451,0.890166,0.608325,0.512563,0.751678,0.736224,0.016418,0.208839,0.49,0.014444,0.992222,3.9,0,0,,2026-09-19T02:39:17,
2501,run_1789774700_1967,0,2742,-0.5154192660449226,1.103058417684321,V1_INV_PI,V1_INV_PI,2,0,1.0,200,0.789712,0.814483,0.836486,0.603255,0.58469,0.884566,0.998276,0.003127,0.037166,0.446667,0.001111,1.0,3.9,0,0,,2026-09-19T02:39:17,
2502,run_1789774700_1967,0,2743,0.49826522060101075,1.0159198540624341,V1_INV_PI,V1_INV_PI,2,0,1.0,200,0.831086,0.878651,0.872254,0.599083,0.709606,0.896827,0.998386,0.0,0.031109,0.656667,0.001111,1.0,4.0,0,0,,2026-09-19T02:39:17,
2503,run_1789774700_1967,0,2744,-0.33822046080360213,0.167202228739465,V1_INV_PI,V1_INV_PI,2,0,1.0,200,0.828876,0.849135,0.882392,0.723492,0.611288,0.896338,0.997105,0.158577,0.047546,0.402222,0.045556,0.84,4.6,0,0,,2026-09-19T02:39:17,
2504,run_1789774700_1967,0,2745,0.7829844857521926,0.824924840815769,V1_INV_PI,V1_INV_PI,2,0,1.0,200,0.823504,0.8733,0.869085,0.598634,0.681704,0.887717,0.997385,0.0,0.017506,0.737778,0.001111,1.0,3.8,0,0,,2026-09-19T02:39:17,
2505,run_1789774700_1967,0,2746,-0.714486288925085,0.41447193471006827,V1_INV_PI,V1_INV_PI,2,0,1.0,200,0.792938,0.784168,0.835555,0.721168,0.588874,0.83525,0.998462,0.420029,0.010788,0.351111,0.401111,1.0,4.9,0,0,,2026-09-19T02:39:17,
2506,run_1789774700_1967,0,2747,-1.0082412935723055,0.690960827842438,V1_INV_PI,V1_INV_PI,2,0,1.0,200,0.738896,0.722182,0.777564,0.61406,0.555366,0.778484,0.99686,0.058002,0.01408,0.33,0.01,1.0,3.9,0,0,,2026-09-19T02:39:17,
2507,run_1789774700_1967,0,2748,0.21199769632396182,-0.9668137002936081,V1_INV_PI,V1_INV_PI,2,0,1.0,200,0.830908,0.882473,0.871485,0.599993,0.693259,0.90485,0.999009,0.0,0.051011,0.57,0.001111,1.0,3.8,0,0,,2026-09-19T02:39:17,
2508,run_1789774700_1967,0,2749,-0.41938081277223027,0.23891006785079116,V1_INV_PI,V1_INV_PI,2,0,1.0,200,0.837072,0.861484,0.876378,0.735377,0.628935,0.904519,0.999462,0.178237,0.032121,0.392222,0.05,0.804444,4.2,0,0,,2026-09-19T02:39:17,
2509,run_1789774700_1967,0,2750,0.34208002544467053,-1.1519126491271834,V1_INV_PI,V1_INV_PI,2,0,1.0,200,0.827147,0.871538,0.863739,0.599304,0.705283,0.894695,0.99873,0.0,0.037746,0.632222,0.001111,1.0,3.8,0,0,,2026-09-19T02:39:17,
2510,run_1789774700_1967,0,2751,-0.5924247192315938,0.2275169652549125,V1_INV_PI,V1_INV_PI,2,0,1.0,200,0.787246,0.790829,0.837461,0.700066,0.576899,0.820114,0.995716,0.229851,0.014935,0.362222,0.067778,0.665556,4.4,0,0,,2026-09-19T02:39:17,
2511,run_1789774700_1967,0,2752,0.07396662115213903,-0.6119081842626509,V1_INV_PI,V1_INV_PI,2,0,1.0,200,0.795394,0.819477,0.881408,0.601616,0.559254,0.898151,0.996398,0.003127,0.104479,0.502222,0.001111,1.0,3.8,0,0,,2026-09-19T02:39:17,
2512,run_1789774700_1967,0,2753,-0.4883815860505425,0.49006048052376805,V1_INV_PI,V1_INV_PI,2,0,1.0,200,0.802646,0.8008,0.869567,0.697355,0.579449,0.882144,0.987788,0.141667,0.06852,0.392222,0.05,0.871111,4.1,0,0,,2026-09-19T02:39:17,
2513,run_1789774700_1967,0,2754,-1.4700216332285683,0.4761137245982483,V1_INV_PI,V1_INV_PI,2,0,1.0,200,0.634316,0.556874,0.643381,0.613802,0.455345,0.589643,0.998478,0.03536,0.016149,0.263333,0.005556,1.0,3.9,0,0,,2026-09-19T02:39:17,
2514,run_1789774700_1967,0,2755,-0.2773281003065442,-0.37185020688026926,V1_INV_PI,V1_INV_PI,2,0,1.0,200,0.759896,0.722367,0.882086,0.653386,0.547552,0.824228,0.954776,0.085134,0.061864,0.421111,0.05,0.936667,4.2,0,0,,2026-09-19T02:39:17,
2515,run_1789774700_1967,0,2756,0.9865525743330648,-0.35881256966705566,V1_INV_PI,V1_INV_PI,2,0,1.0,200,0.815169,0.867823,0.862152,0.598472,0.652195,0.878417,0.996854,0.0,0.011703,0.785556,0.001111,1.0,3.8,0,0,,2026-09-19T02:39:17,
2516,run_1789774700_1967,0,2757,0.6199117302267072,-1.0113711438225228,V1_INV_PI,V1_INV_PI,2,0,1.0,200,0.826987,0.874205,0.869634,0.598809,0.698109,0.891759,0.997929,0.0,0.024117,0.697778,0.001111,1.0,4.0,0,0,,2026-09-19T02:39:17,
2517,run_1789774700_1967,0,2758,0.6877749719405468,0.5425650776146129,V1_INV_PI,V1_INV_PI,2,0,1.0,200,0.842489,0.896569,0.890517,0.59901,0.729128,0.905577,0.998078,0.0,0.026062,0.656667,0.001111,1.0,4.0,0,0,,2026-09-19T02:39:17,
2518,run_1789774700_1967,0,2759,0.57620877895179,0.3693647097852426,V1_INV_PI,V1_INV_PI,2,0,1.0,200,0.848574,0.904405,0.893387,0.599426,0.747503,0.91104,0.998461,0.0,0.025173,0.611111,0.001111,1.0,3.8,0,0,,2026-09-19T02:39:17,
2519,run_1789774700_1967,0,2760,-1.4245227603249546,0.08768307064778669,V1_INV_PI,V1_INV_PI,2,0,1.0,200,0.59672,0.480718,0.63653,0.635584,0.394136,0.511439,0.999247,0.340688,0.010428,0.252222,0.272222,1.0,4.0,0,0,,2026-09-19T02:39:17,
2520,run_1789774700_1967,0,2761,-1.0548125267188713,0.43065735093482127,V1_INV_PI,V1_INV_PI,2,0,1.0,200,0.71375,0.682764,0.753862,0.622486,0.516417,0.729905,0.997721,0.160385,0.013304,0.306667,0.076667,1.0,3.9,0,0,,2026-09-19T02:39:17,
2521,run_1789774700_1967,0,2762,-0.08187775596816005,0.9998589054855731,V1_INV_PI,V1_INV_PI,2,0,1.0,200,0.784437,0.796739,0.862081,0.601347,0.550656,0.890934,0.996667,0.003127,0.089613,0.508889,0.005556,1.0,3.8,0,0,,2026-09-19T02:39:17,
2522,run_1789774700_1967,0,2763,0.9761873204778202,-0.353908227052774,V1_INV_PI,V1_INV_PI,2,0,1.0,200,0.816007,0.869974,0.863762,0.598479,0.65044,0.88047,0.99694,0.0,0.012243,0.772222,0.001111,1.0,3.9,0,0,,2026-09-19T02:39:17,
2523,run_1789774700_1967,0,2764,0.27540648805029533,-0.3344277819429855,V1_INV_PI,V1_INV_PI,2,0,1.0,200,0.828624,0.891579,0.890648,0.600712,0.634736,0.913286,0.998816,0.0,0.088514,0.531111,0.001111,1.0,4.7,0,0,,2026-09-19T02:39:17,
2524,run_1789774700_1967,0,2765,0.34077646905266845,0.044449555584635814,V1_INV_PI,V1_INV_PI,2,0,1.0,200,0.840366,0.90444,0.89322,0.600505,0.687322,0.91524,0.998752,0.0,0.060147,0.542222,0.001111,1.0,3.9,0,0,,2026-09-19T02:39:17,
2525,run_1789774700_1967,0,2766,0.6427053130561897,-0.038300236821062095,V1_INV_PI,V1_INV_PI,2,0,1.0,200,0.84939,0.906669,0.897084,0.599323,0.744669,0.912025,0.998385,0.0,0.031266,0.62,0.001111,1.0,4.2,0,0,,2026-09-19T02:39:17,
2526,run_1789774700_1967,0,2767,0.08261344939551485,-1.1867863559592566,V1_INV_PI,V1_INV_PI,2,0,1.0,200,0.819443,0.865433,0.857169,0.600002,0.666836,0.897371,0.999186,0.0,0.062338,0.573333,0.001111,1.0,3.8,0,0,,2026-09-19T02:39:17,
2527,run_1789774700_1967,0,2768,-0.8843174152612299,-0.3221049084763308,V1_INV_PI,V1_INV_PI,2,0,1.0,200,0.750073,0.728396,0.804065,0.661006,0.558141,0.765523,0.997758,0.358631,0.006364,0.323333,0.241111,1.0,4.0,0,0,,2026-09-19T02:39:17,
2528,run_1789774700_1967,0,2769,-0.605397878575451,-1.180862763754501,V1_INV_PI,V1_INV_PI,2,0,1.0,200,0.78428,0.805357,0.825182,0.603195,0.583347,0.876233,0.998315,0.003127,0.019083,0.443333,0.001111,1.0,3.8,0,0,,2026-09-19T02:39:17,
2529,run_1789774700_1967,0,2770,-1.2059706938275367,-0.2835484586548993,V1_INV_PI,V1_INV_PI,2,0,1.0,200,0.66729,0.596845,0.696941,0.624813,0.484187,0.65001,0.997907,0.212422,0.014059,0.285556,0.118889,1.0,3.9,0,0,,2026-09-19T02:39:17,
2530,run_1789774700_1967,0,2771,-0.6756668926388352,-1.1786552363339275,V1_INV_PI,V1_INV_PI,2,0,1.0,200,0.787164,0.810806,0.819009,0.603527,0.602913,0.87219,0.998778,0.0,0.027716,0.435556,0.001111,1.0,3.9,0,0,,2026-09-19T02:39:17,
2531,run_1789774700_1967,0,2772,-1.2345720899133954,1.0689613851888813,V1_INV_PI,V1_INV_PI,2,0,1.0,200,0.691,0.653884,0.715893,0.607137,0.488766,0.708104,0.99696,0.0,0.010236,0.352222,0.001111,1.0,3.9,0,0,,2026-09-19T02:39:17,
2532,run_1789774700_1967,0,2773,-0.06518247360985918,0.7249703204312017,V1_INV_PI,V1_INV_PI,2,0,1.0,200,0.789586,0.80797,0.874586,0.602329,0.560747,0.886322,0.993303,0.008058,0.129008,0.482222,0.005556,1.0,3.8,0,0,,2026-09-19T02:39:17,
2533,run_1789774700_1967,0,2774,0.2287909767915699,-0.0898971105711397,V1_INV_PI,V1_INV_PI,2,0,1.0,200,0.814823,0.865907,0.892321,0.601241,0.585243,0.912078,0.998093,0.0,0.142277,0.518889,0.001111,1.0,3.8,0,0,,2026-09-19T02:39:17,
2534,run_1789774700_1967,0,2775,0.25477052562170366,-0.06374146907435496,V1_INV_PI,V1_INV_PI,2,0,1.0,200,0.811788,0.859136,0.89267,0.601092,0.57596,0.912312,0.997991,0.0,0.147429,0.522222,0.001111,1.0,3.8,0,0,,2026-09-19T02:39:17,
2535,run_1789774700_1967,0,2776,-1.2044899589791465,0.13178063669806517,V1_INV_PI,V1_INV_PI,2,0,1.0,200,0.622361,0.533532,0.693807,0.563157,0.435192,0.569162,0.998535,0.285322,0.006442,0.305556,0.163333,0.694444,4.5,0,0,,2026-09-19T02:39:17,
2536,run_1789774700_1967,0,2777,0.21496472580047388,0.12830332689925683,V1_INV_PI,V1_INV_PI,2,0,1.0,200,0.814933,0.865847,0.892518,0.601311,0.586044,0.911801,0.998134,0.0,0.137371,0.516667,0.001111,1.0,3.8,0,0,,2026-09-19T02:39:17,
2537,run_1789774700_1967,0,2778,0.9936049883418536,-0.162338303432505,V1_INV_PI,V1_INV_PI,2,0,1.0,200,0.819364,0.87424,0.869195,0.598481,0.657159,0.883688,0.996835,0.0,0.011663,0.771111,0.001111,1.0,3.8,0,0,,2026-09-19T02:39:17,
2538,run_1789774700_1967,0,2779,0.341975131399868,0.15533011949366693,V1_INV_PI,V1_INV_PI,2,0,1.0,200,0.840452,0.904299,0.893313,0.600471,0.688008,0.915312,0.998747,0.0,0.059998,0.544444,0.001111,1.0,3.9,0,0,,2026-09-19T02:39:17,
2539,run_1789774700_1967,0,2780,0.19866505392127132,-0.7351660405599698,V1_INV_PI,V1_INV_PI,2,0,1.0,200,0.813872,0.866489,0.880379,0.600518,0.593828,0.908157,0.998782,0.0,0.092529,0.54,0.001111,1.0,4.5,0,0,,2026-09-19T02:39:17,
2540,run_1789774700_1967,0,2781,0.5686148718272914,1.091999322125487,V1_INV_PI,V1_INV_PI,2,0,1.0,200,0.824197,0.869737,0.86491,0.598844,0.693997,0.889288,0.998044,0.0,0.025801,0.698889,0.001111,1.0,4.2,0,0,,2026-09-19T02:39:18,
2541,run_1789774700_1967,0,2782,-0.7225645825906627,1.0734585470544526,V1_INV_PI,V1_INV_PI,2,0,1.0,200,0.783093,0.803076,0.819921,0.604794,0.589288,0.869773,0.998383,0.0,0.024185,0.412222,0.001111,1.0,5.3,0,0,,2026-09-19T02:39:18,
2542,run_1789774700_1967,0,2783,0.5499027739412004,0.501572378629618,V1_INV_PI,V1_INV_PI,2,0,1.0,200,0.847153,0.902212,0.891574,0.599423,0.744131,0.91036,0.998515,0.0,0.026351,0.612222,0.001111,1.0,4.2,0,0,,2026-09-19T02:39:18,
2543,run_1789774700_1967,0,2784,-1.0502758732666737,0.06142221028289585,V1_INV_PI,V1_INV_PI,2,0,1.0,200,0.667163,0.609045,0.735804,0.594464,0.459305,0.645338,0.997764,0.26654,0.005691,0.36,0.118889,0.64,4.6,0,0,,2026-09-19T02:39:18,
2544,run_1789774700_1967,0,2785,-0.8854156403443965,-0.4145443912768203,V1_INV_PI,V1_INV_PI,2,0,1.0,200,0.738306,0.717513,0.792539,0.638449,0.534287,0.763063,0.997845,0.313323,0.008767,0.326667,0.147778,1.0,5.3,0,0,,2026-09-19T02:39:18,
2545,run_1789774700_1967,0,2786,-0.4963230843800863,0.3183055708314806,V1_INV_PI,V1_INV_PI,2,0,1.0,200,0.832218,0.853047,0.868164,0.734282,0.625521,0.898888,0.999519,0.189533,0.026345,0.384444,0.058889,0.781111,4.3,0,0,,2026-09-19T02:39:18,
2546,run_1789774700_1967,0,2787,0.3808554149639132,0.2581155828059376,V1_INV_PI,V1_INV_PI,2,0,1.0,200,0.845698,0.906395,0.892643,0.600219,0.721391,0.914377,0.998696,0.0,0.045302,0.553333,0.001111,1.0,3.9,0,0,,2026-09-19T02:39:18,
2547,run_1789774700_1967,0,2788,0.30263690390422315,1.019315686054598,V1_INV_PI,V1_INV_PI,2,0,1.0,200,0.833362,0.881696,0.871459,0.599607,0.714264,0.902041,0.998885,0.0,0.036692,0.602222,0.001111,1.0,3.9,0,0,,2026-09-19T02:39:18,
2548,run_1789774700_1967,0,2789,-0.06041421036162897,0.20473019197679565,V1_INV_PI,V1_INV_PI,2,0,1.0,200,0.711345,0.65154,0.888982,0.624073,0.526476,0.762301,0.854567,0.047463,0.099341,0.457778,0.032222,0.973333,4.8,0,0,,2026-09-19T02:39:18,
2549,run_1789774700_1967,0,2790,-0.9353919677821585,0.7075906867355388,V1_INV_PI,V1_INV_PI,2,0,1.0,200,0.75763,0.754557,0.796391,0.613237,0.568072,0.817445,0.998127,0.060573,0.016282,0.346667,0.005556,1.0,4.2,0,0,,2026-09-19T02:39:18,
2550,run_1789774700_1967,0,2791,-0.41597233156769087,0.23184215298822242,V1_INV_PI,V1_INV_PI,2,0,1.0,200,0.837911,0.863109,0.876698,0.736295,0.629794,0.905302,0.999468,0.184324,0.034222,0.392222,0.05,0.803333,4.3,0,0,,2026-09-19T02:39:18,
2551,run_1789774700_1967,0,2792,-0.3737650536171453,-0.7565283195715788,V1_INV_PI,V1_INV_PI,2,0,1.0,200,0.75334,0.709057,0.864011,0.607018,0.531714,0.870704,0.967057,0.037543,0.033547,0.43,0.041111,1.0,4.1,0,0,,2026-09-19T02:39:18,
2552,run_1789774700_1967,0,2793,-0.3734056952081477,0.5528475120228513,V1_INV_PI,V1_INV_PI,2,0,1.0,200,0.756809,0.712565,0.873573,0.650375,0.542869,0.833938,0.95703,0.087152,0.065181,0.414444,0.054444,0.937778,4.1,0,0,,2026-09-19T02:39:18,
2553,run_1789774700_1967,0,2794,-0.8541273065885546,0.6378580603717203,V1_INV_PI,V1_INV_PI,2,0,1.0,200,0.740213,0.722243,0.799326,0.617222,0.528848,0.788935,0.996682,0.145692,0.00691,0.345556,0.067778,1.0,3.9,0,0,,2026-09-19T02:39:18,
2554,run_1789774700_1967,0,2795,0.2309628618848989,-0.37988329120180653,V1_INV_PI,V1_INV_PI,2,0,1.0,200,0.813345,0.864108,0.889479,0.600966,0.583066,0.910251,0.998358,0.0,0.130675,0.525556,0.001111,1.0,3.8,0,0,,2026-09-19T02:39:18,
2555,run_1789774700_1967,0,2796,0.4797363675660875,0.9784801184351648,V1_INV_PI,V1_INV_PI,2,0,1.0,200,0.834262,0.882332,0.875704,0.599175,0.718181,0.899664,0.998472,0.0,0.032671,0.647778,0.001111,1.0,3.9,0,0,,2026-09-19T02:39:18,
2556,run_1789774700_1967,0,2797,-0.15285424565906336,0.48779415408714866,V1_INV_PI,V1_INV_PI,2,0,1.0,200,0.709567,0.643509,0.881342,0.621602,0.523756,0.768774,0.86246,0.043059,0.088103,0.448889,0.036667,0.976667,4.2,0,0,,2026-09-19T02:39:18,
2557,run_1789774700_1967,0,2798,-0.0776605715459211,0.4715909450285978,V1_INV_PI,V1_INV_PI,2,0,1.0,200,0.696374,0.624934,0.882269,0.615423,0.518976,0.741813,0.842456,0.03461,0.136529,0.463333,0.036667,0.984444,3.9,0,0,,2026-09-19T02:39:18,
2558,run_1789774700_1967,0,2799,0.9302387666910676,-0.2872577867708235,V1_INV_PI,V1_INV_PI,2,0,1.0,200,0.830426,0.884669,0.880879,0.598559,0.692358,0.892819,0.997108,0.0,0.014331,0.734444,0.001111,1.0,4.7,0,0,,2026-09-19T02:39:18,
2559,run_1789774700_1967,0,2800,-0.29551723125467944,-1.0189475519437254,V1_INV_PI,V1_INV_PI,2,0,1.0,200,0.780208,0.78654,0.853156,0.602545,0.553592,0.886545,0.99465,0.006253,0.031201,0.47,0.005556,1.0,3.8,0,0,,2026-09-19T02:39:18,
2560,run_1789774700_1967,0,2801,0.7995088420104675,-0.2396365999585327,V1_INV_PI,V1_INV_PI,2,0,1.0,200,0.841391,0.896921,0.891744,0.598855,0.722649,0.90341,0.99775,0.0,0.021563,0.678889,0.001111,1.0,3.8,0,0,,2026-09-19T02:39:18,
2561,run_1789774700_1967,0,2802,-0.20773649427984875,-0.7572887153838201,V1_INV_PI,V1_INV_PI,2,0,1.0,200,0.773354,0.762044,0.869311,0.603557,0.541794,0.882254,0.988707,0.014308,0.049015,0.456667,0.01,1.0,5.1,0,0,,2026-09-19T02:39:18,
2562,run_1789774700_1967,0,2803,-0.5669986714234743,-0.9849660350131625,V1_INV_PI,V1_INV_PI,2,0,1.0,200,0.786506,0.804663,0.839185,0.604717,0.574024,0.886753,0.997592,0.010281,0.048779,0.423333,0.001111,1.0,3.9,0,0,,2026-09-19T02:39:18,
2563,run_1789774700_1967,0,2804,-0.8593306571473112,-0.008296529000437092,V1_INV_PI,V1_INV_PI,2,0,1.0,200,0.722046,0.699347,0.783763,0.640615,0.496683,0.731139,0.995859,0.241902,0.006334,0.394444,0.076667,0.605556,4.7,0,0,,2026-09-19T02:39:18,
2564,run_1789774700_1967,0,2805,-1.4162444253877675,1.1754369714141049,V1_INV_PI,V1_INV_PI,2,0,1.0,200,0.695573,0.658134,0.688203,0.605465,0.527856,0.721127,0.997613,0.0,0.012219,0.357778,0.001111,1.0,4.3,0,0,,2026-09-19T02:39:18,
2565,run_1789774700_1967,0,2806,0.190662227753448,0.4499360050926746,V1_INV_PI,V1_INV_PI,2,0,1.0,200,0.815395,0.868159,0.887373,0.601098,0.5935,0.908678,0.998384,0.0,0.126977,0.514444,0.001111,1.0,4.0,0,0,,2026-09-19T02:39:18,
2566,run_1789774700_1967,0,2807,-1.351474523715571,0.36983359757962186,V1_INV_PI,V1_INV_PI,2,0,1.0,200,0.641269,0.561295,0.665259,0.618422,0.46173,0.596219,0.998005,0.106535,0.012839,0.27,0.054444,1.0,3.9,0,0,,2026-09-19T02:39:18,
2567,run_1789774700_1967,0,2808,-1.3318148336841584,-0.03205683160451844,V1_INV_PI,V1_INV_PI,2,0,1.0,200,0.603017,0.496737,0.663908,0.571943,0.42942,0.527544,0.999406,0.38621,0.032974,0.261111,0.287778,0.821111,4.3,0,0,,2026-09-19T02:39:18,
2568,run_1789774700_1967,0,2809,0.4449478859539957,-0.7535544843336954,V1_INV_PI,V1_INV_PI,2,0,1.0,200,0.842518,0.894866,0.884257,0.599526,0.735358,0.907519,0.998686,0.0,0.029566,0.606667,0.001111,1.0,3.9,0,0,,2026-09-19T02:39:18,
2569,run_1789774700_1967,0,2810,-0.33474552700592275,0.13176311020779097,V1_INV_PI,V1_INV_PI,2,0,1.0,200,0.832468,0.855062,0.882601,0.727561,0.618279,0.898135,0.998107,0.163149,0.047715,0.404444,0.041111,0.832222,4.3,0,0,,2026-09-19T02:39:18,
2570,run_1789774700_1967,0,2811,0.11133221761917866,-0.3409830040701123,V1_INV_PI,V1_INV_PI,2,0,1.0,200,0.672241,0.587877,0.88845,0.60551,0.510041,0.758246,0.739562,0.010281,0.04867,0.494444,0.014444,0.995556,4.0,0,0,,2026-09-19T02:39:18,
2571,run_1789774700_1967,0,2812,-0.20611781146255947,-0.05637542340728996,V1_INV_PI,V1_INV_PI,2,0,1.0,200,0.777435,0.749507,0.887325,0.665551,0.559788,0.853069,0.967992,0.101669,0.052701,0.424444,0.05,0.922222,4.1,0,0,,2026-09-19T02:39:18,
2572,run_1789774700_1967,0,2813,0.5489813587184393,0.9325157474885175,V1_INV_PI,V1_INV_PI,2,0,1.0,200,0.833651,0.882689,0.876375,0.599047,0.714086,0.898736,0.998284,0.0,0.029427,0.657778,0.001111,1.0,4.3,0,0,,2026-09-19T02:39:18,
2573,run_1789774700_1967,0,2814,-0.3217473520513332,0.8466157949851529,V1_INV_PI,V1_INV_PI,2,0,1.0,200,0.768336,0.747675,0.861005,0.604078,0.538939,0.888502,0.983595,0.014517,0.070003,0.446667,0.014444,1.0,3.9,0,0,,2026-09-19T02:39:18,
2574,run_1789774700_1967,0,2815,-0.4446372939997332,0.25850342042383745,V1_INV_PI,V1_INV_PI,2,0,1.0,200,0.834999,0.857493,0.87407,0.734482,0.627811,0.901543,0.999599,0.181588,0.027724,0.388889,0.054444,0.797778,6.1,0,0,,2026-09-19T02:39:18,
2575,run_1789774700_1967,0,2816,-1.4723169662008573,-0.7072599445749501,V1_INV_PI,V1_INV_PI,2,0,1.0,200,0.645467,0.577883,0.652571,0.610498,0.461388,0.617376,0.99814,0.005697,0.010063,0.286667,0.001111,1.0,3.9,0,0,,2026-09-19T02:39:18,
2576,run_1789774700_1967,0,2817,0.2316330577928809,-0.8994266065210554,V1_INV_PI,V1_INV_PI,2,0,1.0,200,0.832986,0.88605,0.874082,0.600042,0.697119,0.906265,0.998984,0.0,0.049653,0.567778,0.001111,1.0,3.8,0,0,,2026-09-19T02:39:18,
2577,run_1789774700_1967,0,2818,0.2836938132845839,-0.43998923544194013,V1_INV_PI,V1_INV_PI,2,0,1.0,200,0.833176,0.896035,0.889335,0.600538,0.659264,0.913159,0.998819,0.0,0.07162,0.541111,0.001111,1.0,3.8,0,0,,2026-09-19T02:39:18,
2578,run_1789774700_1967,0,2819,-1.216742405865599,0.11650689019400984,V1_INV_PI,V1_INV_PI,2,0,1.0,200,0.62196,0.533788,0.692,0.561807,0.434997,0.569163,0.998785,0.265983,0.021204,0.311111,0.125556,0.688889,4.4,0,0,,2026-09-19T02:39:18,
2579,run_1789774700_1967,0,2820,0.034659151464162985,-1.003508819747592,V1_INV_PI,V1_INV_PI,2,0,1.0,200,0.816327,0.86509,0.865545,0.600647,0.633005,0.902211,0.998957,0.0,0.08754,0.533333,0.001111,1.0,3.8,0,0,,2026-09-19T02:39:18,
2580,run_1789774700_1967,0,2821,0.6165635801835441,-0.768026924731688,V1_INV_PI,V1_INV_PI,2,0,1.0,200,0.837913,0.889284,0.883178,0.599034,0.721759,0.901791,0.998184,0.0,0.027709,0.661111,0.001111,1.0,3.8,0,0,,2026-09-19T02:39:18,
2581,run_1789774700_1967,0,2822,-0.5426338827396755,-0.875847444664111,V1_INV_PI,V1_INV_PI,2,0,1.0,200,0.784063,0.793314,0.848442,0.606045,0.564498,0.890226,0.995686,0.033789,0.024522,0.413333,0.001111,1.0,4.5,0,0,,2026-09-19T02:39:18,
2582,run_1789774700_1967,0,2823,-1.056283474524567,0.7349978900229286,V1_INV_PI,V1_INV_PI,2,0,1.0,200,0.728106,0.706186,0.764328,0.612923,0.543747,0.759461,0.996603,0.038436,0.011815,0.332222,0.001111,1.0,3.9,0,0,,2026-09-19T02:39:18,
2583,run_1789774700_1967,0,2824,-1.2106450089282403,-0.6616964798172086,V1_INV_PI,V1_INV_PI,2,0,1.0,200,0.686819,0.640789,0.717187,0.613693,0.497837,0.684774,0.997319,0.022018,0.009006,0.305556,0.001111,1.0,3.9,0,0,,2026-09-19T02:39:18,
2584,run_1789774700_1967,0,2825,0.17906281093459975,-1.0074979372447683,V1_INV_PI,V1_INV_PI,2,0,1.0,200,0.828402,0.879309,0.868592,0.600033,0.685757,0.903722,0.999063,0.0,0.053835,0.566667,0.001111,1.0,3.9,0,0,,2026-09-19T02:39:18,
2585,run_1789774700_1967,0,2826,-0.544845337522634,-0.3384426380603134,V1_INV_PI,V1_INV_PI,2,0,1.0,200,0.828558,0.846065,0.862191,0.732593,0.628228,0.891117,0.999482,0.206487,0.010224,0.373333,0.076667,0.76,4.2,0,0,,2026-09-19T02:39:18,
2586,run_1789774700_1967,0,2827,-0.024796025306695224,0.14943085080417662,V1_INV_PI,V1_INV_PI,2,0,1.0,200,0.697968,0.633773,0.890292,0.618453,0.521275,0.756097,0.810717,0.03536,0.114127,0.461111,0.027778,0.98,4.4,0,0,,2026-09-19T02:39:18,
2587,run_1789774700_1967,0,2828,-0.7309397226572543,-0.3090058993493763,V1_INV_PI,V1_INV_PI,2,0,1.0,200,0.764253,0.752109,0.817056,0.678299,0.559574,0.790266,0.996313,0.243247,0.014566,0.344444,0.083333,0.664444,4.4,0,0,,2026-09-19T02:39:18,
2588,run_1789774700_1967,0,2829,0.6953202431096468,-0.4673287026944464,V1_INV_PI,V1_INV_PI,2,0,1.0,200,0.842883,0.897706,0.890924,0.599032,0.729149,0.905849,0.998092,0.0,0.026333,0.652222,0.001111,1.0,4.1,0,0,,2026-09-19T02:39:18,
2589,run_1789774700_1967,0,2830,0.3385245971118329,-0.9959816306089437,V1_INV_PI,V1_INV_PI,2,0,1.0,200,0.834763,0.88314,0.87337,0.599536,0.719233,0.90223,0.998817,0.0,0.034034,0.607778,0.001111,1.0,3.8,0,0,,2026-09-19T02:39:18,
2590,run_1789774700_1967,0,2831,0.8294619535087842,-0.12887090920737032,V1_INV_PI,V1_INV_PI,2,0,1.0,200,0.84191,0.897381,0.892864,0.5988,0.7244,0.903384,0.99765,0.0,0.020259,0.685556,0.001111,1.0,3.9,0,0,,2026-09-19T02:39:18,
2591,run_1789774700_1967,0,2832,-0.6659929347694278,-0.11008656752672419,V1_INV_PI,V1_INV_PI,2,0,1.0,200,0.762904,0.758737,0.819259,0.677071,0.544136,0.786367,0.99463,0.242051,0.024295,0.377778,0.067778,0.622222,4.6,0,0,,2026-09-19T02:39:18,
2592,run_1789774700_1967,0,2833,-0.9638280970973745,0.3782515083398761,V1_INV_PI,V1_INV_PI,2,0,1.0,200,0.722402,0.696499,0.76941,0.633177,0.513238,0.741562,0.997795,0.28263,0.01153,0.317778,0.187778,1.0,3.9,0,0,,2026-09-19T02:39:18,
2593,run_1789774700_1967,0,2834,-0.9120802504454657,0.8839178133420698,V1_INV_PI,V1_INV_PI,2,0,1.0,200,0.769376,0.778516,0.802454,0.608405,0.578911,0.843433,0.998445,0.012404,0.011402,0.363333,0.001111,1.0,4.0,0,0,,2026-09-19T02:39:18,
2594,run_1789774700_1967,0,2835,0.4780224102503614,0.5698736663086419,V1_INV_PI,V1_INV_PI,2,0,1.0,200,0.846218,0.900915,0.888663,0.599607,0.742792,0.910216,0.998647,0.0,0.029089,0.6,0.001111,1.0,4.3,0,0,,2026-09-19T02:39:18,
2595,run_1789774700_1967,0,2836,-1.3041389135054755,-0.9996077787425439,V1_INV_PI,V1_INV_PI,2,0,1.0,200,0.687399,0.651449,0.701548,0.607619,0.485436,0.704651,0.997655,0.0,0.00798,0.338889,0.001111,1.0,4.0,0,0,,2026-09-19T02:39:18,
2596,run_1789774700_1967,0,2837,0.48032833338316205,-0.2282433645912546,V1_INV_PI,V1_INV_PI,2,0,1.0,200,0.851066,0.908816,0.894819,0.59982,0.751389,0.914409,0.998644,0.0,0.032464,0.575556,0.001111,1.0,3.8,0,0,,2026-09-19T02:39:18,
2597,run_1789774700_1967,0,2838,-0.2541009013213875,-0.37212025589715225,V1_INV_PI,V1_INV_PI,2,0,1.0,200,0.755425,0.715945,0.882809,0.650155,0.54648,0.813789,0.94969,0.080755,0.064188,0.423333,0.045556,0.941111,4.0,0,0,,2026-09-19T02:39:18,
2598,run_1789774700_1967,0,2839,-1.0587859650697928,1.193392290273733,V1_INV_PI,V1_INV_PI,2,0,1.0,200,0.750389,0.747431,0.762235,0.605025,0.582326,0.809809,0.997477,0.0,0.01066,0.386667,0.001111,1.0,3.8,0,0,,2026-09-19T02:39:18,
2599,run_1789774700_1967,0,2840,0.5651418009922899,-0.4122441047961818,V1_INV_PI,V1_INV_PI,2,0,1.0,200,0.84793,0.903541,0.892354,0.599437,0.746043,0.910656,0.998476,0.0,0.02561,0.61,0.001111,1.0,3.8,0,0,,2026-09-19T02:39:19,
2600,run_1789774700_1967,0,2841,0.32810940915028275,0.4554943717388573,V1_INV_PI,V1_INV_PI,2,0,1.0,200,0.840623,0.901267,0.889162,0.600294,0.70084,0.912987,0.998759,0.0,0.053432,0.55,0.001111,1.0,3.8,0,0,,2026-09-19T02:39:19,
2601,run_1789774700_1967,0,2842,0.3698814605821099,-0.7070048509070792,V1_INV_PI,V1_INV_PI,2,0,1.0,200,0.842487,0.896767,0.88366,0.599827,0.730244,0.909449,0.998786,0.0,0.036378,0.58,0.001111,1.0,3.8,0,0,,2026-09-19T02:39:19,
2602,run_1789774700_1967,0,2843,0.01927594423853307,0.24647756023152634,V1_INV_PI,V1_INV_PI,2,0,1.0,200,0.68817,0.61245,0.888345,0.611715,0.515428,0.736696,0.814865,0.022018,0.115085,0.472222,0.023333,0.988889,4.1,0,0,,2026-09-19T02:39:19,
2603,run_1789774700_1967,0,2844,0.20901658066665707,-0.6127169934417768,V1_INV_PI,V1_INV_PI,2,0,1.0,200,0.811996,0.862215,0.883756,0.600708,0.584636,0.908514,0.998666,0.003127,0.1033,0.534444,0.001111,1.0,3.9,0,0,,2026-09-19T02:39:19,
2604,run_1789774700_1967,0,2845,0.3861834675737037,0.8426032733030431,V1_INV_PI,V1_INV_PI,2,0,1.0,200,0.839502,0.891051,0.879592,0.5996,0.727464,0.906164,0.998774,0.0,0.032909,0.598889,0.001111,1.0,3.9,0,0,,2026-09-19T02:39:19,
2605,run_1789774700_1967,0,2846,0.3263845277465365,-0.11609692297239138,V1_INV_PI,V1_INV_PI,2,0,1.0,200,0.837594,0.9021,0.892629,0.600563,0.673544,0.914924,0.9988,0.0,0.066106,0.535556,0.001111,1.0,3.9,0,0,,2026-09-19T02:39:19,
2606,run_1789774700_1967,0,2847,-0.3963284948192518,0.4680780687137718,V1_INV_PI,V1_INV_PI,2,0,1.0,200,0.778449,0.752981,0.875467,0.669914,0.55829,0.857115,0.973903,0.110342,0.054717,0.404444,0.058889,0.912222,4.2,0,0,,2026-09-19T02:39:19,
2607,run_1789774700_1967,0,2848,-0.7901056020895658,0.9126703428445604,V1_INV_PI,V1_INV_PI,2,0,1.0,200,0.779125,0.793803,0.820962,0.607329,0.577814,0.866718,0.998338,0.018333,0.02023,0.382222,0.005556,1.0,3.9,0,0,,2026-09-19T02:39:19,
2608,run_1789774700_1967,0,2849,-0.36763289936084487,-1.0128478555642746,V1_INV_PI,V1_INV_PI,2,0,1.0,200,0.797701,0.829166,0.850065,0.602907,0.592996,0.892248,0.997846,0.003127,0.043447,0.46,0.001111,1.0,3.9,0,0,,2026-09-19T02:39:19,
2609,run_1789774700_1967,0,2850,-0.36801459670679226,0.10279914625386732,V1_INV_PI,V1_INV_PI,2,0,1.0,200,0.840286,0.866608,0.879304,0.73791,0.635061,0.905767,0.99952,0.179365,0.040484,0.4,0.041111,0.802222,4.2,0,0,,2026-09-19T02:39:19,
2610,run_1789774700_1967,0,2851,-1.1033109494250066,1.1173998867342612,V1_INV_PI,V1_INV_PI,2,0,1.0,200,0.734908,0.721154,0.751362,0.606126,0.561393,0.781497,0.997085,0.0,0.010039,0.372222,0.001111,1.0,3.8,0,0,,2026-09-19T02:39:19,
2611,run_1789774700_1967,0,2852,-0.9119759795665592,0.7757624470640168,V1_INV_PI,V1_INV_PI,2,0,1.0,200,0.761308,0.761093,0.802991,0.610904,0.565031,0.829574,0.998401,0.028925,0.008571,0.354444,0.014444,1.0,3.9,0,0,,2026-09-19T02:39:19,
2612,run_1789774700_1967,0,2853,0.6397591380982619,0.6049018952669598,V1_INV_PI,V1_INV_PI,2,0,1.0,200,0.842082,0.895738,0.888835,0.599099,0.729178,0.905653,0.998217,0.0,0.028249,0.65,0.001111,1.0,3.8,0,0,,2026-09-19T02:39:19,
2613,run_1789774700_1967,0,2854,0.1325894217370669,-0.5325643319931828,V1_INV_PI,V1_INV_PI,2,0,1.0,200,0.814609,0.865369,0.884583,0.601317,0.598174,0.90611,0.998258,0.0,0.101131,0.512222,0.001111,1.0,3.8,0,0,,2026-09-19T02:39:19,
2614,run_1789774700_1967,0,2855,0.8211061759923095,0.4541078819400657,V1_INV_PI,V1_INV_PI,2,0,1.0,200,0.836924,0.890922,0.886701,0.598735,0.7123,0.899306,0.997578,0.0,0.019199,0.7,0.001111,1.0,3.9,0,0,,2026-09-19T02:39:19,
2615,run_1789774700_1967,0,2856,-0.7667065334352022,0.0478202639745855,V1_INV_PI,V1_INV_PI,2,0,1.0,200,0.739329,0.725785,0.800411,0.656249,0.512106,0.755281,0.995173,0.244306,0.013661,0.391111,0.067778,0.608889,4.8,0,0,,2026-09-19T02:39:19,
2616,run_1789774700_1967,0,2857,0.6971003403962612,-1.0672326003706425,V1_INV_PI,V1_INV_PI,2,0,1.0,200,0.809832,0.856305,0.849998,0.598637,0.649235,0.876293,0.99754,0.0,0.019285,0.756667,0.001111,1.0,3.9,0,0,,2026-09-19T02:39:19,
2617,run_1789774700_1967,0,2858,-0.27582492264107095,-0.10845066031517114,V1_INV_PI,V1_INV_PI,2,0,1.0,200,0.810613,0.817155,0.885454,0.701916,0.586,0.881848,0.986939,0.137791,0.062753,0.414444,0.045556,0.876667,4.0,0,0,,2026-09-19T02:39:19,
2618,run_1789774700_1967,0,2859,0.7110086827032873,0.564812514861956,V1_INV_PI,V1_INV_PI,2,0,1.0,200,0.839962,0.893649,0.887904,0.59894,0.722542,0.902977,0.997966,0.0,0.024576,0.668889,0.001111,1.0,3.8,0,0,,2026-09-19T02:39:19,
2619,run_1789774700_1967,0,2860,0.5224957275873909,0.09287115696577697,V1_INV_PI,V1_INV_PI,2,0,1.0,200,0.850484,0.908229,0.894358,0.599704,0.750385,0.913203,0.998528,0.0,0.029562,0.585556,0.001111,1.0,3.9,0,0,,2026-09-19T02:39:19,
2620,run_1789774700_1967,0,2861,0.6967313282417908,-0.20719919106367202,V1_INV_PI,V1_INV_PI,2,0,1.0,200,0.847189,0.903548,0.89597,0.599133,0.739254,0.909473,0.998181,0.0,0.027551,0.642222,0.001111,1.0,3.8,0,0,,2026-09-19T02:39:19,
2621,run_1789774700_1967,0,2862,0.26711722131469706,0.9772996080963015,V1_INV_PI,V1_INV_PI,2,0,1.0,200,0.833534,0.883717,0.872092,0.599781,0.709263,0.903962,0.998935,0.0,0.042394,0.586667,0.001111,1.0,3.8,0,0,,2026-09-19T02:39:19,
2622,run_1789774700_1967,0,2863,0.007766176859639318,0.1212633494458677,V1_INV_PI,V1_INV_PI,2,0,1.0,200,0.695178,0.625126,0.889201,0.615757,0.517464,0.758016,0.812203,0.030573,0.117156,0.466667,0.027778,0.983333,3.9,0,0,,2026-09-19T02:39:19,
2623,run_1789774700_1967,0,2864,-1.1555272955014082,-0.759215545496652,V1_INV_PI,V1_INV_PI,2,0,1.0,200,0.715755,0.686298,0.742056,0.611939,0.540162,0.736114,0.997602,0.020198,0.012069,0.321111,0.001111,1.0,3.9,0,0,,2026-09-19T02:39:19,
2624,run_1789774700_1967,0,2865,-0.9850057787081068,-0.24551110823777067,V1_INV_PI,V1_INV_PI,2,0,1.0,200,0.691993,0.607951,0.747643,0.648437,0.50816,0.701061,0.994734,0.389341,0.018399,0.312222,0.256667,0.988889,4.1,0,0,,2026-09-19T02:39:19,
2625,run_1789774700_1967,0,2866,-1.0790872777718201,-0.8989855363306027,V1_INV_PI,V1_INV_PI,2,0,1.0,200,0.740793,0.730619,0.764962,0.608921,0.564036,0.78497,0.998036,0.003127,0.011036,0.346667,0.001111,1.0,3.9,0,0,,2026-09-19T02:39:19,
2626,run_1789774700_1967,0,2867,-1.451460754806209,0.9562435235827562,V1_INV_PI,V1_INV_PI,2,0,1.0,200,0.674965,0.630546,0.673237,0.60742,0.489534,0.680757,0.997905,0.0,0.011941,0.322222,0.001111,1.0,4.0,0,0,,2026-09-19T02:39:19,
2627,run_1789774700_1967,0,2868,-0.5894194885079316,-0.23281772414590107,V1_INV_PI,V1_INV_PI,2,0,1.0,200,0.788587,0.792517,0.838161,0.700948,0.579576,0.821925,0.995772,0.229851,0.021466,0.362222,0.067778,0.665556,4.4,0,0,,2026-09-19T02:39:19,
2628,run_1789774700_1967,0,2869,-0.7179183791638506,0.13373684904353045,V1_INV_PI,V1_INV_PI,2,0,1.0,200,0.753333,0.744935,0.811295,0.668971,0.530861,0.774449,0.995084,0.244824,0.019276,0.38,0.072222,0.62,4.5,0,0,,2026-09-19T02:39:19,
2629,run_1789774700_1967,0,2870,0.6577093871590192,0.8716954127299033,V1_INV_PI,V1_INV_PI,2,0,1.0,200,0.831116,0.880853,0.875799,0.59885,0.704713,0.895387,0.997935,0.0,0.024162,0.688889,0.001111,1.0,3.8,0,0,,2026-09-19T02:39:19,
2630,run_1789774700_1967,0,2871,-0.4318416875018354,-1.04457706988526,V1_INV_PI,V1_INV_PI,2,0,1.0,200,0.795721,0.82486,0.844886,0.60314,0.593668,0.89033,0.998015,0.0,0.035837,0.452222,0.001111,1.0,4.0,0,0,,2026-09-19T02:39:19,
2631,run_1789774700_1967,0,2872,0.19733588089237641,0.3956959613893134,V1_INV_PI,V1_INV_PI,2,0,1.0,200,0.818385,0.873818,0.888707,0.601129,0.601178,0.909977,0.998545,0.0,0.118627,0.515556,0.001111,1.0,3.8,0,0,,2026-09-19T02:39:19,
2632,run_1789774700_1967,0,2873,-1.0730431739230175,0.23633629934755485,V1_INV_PI,V1_INV_PI,2,0,1.0,200,0.690046,0.600807,0.740185,0.63437,0.512361,0.761548,0.9505,0.295595,0.052208,0.296667,0.178889,0.98,4.0,0,0,,2026-09-19T02:39:19,
2633,run_1789774700_1967,0,2874,-1.1307258778492078,0.674020662119696,V1_INV_PI,V1_INV_PI,2,0,1.0,200,0.704732,0.669758,0.739774,0.613932,0.511641,0.719463,0.997136,0.036909,0.010616,0.317778,0.001111,1.0,4.0,0,0,,2026-09-19T02:39:19,
2634,run_1789774700_1967,0,2875,-0.05873461977464167,-1.1959163123532381,V1_INV_PI,V1_INV_PI,2,0,1.0,200,0.795325,0.82808,0.852494,0.600563,0.577907,0.892591,0.998477,0.0,0.107338,0.543333,0.001111,1.0,3.9,0,0,,2026-09-19T02:39:19,
2635,run_1789774700_1967,0,2876,-0.1740682264299076,0.9830245796067534,V1_INV_PI,V1_INV_PI,2,0,1.0,200,0.804419,0.841646,0.859911,0.601839,0.605709,0.895033,0.997558,0.0,0.070777,0.491111,0.001111,1.0,4.0,0,0,,2026-09-19T02:39:19,
2636,run_1789774700_1967,0,2877,-0.04956423538421517,1.0650342537463031,V1_INV_PI,V1_INV_PI,2,0,1.0,200,0.803034,0.84276,0.85966,0.600897,0.593295,0.896733,0.998378,0.0,0.093427,0.525556,0.001111,1.0,3.8,0,0,,2026-09-19T02:39:19,
2637,run_1789774700_1967,0,2878,-0.46417024189349987,-0.4656471603902297,V1_INV_PI,V1_INV_PI,2,0,1.0,200,0.804198,0.802518,0.871645,0.698549,0.579016,0.884781,0.989798,0.152994,0.039713,0.394444,0.072222,0.867778,4.1,0,0,,2026-09-19T02:39:19,
2638,run_1789774700_1967,0,2879,-1.104784853329488,1.1913006768449643,V1_INV_PI,V1_INV_PI,2,0,1.0,200,0.74272,0.734232,0.75219,0.605223,0.576486,0.796581,0.997265,0.0,0.016344,0.383333,0.001111,1.0,3.8,0,0,,2026-09-19T02:39:19,
2639,run_1789774700_1967,0,2880,-1.0018647289371732,0.754229954573653,V1_INV_PI,V1_INV_PI,2,0,1.0,200,0.745533,0.733209,0.783121,0.612065,0.561135,0.794242,0.997642,0.035313,0.012002,0.336667,0.01,1.0,3.9,0,0,,2026-09-19T02:39:19,
2640,run_1789774700_1967,0,2881,0.060401505218848905,0.9973918924108138,V1_INV_PI,V1_INV_PI,2,0,1.0,200,0.817981,0.867994,0.866518,0.600544,0.637388,0.903101,0.998999,0.0,0.085389,0.542222,0.001111,1.0,3.8,0,0,,2026-09-19T02:39:19,
2641,run_1789774700_1967,0,2882,-0.4580303655218494,0.22157055855401353,V1_INV_PI,V1_INV_PI,2,0,1.0,200,0.839213,0.864211,0.871077,0.741013,0.640017,0.902633,0.999661,0.198964,0.025275,0.384444,0.054444,0.766667,4.9,0,0,,2026-09-19T02:39:19,
2642,run_1789774700_1967,0,2883,0.32356153170900837,0.7715639688577611,V1_INV_PI,V1_INV_PI,2,0,1.0,200,0.839927,0.893942,0.880898,0.599903,0.721218,0.908745,0.998846,0.0,0.040428,0.574444,0.001111,1.0,5.2,0,0,,2026-09-19T02:39:19,
2643,run_1789774700_1967,0,2884,-0.16366538175074696,0.8967178447421291,V1_INV_PI,V1_INV_PI,2,0,1.0,200,0.793108,0.817806,0.864684,0.602253,0.57049,0.891236,0.995715,0.005697,0.077742,0.48,0.001111,1.0,3.9,0,0,,2026-09-19T02:39:19,
2644,run_1789774700_1967,0,2885,-0.43887552181066036,0.3311045896118934,V1_INV_PI,V1_INV_PI,2,0,1.0,200,0.828129,0.847304,0.875269,0.725749,0.608591,0.9008,0.998278,0.167564,0.036293,0.392222,0.058889,0.824444,4.2,0,0,,2026-09-19T02:39:19,
2645,run_1789774700_1967,0,2886,-0.30278708321910885,1.1505424978844612,V1_INV_PI,V1_INV_PI,2,0,1.0,200,0.783135,0.798179,0.844702,0.601878,0.563052,0.884313,0.996658,0.005697,0.03204,0.492222,0.001111,1.0,3.9,0,0,,2026-09-19T02:39:19,
2646,run_1789774700_1967,0,2887,-0.3550945326113364,-0.8532875683514136,V1_INV_PI,V1_INV_PI,2,0,1.0,200,0.786595,0.797243,0.859352,0.604137,0.560995,0.896431,0.994317,0.015528,0.022747,0.442222,0.005556,1.0,4.1,0,0,,2026-09-19T02:39:19,
2647,run_1789774700_1967,0,2888,0.5345798309851402,-0.45543667510826547,V1_INV_PI,V1_INV_PI,2,0,1.0,200,0.847799,0.903148,0.891406,0.599509,0.74654,0.910733,0.998559,0.0,0.026629,0.604444,0.001111,1.0,3.8,0,0,,2026-09-19T02:39:19,
2648,run_1789774700_1967,0,2889,0.08965295983061305,-1.09457178204352,V1_INV_PI,V1_INV_PI,2,0,1.0,200,0.817981,0.867186,0.862252,0.600189,0.645668,0.900674,0.999112,0.0,0.072347,0.56,0.001111,1.0,3.8,0,0,,2026-09-19T02:39:19,
2649,run_1789774700_1967,0,2890,-0.48599021994533986,0.6503593789707016,V1_INV_PI,V1_INV_PI,2,0,1.0,200,0.760975,0.725446,0.864155,0.617036,0.543538,0.86267,0.976688,0.113599,0.054849,0.401111,0.107778,1.0,3.9,0,0,,2026-09-19T02:39:19,
2650,run_1789774700_1967,0,2891,-0.8216486382258104,0.735105845188297,V1_INV_PI,V1_INV_PI,2,0,1.0,200,0.772195,0.779508,0.816923,0.611614,0.575368,0.847702,0.99718,0.051354,0.016112,0.358889,0.01,1.0,3.9,0,0,,2026-09-19T02:39:19,
2651,run_1789774700_1967,0,2892,0.25922727951090563,0.2920652306366738,V1_INV_PI,V1_INV_PI,2,0,1.0,200,0.821808,0.881211,0.891346,0.60087,0.606029,0.913074,0.998719,0.0,0.105032,0.526667,0.001111,1.0,3.8,0,0,,2026-09-19T02:39:19,
2652,run_1789774700_1967,0,2893,0.2631111100953334,-0.6554359557358951,V1_INV_PI,V1_INV_PI,2,0,1.0,200,0.833065,0.892668,0.883484,0.60033,0.672691,0.910627,0.998856,0.0,0.062373,0.551111,0.001111,1.0,3.8,0,0,,2026-09-19T02:39:19,
2653,run_1789774700_1967,0,2894,-0.5685437013618497,0.8331767440637619,V1_INV_PI,V1_INV_PI,2,0,1.0,200,0.785217,0.794796,0.849077,0.606989,0.567753,0.89104,0.995258,0.042897,0.023745,0.405556,0.014444,1.0,4.0,0,0,,2026-09-19T02:39:19,
2654,run_1789774700_1967,0,2895,0.5670809602322944,0.6133137661029935,V1_INV_PI,V1_INV_PI,2,0,1.0,200,0.843673,0.897717,0.888606,0.599296,0.734119,0.907824,0.998448,0.0,0.031512,0.623333,0.001111,1.0,3.8,0,0,,2026-09-19T02:39:19,
2655,run_1789774700_1967,0,2896,-0.7949665492898803,-1.070762191500547,V1_INV_PI,V1_INV_PI,2,0,1.0,200,0.775203,0.788964,0.811608,0.60529,0.577341,0.860337,0.998501,0.003127,0.018963,0.404444,0.001111,1.0,4.5,0,0,,2026-09-19T02:39:19,
2656,run_1789774700_1967,0,2897,-0.8446832642287747,0.47058179422181956,V1_INV_PI,V1_INV_PI,2,0,1.0,200,0.748953,0.737102,0.803086,0.635273,0.537099,0.791885,0.997172,0.298327,0.013068,0.338889,0.183333,1.0,3.9,0,0,,2026-09-19T02:39:19,
2657,run_1789774700_1967,0,2898,0.27463935864416644,0.7530412225349279,V1_INV_PI,V1_INV_PI,2,0,1.0,200,0.836855,0.89289,0.880805,0.600122,0.701731,0.909344,0.998883,0.0,0.04989,0.56,0.001111,1.0,4.1,0,0,,2026-09-19T02:39:19,
2658,run_1789774700_1967,0,2899,-0.4726639360356364,0.5456150834968005,V1_INV_PI,V1_INV_PI,2,0,1.0,200,0.777583,0.749046,0.868714,0.669393,0.556827,0.861685,0.978861,0.114739,0.041278,0.395556,0.067778,0.91,4.0,0,0,,2026-09-19T02:39:19,
2659,run_1789774700_1967,0,2900,-0.7812286128504426,-0.742247119946166,V1_INV_PI,V1_INV_PI,2,0,1.0,200,0.775084,0.782759,0.823781,0.611149,0.569094,0.86175,0.996857,0.053097,0.023084,0.365556,0.01,1.0,3.9,0,0,,2026-09-19T02:39:19,
2660,run_1789774700_1967,0,2901,-1.2408535703332149,0.8061027961760503,V1_INV_PI,V1_INV_PI,2,0,1.0,200,0.703952,0.667765,0.722318,0.610733,0.529889,0.718884,0.998249,0.012404,0.006849,0.318889,0.001111,1.0,3.9,0,0,,2026-09-19T02:39:19,
2661,run_1789774700_1967,0,2902,0.05761152374055989,-0.3788923183292733,V1_INV_PI,V1_INV_PI,2,0,1.0,200,0.67949,0.601562,0.886813,0.608703,0.513106,0.731437,0.787274,0.016418,0.120002,0.486667,0.018889,0.992222,3.9,0,0,,2026-09-19T02:39:20,
2662,run_1789774700_1967,0,2903,-0.5875968329259669,-0.13373994997259198,V1_INV_PI,V1_INV_PI,2,0,1.0,200,0.779778,0.781488,0.833295,0.693203,0.566336,0.808399,0.994804,0.233764,0.01923,0.361111,0.067778,0.648889,4.5,0,0,,2026-09-19T02:39:20,
2663,run_1789774700_1967,0,2904,-0.6353193885406031,-0.01337672103584997,V1_INV_PI,V1_INV_PI,2,0,1.0,200,0.763557,0.761522,0.821628,0.679065,0.537658,0.788343,0.994481,0.238506,0.027024,0.374444,0.067778,0.625556,4.5,0,0,,2026-09-19T02:39:20,
2664,run_1789774700_1967,0,2905,0.08269374818808561,0.8608549604792055,V1_INV_PI,V1_INV_PI,2,0,1.0,200,0.818365,0.870139,0.873101,0.600794,0.627283,0.905482,0.998876,0.0,0.090366,0.526667,0.001111,1.0,3.8,0,0,,2026-09-19T02:39:20,
2665,run_1789774700_1967,0,2906,0.4747756954040012,0.4062341447538407,V1_INV_PI,V1_INV_PI,2,0,1.0,200,0.848857,0.905525,0.892077,0.599742,0.746697,0.912703,0.99862,0.0,0.031757,0.586667,0.001111,1.0,3.9,0,0,,2026-09-19T02:39:20,
2666,run_1789774700_1967,0,2907,0.98726931764871,-0.5298205352126876,V1_INV_PI,V1_INV_PI,2,0,1.0,200,0.813757,0.863014,0.858405,0.598425,0.658407,0.874709,0.996744,0.0,0.011748,0.803333,0.001111,1.0,3.9,0,0,,2026-09-19T02:39:20,
2667,run_1789774700_1967,0,2908,0.3772348055640249,1.0670868539121015,V1_INV_PI,V1_INV_PI,2,0,1.0,200,0.832088,0.878304,0.870948,0.599332,0.715737,0.898703,0.998688,0.0,0.036063,0.631111,0.001111,1.0,3.8,0,0,,2026-09-19T02:39:20,
2668,run_1789774700_1967,0,2909,0.7246764127690382,-1.1603313092176746,V1_INV_PI,V1_INV_PI,2,0,1.0,200,0.806065,0.846292,0.842263,0.598532,0.658037,0.867195,0.997252,0.0,0.016462,0.801111,0.001111,1.0,4.1,0,0,,2026-09-19T02:39:20,
2669,run_1789774700_1967,0,2910,0.3417445397652332,0.669959307614622,V1_INV_PI,V1_INV_PI,2,0,1.0,200,0.841875,0.897799,0.884386,0.599975,0.722511,0.910494,0.998803,0.0,0.041345,0.567778,0.001111,1.0,3.8,0,0,,2026-09-19T02:39:20,
2670,run_1789774700_1967,0,2911,0.8155495647845976,-1.0551657478058434,V1_INV_PI,V1_INV_PI,2,0,1.0,200,0.808473,0.850261,0.847055,0.598449,0.661372,0.86884,0.997004,0.0,0.013857,0.81,0.001111,1.0,3.9,0,0,,2026-09-19T02:39:20,
2671,run_1789774700_1967,0,2912,-0.2778489032894216,1.0446571955451611,V1_INV_PI,V1_INV_PI,2,0,1.0,200,0.791263,0.815539,0.852647,0.602248,0.573665,0.890553,0.996742,0.005697,0.037198,0.477778,0.001111,1.0,4.0,0,0,,2026-09-19T02:39:20,
2672,run_1789774700_1967,0,2913,-1.181204721843693,-0.2704987632075352,V1_INV_PI,V1_INV_PI,2,0,1.0,200,0.674048,0.60621,0.702313,0.626273,0.491781,0.665531,0.997406,0.238331,0.023467,0.283333,0.116667,1.0,5.2,0,0,,2026-09-19T02:39:20,
2673,run_1789774700_1967,0,2914,0.9198790561241887,-0.48205615846157857,V1_INV_PI,V1_INV_PI,2,0,1.0,200,0.823984,0.877098,0.872636,0.598535,0.675655,0.887524,0.997047,0.0,0.013713,0.751111,0.001111,1.0,3.9,0,0,,2026-09-19T02:39:20,
2674,run_1789774700_1967,0,2915,0.6181094171100954,-0.7598225666163412,V1_INV_PI,V1_INV_PI,2,0,1.0,200,0.838061,0.889522,0.883529,0.59904,0.721877,0.901918,0.998172,0.0,0.027604,0.662222,0.001111,1.0,3.9,0,0,,2026-09-19T02:39:20,
2675,run_1789774700_1967,0,2916,0.3707889712889212,1.047636834175839,V1_INV_PI,V1_INV_PI,2,0,1.0,200,0.832831,0.879897,0.872249,0.599377,0.715405,0.899958,0.998724,0.0,0.036854,0.626667,0.001111,1.0,3.9,0,0,,2026-09-19T02:39:20,
2676,run_1789774700_1967,0,2917,-0.5418906952123401,0.2128366862517812,V1_INV_PI,V1_INV_PI,2,0,1.0,200,0.797297,0.8042,0.845822,0.709059,0.590815,0.833063,0.996225,0.223931,0.013632,0.374444,0.067778,0.687778,4.4,0,0,,2026-09-19T02:39:20,
2677,run_1789774700_1967,0,2918,0.12224061588647173,-1.1243154102949797,V1_INV_PI,V1_INV_PI,2,0,1.0,200,0.823582,0.871242,0.861825,0.599995,0.677479,0.900042,0.999137,0.0,0.056868,0.571111,0.001111,1.0,3.9,0,0,,2026-09-19T02:39:20,
2678,run_1789774700_1967,0,2919,-0.8584691977449561,-1.0241885023969173,V1_INV_PI,V1_INV_PI,2,0,1.0,200,0.774312,0.789469,0.804915,0.606062,0.585303,0.851439,0.998581,0.003127,0.015598,0.387778,0.001111,1.0,3.9,0,0,,2026-09-19T02:39:20,
2679,run_1789774700_1967,0,2920,-0.9576695697358657,-0.4059845359490041,V1_INV_PI,V1_INV_PI,2,0,1.0,200,0.727034,0.701833,0.776929,0.631047,0.523399,0.748271,0.997526,0.265377,0.011499,0.317778,0.161111,1.0,3.9,0,0,,2026-09-19T02:39:20,
2680,run_1789774700_1967,0,2921,-1.2808998691800284,0.12159718867549651,V1_INV_PI,V1_INV_PI,2,0,1.0,200,0.599655,0.489605,0.659084,0.593034,0.409863,0.520575,0.999139,0.395763,0.012707,0.267778,0.325556,0.99,4.3,0,0,,2026-09-19T02:39:20,
2681,run_1789774700_1967,0,2922,-0.8539207591173179,0.5704432340145345,V1_INV_PI,V1_INV_PI,2,0,1.0,200,0.732021,0.710155,0.793192,0.621943,0.513357,0.771731,0.996328,0.195967,0.011967,0.341111,0.121111,1.0,4.7,0,0,,2026-09-19T02:39:20,
2682,run_1789774700_1967,0,2923,0.8255067982984818,-0.4074356197121962,V1_INV_PI,V1_INV_PI,2,0,1.0,200,0.837599,0.89196,0.887818,0.598742,0.713369,0.899905,0.997561,0.0,0.019352,0.696667,0.001111,1.0,3.9,0,0,,2026-09-19T02:39:20,
2683,run_1789774700_1967,0,2924,0.05698947268004195,-0.07464689023698812,V1_INV_PI,V1_INV_PI,2,0,1.0,200,0.684882,0.608597,0.890597,0.611122,0.514144,0.753678,0.782011,0.022018,0.177843,0.476667,0.023333,0.988889,3.9,0,0,,2026-09-19T02:39:20,
2684,run_1789774700_1967,0,2925,0.025963091592893672,-0.9891413358448666,V1_INV_PI,V1_INV_PI,2,0,1.0,200,0.812616,0.860173,0.865881,0.600743,0.616669,0.90172,0.998806,0.0,0.09491,0.532222,0.001111,1.0,4.3,0,0,,2026-09-19T02:39:20,
2685,run_1789774700_1967,0,2926,-1.0519856685787365,0.262664028600577,V1_INV_PI,V1_INV_PI,2,0,1.0,200,0.706103,0.641485,0.7552,0.632369,0.511267,0.744328,0.995049,0.289049,0.01492,0.303333,0.152222,1.0,4.0,0,0,,2026-09-19T02:39:20,
2686,run_1789774700_1967,0,2927,-0.5360985442830039,-0.35523195547329633,V1_INV_PI,V1_INV_PI,2,0,1.0,200,0.829073,0.847129,0.865055,0.731634,0.622451,0.896587,0.999547,0.193069,0.030846,0.377778,0.058889,0.78,4.3,0,0,,2026-09-19T02:39:20,
2687,run_1789774700_1967,0,2928,-1.3977972770631164,1.0781319666157503,V1_INV_PI,V1_INV_PI,2,0,1.0,200,0.686361,0.647962,0.686047,0.606404,0.501547,0.704253,0.997551,0.0,0.012881,0.343333,0.001111,1.0,3.9,0,0,,2026-09-19T02:39:20,
2688,run_1789774700_1967,0,2929,-1.07851835997259,0.36173360618114825,V1_INV_PI,V1_INV_PI,2,0,1.0,200,0.707702,0.673324,0.746445,0.624063,0.508664,0.718557,0.998079,0.183228,0.009231,0.298889,0.085556,1.0,4.1,0,0,,2026-09-19T02:39:20,
2689,run_1789774700_1967,0,2930,-0.8040848665034306,-0.6668597913963096,V1_INV_PI,V1_INV_PI,2,0,1.0,200,0.760558,0.752539,0.813983,0.616094,0.55952,0.831374,0.995181,0.127889,0.015865,0.354444,0.081111,1.0,3.9,0,0,,2026-09-19T02:39:20,
2690,run_1789774700_1967,0,2931,-1.4553644477026813,-0.9428143717148292,V1_INV_PI,V1_INV_PI,2,0,1.0,200,0.673305,0.627462,0.672161,0.607539,0.488227,0.67704,0.997966,0.003127,0.011509,0.318889,0.001111,1.0,3.8,0,0,,2026-09-19T02:39:20,
2691,run_1789774700_1967,0,2932,-1.2005105211211555,-1.0264917227553103,V1_INV_PI,V1_INV_PI,2,0,1.0,200,0.699968,0.666382,0.724301,0.607708,0.504903,0.72145,0.997457,0.003127,0.011396,0.35,0.001111,1.0,3.9,0,0,,2026-09-19T02:39:20,
2692,run_1789774700_1967,0,2933,-0.38360974173763207,-1.1542402736914676,V1_INV_PI,V1_INV_PI,2,0,1.0,200,0.790147,0.816285,0.840555,0.602237,0.581599,0.885081,0.997699,0.003127,0.050942,0.474444,0.001111,1.0,3.9,0,0,,2026-09-19T02:39:20,
2693,run_1789774700_1967,0,2934,0.545437206267644,0.751061679932266,V1_INV_PI,V1_INV_PI,2,0,1.0,200,0.84049,0.892679,0.884916,0.59924,0.727571,0.905307,0.998435,0.0,0.032217,0.634444,0.001111,1.0,3.8,0,0,,2026-09-19T02:39:20,
2694,run_1789774700_1967,0,2935,0.7455171271859111,0.5042288226390115,V1_INV_PI,V1_INV_PI,2,0,1.0,200,0.839992,0.894088,0.888936,0.598889,0.721377,0.902741,0.997858,0.0,0.022952,0.675556,0.001111,1.0,3.9,0,0,,2026-09-19T02:39:20,
2695,run_1789774700_1967,0,2936,-1.2333616474403506,0.8954371569614594,V1_INV_PI,V1_INV_PI,2,0,1.0,200,0.705996,0.672167,0.72347,0.609358,0.527645,0.727524,0.998363,0.010281,0.011662,0.331111,0.001111,1.0,3.9,0,0,,2026-09-19T02:39:20,
2696,run_1789774700_1967,0,2937,-0.6553075923904117,-0.5017536183746448,V1_INV_PI,V1_INV_PI,2,0,1.0,200,0.792245,0.788716,0.847833,0.664853,0.584982,0.876343,0.993092,0.281015,0.021909,0.367778,0.265556,1.0,4.3,0,0,,2026-09-19T02:39:20,
2697,run_1789774700_1967,0,2938,0.343433968239103,0.6390539851393602,V1_INV_PI,V1_INV_PI,2,0,1.0,200,0.841922,0.89828,0.884679,0.600006,0.721657,0.910568,0.99877,0.0,0.041836,0.565556,0.001111,1.0,3.8,0,0,,2026-09-19T02:39:20,
2698,run_1789774700_1967,0,2939,-0.3332591885110243,-0.8476961530056948,V1_INV_PI,V1_INV_PI,2,0,1.0,200,0.778987,0.77625,0.860511,0.604017,0.548773,0.894044,0.992154,0.011183,0.006533,0.445556,0.01,1.0,3.9,0,0,,2026-09-19T02:39:20,
2699,run_1789774700_1967,0,2940,-0.693263112760288,-1.1029276473785299,V1_INV_PI,V1_INV_PI,2,0,1.0,200,0.784284,0.805032,0.821254,0.604341,0.590036,0.872809,0.998398,0.003127,0.04054,0.421111,0.001111,1.0,3.9,0,0,,2026-09-19T02:39:20,
2700,run_1789774700_1967,0,2941,0.10350320176844674,0.3790653693483099,V1_INV_PI,V1_INV_PI,2,0,1.0,200,0.668199,0.587235,0.887699,0.60476,0.509816,0.740029,0.733628,0.008058,0.061692,0.493333,0.01,0.996667,4.5,0,0,,2026-09-19T02:39:20,
2701,run_1789774700_1967,0,2942,0.0001251747167949624,-0.447052027143527,V1_INV_PI,V1_INV_PI,2,0,1.0,200,0.684479,0.603407,0.884688,0.609064,0.513539,0.739376,0.810848,0.016418,0.112234,0.475556,0.023333,0.992222,4.9,0,0,,2026-09-19T02:39:20,
2702,run_1789774700_1967,0,2943,-0.7311151116213106,-0.37618276564578623,V1_INV_PI,V1_INV_PI,2,0,1.0,200,0.788904,0.774824,0.83192,0.738314,0.581661,0.818128,0.997962,0.459591,0.015033,0.35,0.43,0.998889,4.2,0,0,,2026-09-19T02:39:20,
2703,run_1789774700_1967,0,2944,-1.4314170401749684,0.47138843248455986,V1_INV_PI,V1_INV_PI,2,0,1.0,200,0.63744,0.561226,0.650343,0.61441,0.455985,0.595234,0.998249,0.036909,0.012316,0.268889,0.01,1.0,3.9,0,0,,2026-09-19T02:39:20,
2704,run_1789774700_1967,0,2945,0.023250706103055352,0.060231220513638606,V1_INV_PI,V1_INV_PI,2,0,1.0,200,0.696312,0.624077,0.889721,0.615547,0.517799,0.760132,0.818755,0.030573,0.106072,0.472222,0.032222,0.983333,3.9,0,0,,2026-09-19T02:39:20,
2705,run_1789774700_1967,0,2946,-0.4652447002295077,0.04626265725585155,V1_INV_PI,V1_INV_PI,2,0,1.0,200,0.798227,0.806424,0.850559,0.710329,0.589542,0.831282,0.995759,0.224974,0.016985,0.38,0.067778,0.694444,4.4,0,0,,2026-09-19T02:39:20,
2706,run_1789774700_1967,0,2947,-0.16731583734218014,0.04610857529233803,V1_INV_PI,V1_INV_PI,2,0,1.0,200,0.761616,0.721703,0.888512,0.652496,0.549616,0.83112,0.952856,0.084051,0.05681,0.432222,0.045556,0.937778,4.0,0,0,,2026-09-19T02:39:20,
2707,run_1789774700_1967,0,2948,-0.24164960259840673,-0.2552822681068416,V1_INV_PI,V1_INV_PI,2,0,1.0,200,0.772063,0.743135,0.88471,0.66299,0.55559,0.840382,0.964856,0.09658,0.05284,0.422222,0.05,0.924444,4.0,0,0,,2026-09-19T02:39:20,
2708,run_1789774700_1967,0,2949,-0.5539773802491141,0.5064940809973439,V1_INV_PI,V1_INV_PI,2,0,1.0,200,0.803981,0.802725,0.863735,0.701299,0.579897,0.88401,0.993057,0.156097,0.038836,0.382222,0.078889,0.856667,4.1,0,0,,2026-09-19T02:39:20,
2709,run_1789774700_1967,0,2950,0.8970012324863821,-0.8757774170543148,V1_INV_PI,V1_INV_PI,2,0,1.0,200,0.811155,0.855844,0.852309,0.598424,0.662239,0.871477,0.996844,0.0,0.012125,0.811111,0.001111,1.0,4.0,0,0,,2026-09-19T02:39:20,
2710,run_1789774700_1967,0,2951,-1.115802704595635,-0.9903773310276611,V1_INV_PI,V1_INV_PI,2,0,1.0,200,0.73036,0.714839,0.750094,0.60772,0.554127,0.76811,0.997616,0.0,0.009857,0.351111,0.001111,1.0,3.9,0,0,,2026-09-19T02:39:20,
2711,run_1789774700_1967,0,2952,-0.575071344436916,0.031191308098204917,V1_INV_PI,V1_INV_PI,2,0,1.0,200,0.773657,0.774707,0.831044,0.688742,0.551524,0.800822,0.994402,0.234733,0.025477,0.363333,0.067778,0.644444,5.5,0,0,,2026-09-19T02:39:20,
2712,run_1789774700_1967,0,2953,-1.0805521876521187,0.3350649313794738,V1_INV_PI,V1_INV_PI,2,0,1.0,200,0.707052,0.673134,0.744323,0.62476,0.508358,0.716326,0.998019,0.202949,0.011261,0.298889,0.063333,1.0,4.0,0,0,,2026-09-19T02:39:20,
2713,run_1789774700_1967,0,2954,0.8258986105209254,-0.9021412038382304,V1_INV_PI,V1_INV_PI,2,0,1.0,200,0.809922,0.856275,0.850382,0.598531,0.653574,0.872696,0.997174,0.0,0.015023,0.783333,0.001111,1.0,4.2,0,0,,2026-09-19T02:39:20,
2714,run_1789774700_1967,0,2955,-0.9990370322434923,-0.08714758473054718,V1_INV_PI,V1_INV_PI,2,0,1.0,200,0.679205,0.624693,0.747718,0.605441,0.475026,0.661587,0.997106,0.289053,0.011883,0.348889,0.143333,0.651111,4.8,0,0,,2026-09-19T02:39:20,
2715,run_1789774700_1967,0,2956,-1.0390041091499687,-0.3433538831612114,V1_INV_PI,V1_INV_PI,2,0,1.0,200,0.715937,0.683635,0.758556,0.62823,0.520939,0.728175,0.997623,0.242796,0.011906,0.303333,0.118889,1.0,4.0,0,0,,2026-09-19T02:39:20,
2716,run_1789774700_1967,0,2957,-0.5351374341687698,0.9572112910834225,V1_INV_PI,V1_INV_PI,2,0,1.0,200,0.788443,0.807869,0.843582,0.604703,0.5746,0.889335,0.997619,0.010281,0.017883,0.424444,0.001111,1.0,4.4,0,0,,2026-09-19T02:39:20,
2717,run_1789774700_1967,0,2958,-0.11073817807099307,-0.10511558244074326,V1_INV_PI,V1_INV_PI,2,0,1.0,200,0.734097,0.68291,0.889001,0.63574,0.536698,0.791782,0.902578,0.061841,0.077411,0.447778,0.036667,0.958889,4.2,0,0,,2026-09-19T02:39:20,
2718,run_1789774700_1967,0,2959,-1.215719862835713,0.7218914286074372,V1_INV_PI,V1_INV_PI,2,0,1.0,200,0.692633,0.645235,0.721375,0.612786,0.514552,0.695506,0.99794,0.033789,0.014855,0.311111,0.005556,1.0,3.9,0,0,,2026-09-19T02:39:20,
2719,run_1789774700_1967,0,2960,0.5990451994557056,-1.0529506425913748,V1_INV_PI,V1_INV_PI,2,0,1.0,200,0.825396,0.871768,0.867188,0.598819,0.695499,0.890232,0.997954,0.0,0.024602,0.701111,0.001111,1.0,4.0,0,0,,2026-09-19T02:39:20,
2720,run_1789774700_1967,0,2961,-1.4335578949771233,0.6008064750413291,V1_INV_PI,V1_INV_PI,2,0,1.0,200,0.635179,0.561267,0.653695,0.612413,0.435048,0.599426,0.998501,0.018333,0.009761,0.278889,0.001111,1.0,4.0,0,0,,2026-09-19T02:39:20,
2721,run_1789774700_1967,0,2962,0.7296171044003228,-0.3818596201928147,V1_INV_PI,V1_INV_PI,2,0,1.0,200,0.843575,0.898758,0.892491,0.598982,0.7304,0.906018,0.998009,0.0,0.024936,0.66,0.001111,1.0,3.9,0,0,,2026-09-19T02:39:20,
2722,run_1789774700_1967,0,2963,0.9906035137889009,-1.1556608604508547,V1_INV_PI,V1_INV_PI,2,0,1.0,200,0.816801,0.856408,0.859134,0.598077,0.688434,0.875918,0.996433,0.0,0.011998,0.88,0.001111,1.0,3.9,0,0,,2026-09-19T02:39:21,
2723,run_1789774700_1967,0,2964,0.41293177698193007,0.28264442821505287,V1_INV_PI,V1_INV_PI,2,0,1.0,200,0.847761,0.906995,0.892658,0.600063,0.734766,0.913956,0.998639,0.0,0.038788,0.565556,0.001111,1.0,3.9,0,0,,2026-09-19T02:39:21,
2724,run_1789774700_1967,0,2965,0.32182418297848203,-0.3885402890015711,V1_INV_PI,V1_INV_PI,2,0,1.0,200,0.83931,0.901538,0.89071,0.600399,0.689151,0.913821,0.998757,0.0,0.057951,0.546667,0.001111,1.0,3.9,0,0,,2026-09-19T02:39:21,
2725,run_1789774700_1967,0,2966,0.8635314477713827,0.43749925874259654,V1_INV_PI,V1_INV_PI,2,0,1.0,200,0.833761,0.887599,0.883676,0.59865,0.703139,0.896227,0.997382,0.0,0.017008,0.715556,0.001111,1.0,3.9,0,0,,2026-09-19T02:39:21,
2726,run_1789774700_1967,0,2967,-0.9599562403715631,0.32933948284648773,V1_INV_PI,V1_INV_PI,2,0,1.0,200,0.72695,0.699903,0.775846,0.638588,0.527499,0.740076,0.997821,0.312503,0.010765,0.313333,0.147778,1.0,4.0,0,0,,2026-09-19T02:39:21,
2727,run_1789774700_1967,0,2968,-0.6007577918102713,-0.7846713682052955,V1_INV_PI,V1_INV_PI,2,0,1.0,200,0.781888,0.783107,0.848882,0.608621,0.564546,0.894,0.99136,0.066237,0.034014,0.396667,0.027778,1.0,4.2,0,0,,2026-09-19T02:39:21,
2728,run_1789774700_1967,0,2969,0.1677464770610848,-0.08508932416921766,V1_INV_PI,V1_INV_PI,2,0,1.0,200,0.812908,0.859472,0.891898,0.601701,0.586503,0.909432,0.997398,0.003127,0.118393,0.502222,0.001111,1.0,4.1,0,0,,2026-09-19T02:39:21,
2729,run_1789774700_1967,0,2970,-1.1219157282666787,-0.5128543012448854,V1_INV_PI,V1_INV_PI,2,0,1.0,200,0.703396,0.667319,0.735763,0.618137,0.512048,0.713578,0.997582,0.08162,0.011409,0.307778,0.01,1.0,3.9,0,0,,2026-09-19T02:39:21,
2730,run_1789774700_1967,0,2971,0.8901771565563696,-0.0531031852378927,V1_INV_PI,V1_INV_PI,2,0,1.0,200,0.836169,0.892112,0.887944,0.598671,0.70491,0.898704,0.997379,0.0,0.017227,0.71,0.001111,1.0,3.8,0,0,,2026-09-19T02:39:21,
2731,run_1789774700_1967,0,2972,-0.3189535402645691,0.36068956691085385,V1_INV_PI,V1_INV_PI,2,0,1.0,200,0.778948,0.753234,0.880996,0.668922,0.5609,0.851568,0.975212,0.104412,0.050811,0.416667,0.054444,0.915556,4.0,0,0,,2026-09-19T02:39:21,
2732,run_1789774700_1967,0,2973,0.14381123105061921,0.3664975352545563,V1_INV_PI,V1_INV_PI,2,0,1.0,200,0.704574,0.57813,0.888484,0.603217,0.508426,0.796307,0.937176,0.008823,0.003007,0.502222,0.01,0.997778,3.8,0,0,,2026-09-19T02:39:21,
2733,run_1789774700_1967,0,2974,0.3941176323808495,-0.5785757691963715,V1_INV_PI,V1_INV_PI,2,0,1.0,200,0.844747,0.900768,0.886712,0.599886,0.733961,0.911052,0.998757,0.0,0.036638,0.574444,0.001111,1.0,4.0,0,0,,2026-09-19T02:39:21,
2734,run_1789774700_1967,0,2975,-1.4025286188045258,0.043824362961216945,V1_INV_PI,V1_INV_PI,2,0,1.0,200,0.588256,0.462576,0.637208,0.620334,0.403414,0.490368,0.999422,0.445126,0.007613,0.257778,0.398889,1.0,4.1,0,0,,2026-09-19T02:39:21,
2735,run_1789774700_1967,0,2976,-0.3032610661774351,-0.8158994886868669,V1_INV_PI,V1_INV_PI,2,0,1.0,200,0.730847,0.648006,0.863368,0.605357,0.51885,0.868275,0.936454,0.017642,0.033305,0.45,0.023333,1.0,3.9,0,0,,2026-09-19T02:39:21,
2736,run_1789774700_1967,0,2977,0.7483892678486255,-0.865091518280477,V1_INV_PI,V1_INV_PI,2,0,1.0,200,0.824442,0.873856,0.869171,0.598668,0.685789,0.888695,0.997531,0.0,0.019346,0.725556,0.001111,1.0,4.7,0,0,,2026-09-19T02:39:21,
2737,run_1789774700_1967,0,2978,0.5431792196915346,0.39800407548423244,V1_INV_PI,V1_INV_PI,2,0,1.0,200,0.848326,0.904228,0.892117,0.59952,0.7471,0.911173,0.998552,0.0,0.026574,0.604444,0.001111,1.0,3.9,0,0,,2026-09-19T02:39:21,
2738,run_1789774700_1967,0,2979,0.4395748398653083,0.7334184599313018,V1_INV_PI,V1_INV_PI,2,0,1.0,200,0.842924,0.8958,0.884847,0.599566,0.735276,0.908112,0.998692,0.0,0.02994,0.604444,0.001111,1.0,3.9,0,0,,2026-09-19T02:39:21,
2739,run_1789774700_1967,0,2980,0.5774672448993878,-0.972738245889192,V1_INV_PI,V1_INV_PI,2,0,1.0,200,0.830417,0.8787,0.873074,0.598939,0.705987,0.895469,0.998143,0.0,0.027183,0.675556,0.001111,1.0,3.9,0,0,,2026-09-19T02:39:21,
2740,run_1789774700_1967,0,2981,0.8190305946655045,0.661562037285361,V1_INV_PI,V1_INV_PI,2,0,1.0,200,0.828969,0.880675,0.876718,0.598651,0.693846,0.892081,0.997374,0.0,0.017461,0.725556,0.001111,1.0,3.9,0,0,,2026-09-19T02:39:21,
2741,run_1789774700_1967,0,2982,-0.11102656309071524,-0.32794394368690816,V1_INV_PI,V1_INV_PI,2,0,1.0,200,0.720011,0.660656,0.886381,0.627141,0.528256,0.767241,0.889961,0.048598,0.051992,0.448889,0.041111,0.97,3.9,0,0,,2026-09-19T02:39:21,
2742,run_1789774700_1967,0,2983,-1.122533471548824,0.26345162056539695,V1_INV_PI,V1_INV_PI,2,0,1.0,200,0.678474,0.602582,0.718873,0.628263,0.495038,0.685666,0.991014,0.274622,0.08124,0.292222,0.125556,1.0,3.9,0,0,,2026-09-19T02:39:21,
2743,run_1789774700_1967,0,2984,-0.8549507772012188,0.5992791657539867,V1_INV_PI,V1_INV_PI,2,0,1.0,200,0.738451,0.719181,0.797505,0.620042,0.530672,0.780067,0.996083,0.171632,0.013178,0.345556,0.141111,1.0,4.2,0,0,,2026-09-19T02:39:21,
2744,run_1789774700_1967,0,2985,-0.396911591622668,0.7421154752494663,V1_INV_PI,V1_INV_PI,2,0,1.0,200,0.763757,0.733372,0.86429,0.606969,0.537808,0.882864,0.977499,0.03473,0.008163,0.423333,0.038889,1.0,3.8,0,0,,2026-09-19T02:39:21,
2745,run_1789774700_1967,0,2986,-0.9493643719311898,-0.5859624089516021,V1_INV_PI,V1_INV_PI,2,0,1.0,200,0.736953,0.720375,0.783861,0.618114,0.536864,0.775942,0.997614,0.1202,0.011189,0.333333,0.05,1.0,3.9,0,0,,2026-09-19T02:39:21,
2746,run_1789774700_1967,0,2987,-0.7745556405368956,-0.8373610880705176,V1_INV_PI,V1_INV_PI,2,0,1.0,200,0.78418,0.802522,0.825801,0.60839,0.588971,0.869224,0.997942,0.016418,0.021485,0.375556,0.001111,1.0,3.9,0,0,,2026-09-19T02:39:21,
2747,run_1789774700_1967,0,2988,0.8184711177574964,1.0502028523136262,V1_INV_PI,V1_INV_PI,2,0,1.0,200,0.808668,0.850544,0.847423,0.598449,0.661563,0.869101,0.997011,0.0,0.013675,0.811111,0.001111,1.0,3.8,0,0,,2026-09-19T02:39:21,
2748,run_1789774700_1967,0,2989,-0.07031507003683468,-0.6493150499807123,V1_INV_PI,V1_INV_PI,2,0,1.0,200,0.757424,0.708392,0.87713,0.603028,0.528228,0.876285,0.984173,0.011948,0.028331,0.476667,0.014444,1.0,3.8,0,0,,2026-09-19T02:39:21,
2749,run_1789774700_1967,0,2990,-1.0328051043455786,-0.22279585564169413,V1_INV_PI,V1_INV_PI,2,0,1.0,200,0.694937,0.610106,0.760111,0.639015,0.512903,0.754777,0.94926,0.304292,0.047407,0.303333,0.178889,0.97,4.0,0,0,,2026-09-19T02:39:21,
2750,run_1789774700_1967,0,2991,-0.3346231508436799,-0.6768961009245534,V1_INV_PI,V1_INV_PI,2,0,1.0,200,0.756675,0.716845,0.870012,0.608244,0.53641,0.868048,0.967041,0.053435,0.055149,0.43,0.052222,1.0,3.9,0,0,,2026-09-19T02:39:21,
2751,run_1789774700_1967,0,2992,-1.4578409716965637,0.43354123701146463,V1_INV_PI,V1_INV_PI,2,0,1.0,200,0.631456,0.548766,0.644037,0.61491,0.458239,0.579733,0.998177,0.045781,0.012443,0.263333,0.01,1.0,4.0,0,0,,2026-09-19T02:39:21,
2752,run_1789774700_1967,0,2993,-0.701353125597743,-1.1410124282170437,V1_INV_PI,V1_INV_PI,2,0,1.0,200,0.777583,0.79101,0.818866,0.604104,0.576241,0.868223,0.998102,0.005697,0.037395,0.425556,0.001111,1.0,4.7,0,0,,2026-09-19T02:39:21,
2753,run_1789774700_1967,0,2994,-0.7990304176417695,0.27779481235225045,V1_INV_PI,V1_INV_PI,2,0,1.0,200,0.76594,0.740864,0.815014,0.728554,0.556607,0.774385,0.996931,0.455482,0.010906,0.334444,0.347778,1.0,4.3,0,0,,2026-09-19T02:39:21,
2754,run_1789774700_1967,0,2995,-1.1181629693526394,-0.7150607273387103,V1_INV_PI,V1_INV_PI,2,0,1.0,200,0.714016,0.684556,0.747152,0.613097,0.526542,0.735114,0.997273,0.030573,0.010569,0.323333,0.001111,1.0,3.9,0,0,,2026-09-19T02:39:21,
2755,run_1789774700_1967,0,2996,0.7172802281147499,0.07383989283964998,V1_INV_PI,V1_INV_PI,2,0,1.0,200,0.847673,0.904049,0.897196,0.599097,0.740479,0.909526,0.998106,0.0,0.026646,0.644444,0.001111,1.0,3.8,0,0,,2026-09-19T02:39:21,
2756,run_1789774700_1967,0,2997,-1.2151174333107302,0.9233246898073901,V1_INV_PI,V1_INV_PI,2,0,1.0,200,0.709517,0.680296,0.726572,0.608899,0.529194,0.733608,0.998011,0.003127,0.009374,0.335556,0.001111,1.0,3.9,0,0,,2026-09-19T02:39:21,
2757,run_1789774700_1967,0,2998,-0.6701791125885018,0.6304104533446815,V1_INV_PI,V1_INV_PI,2,0,1.0,200,0.772509,0.760298,0.841494,0.61941,0.558143,0.872064,0.991786,0.158799,0.026495,0.372222,0.134444,1.0,3.9,0,0,,2026-09-19T02:39:21,
2758,run_1789774700_1967,0,2999,-0.8964717831448463,-0.3745833640623891,V1_INV_PI,V1_INV_PI,2,0,1.0,200,0.732179,0.708321,0.783957,0.64351,0.523807,0.751797,0.997589,0.316373,0.008408,0.326667,0.138889,1.0,3.9,0,0,,2026-09-19T02:39:21,
2759,run_1789774700_1967,0,3000,-0.23258967531704888,-0.936814283543334,V1_INV_PI,V1_INV_PI,2,0,1.0,200,0.79826,0.828137,0.860009,0.602471,0.587615,0.894723,0.996686,0.0,0.055035,0.474444,0.001111,1.0,3.9,0,0,,2026-09-19T02:39:21,
2760,run_1789774700_1967,0,3001,-0.14802635242172024,0.7884286932630287,V1_INV_PI,V1_INV_PI,2,0,1.0,200,0.793899,0.81702,0.870094,0.602643,0.569751,0.893527,0.994947,0.008058,0.071425,0.471111,0.001111,1.0,3.8,0,0,,2026-09-19T02:39:21,
2761,run_1789774700_1967,0,3002,0.32862102936489745,0.25776161160974853,V1_INV_PI,V1_INV_PI,2,0,1.0,200,0.838932,0.902578,0.892213,0.600477,0.682422,0.914713,0.998762,0.0,0.061798,0.542222,0.001111,1.0,3.8,0,0,,2026-09-19T02:39:21,
2762,run_1789774700_1967,0,3003,-0.39155222813555723,-0.496258773752695,V1_INV_PI,V1_INV_PI,2,0,1.0,200,0.769908,0.73561,0.875017,0.661353,0.55149,0.850978,0.967864,0.097581,0.044752,0.406667,0.063333,0.923333,4.0,0,0,,2026-09-19T02:39:21,
2763,run_1789774700_1967,0,3004,0.6004621916767778,-0.11346817449881286,V1_INV_PI,V1_INV_PI,2,0,1.0,200,0.849743,0.906906,0.895428,0.599439,0.74816,0.911965,0.998448,0.0,0.025027,0.611111,0.001111,1.0,3.9,0,0,,2026-09-19T02:39:21,
2764,run_1789774700_1967,0,3005,-0.7963205964492999,0.18133913255840772,V1_INV_PI,V1_INV_PI,2,0,1.0,200,0.733212,0.712205,0.770288,0.680076,0.511798,0.743082,0.99583,0.423847,0.00537,0.331111,0.232222,0.95,4.5,0,0,,2026-09-19T02:39:21,
2765,run_1789774700_1967,0,3006,0.4028984425580431,1.1763636696331463,V1_INV_PI,V1_INV_PI,2,0,1.0,200,0.825879,0.869409,0.863418,0.59912,0.703636,0.892154,0.998515,0.0,0.033558,0.658889,0.001111,1.0,4.0,0,0,,2026-09-19T02:39:21,
2766,run_1789774700_1967,0,3007,0.3277704314230323,-0.5817526976592459,V1_INV_PI,V1_INV_PI,2,0,1.0,200,0.840897,0.899431,0.886561,0.600151,0.709519,0.911891,0.998806,0.0,0.048052,0.557778,0.001111,1.0,3.8,0,0,,2026-09-19T02:39:21,
2767,run_1789774700_1967,0,3008,0.04273925052687333,-0.6354280709646182,V1_INV_PI,V1_INV_PI,2,0,1.0,200,0.782173,0.785246,0.880193,0.601868,0.544702,0.887056,0.991927,0.008823,0.126446,0.498889,0.005556,1.0,4.7,0,0,,2026-09-19T02:39:21,
2768,run_1789774700_1967,0,3009,-0.6482217346417849,-0.5075459647756589,V1_INV_PI,V1_INV_PI,2,0,1.0,200,0.792346,0.788519,0.849494,0.662785,0.582655,0.880553,0.992622,0.276615,0.030571,0.37,0.258889,1.0,4.0,0,0,,2026-09-19T02:39:21,
2769,run_1789774700_1967,0,3010,-0.17535426642546992,0.4244126803016477,V1_INV_PI,V1_INV_PI,2,0,1.0,200,0.725999,0.667994,0.883542,0.630301,0.529606,0.78043,0.902789,0.059722,0.09166,0.44,0.041111,0.965556,3.9,0,0,,2026-09-19T02:39:21,
2770,run_1789774700_1967,0,3011,0.8583979361062792,-1.0552515550884078,V1_INV_PI,V1_INV_PI,2,0,1.0,200,0.81025,0.851338,0.849965,0.598379,0.667711,0.869901,0.996814,0.0,0.011835,0.828889,0.001111,1.0,3.9,0,0,,2026-09-19T02:39:21,
2771,run_1789774700_1967,0,3012,0.7971783946009987,-0.09750723522009141,V1_INV_PI,V1_INV_PI,2,0,1.0,200,0.842553,0.898985,0.893382,0.598883,0.723716,0.90493,0.997802,0.0,0.022136,0.672222,0.001111,1.0,4.1,0,0,,2026-09-19T02:39:21,
2772,run_1789774700_1967,0,3013,0.16415431817579984,-0.5500462246513154,V1_INV_PI,V1_INV_PI,2,0,1.0,200,0.819901,0.875976,0.884714,0.601054,0.612764,0.90877,0.998746,0.0,0.102304,0.52,0.001111,1.0,4.9,0,0,,2026-09-19T02:39:21,
2773,run_1789774700_1967,0,3014,0.8267358254560184,0.7179374474247922,V1_INV_PI,V1_INV_PI,2,0,1.0,200,0.824587,0.875646,0.871048,0.598605,0.682542,0.88832,0.997321,0.0,0.016756,0.735556,0.001111,1.0,4.1,0,0,,2026-09-19T02:39:21,
2774,run_1789774700_1967,0,3015,-1.0348332729812904,0.8982474864593957,V1_INV_PI,V1_INV_PI,2,0,1.0,200,0.750419,0.747175,0.77607,0.608658,0.573137,0.801512,0.998123,0.005697,0.011396,0.351111,0.001111,1.0,4.4,0,0,,2026-09-19T02:39:21,
2775,run_1789774700_1967,0,3016,-0.39492518603862514,1.0278249293028783,V1_INV_PI,V1_INV_PI,2,0,1.0,200,0.798789,0.830885,0.848062,0.602991,0.598791,0.892529,0.998081,0.0,0.03553,0.456667,0.001111,1.0,4.0,0,0,,2026-09-19T02:39:21,
2776,run_1789774700_1967,0,3017,0.8853661717983066,0.6483725825014715,V1_INV_PI,V1_INV_PI,2,0,1.0,200,0.819433,0.871358,0.866365,0.598538,0.664649,0.883968,0.997107,0.0,0.014432,0.757778,0.001111,1.0,4.0,0,0,,2026-09-19T02:39:21,
2777,run_1789774700_1967,0,3018,0.5329946327333928,-0.11660548020832717,V1_INV_PI,V1_INV_PI,2,0,1.0,200,0.850803,0.90831,0.895069,0.599661,0.751652,0.913289,0.9985,0.0,0.02887,0.588889,0.001111,1.0,3.9,0,0,,2026-09-19T02:39:21,
2778,run_1789774700_1967,0,3019,-1.0462768210107725,-0.2363159573435225,V1_INV_PI,V1_INV_PI,2,0,1.0,200,0.689708,0.598055,0.755079,0.634387,0.51306,0.741271,0.957496,0.29251,0.021205,0.3,0.165556,0.98,4.0,0,0,,2026-09-19T02:39:21,
2779,run_1789774700_1967,0,3020,0.8867276344508714,-0.007112545287134564,V1_INV_PI,V1_INV_PI,2,0,1.0,200,0.838795,0.894041,0.890416,0.598676,0.715154,0.900245,0.997404,0.0,0.017226,0.705556,0.001111,1.0,3.9,0,0,,2026-09-19T02:39:21,
2780,run_1789774700_1967,0,3021,-0.26981531882412324,-0.44393831983435705,V1_INV_PI,V1_INV_PI,2,0,1.0,200,0.745606,0.699279,0.880553,0.643312,0.539883,0.808961,0.932527,0.07843,0.063998,0.427778,0.045556,0.948889,4.1,0,0,,2026-09-19T02:39:21,
2781,run_1789774700_1967,0,3022,-0.9887841262888974,-1.1024061211872787,V1_INV_PI,V1_INV_PI,2,0,1.0,200,0.756864,0.758649,0.778172,0.605775,0.576063,0.823257,0.998076,0.0,0.015351,0.383333,0.001111,1.0,3.8,0,0,,2026-09-19T02:39:21,
2782,run_1789774700_1967,0,3023,-1.4827110406800823,0.45225296768624856,V1_INV_PI,V1_INV_PI,2,0,1.0,200,0.630317,0.54731,0.639952,0.614197,0.45974,0.577608,0.998433,0.044347,0.009519,0.263333,0.01,1.0,3.9,0,0,,2026-09-19T02:39:21,
2783,run_1789774700_1967,0,3024,0.3231278950139269,-0.27436483598269334,V1_INV_PI,V1_INV_PI,2,0,1.0,200,0.838128,0.90187,0.891916,0.600495,0.678629,0.914593,0.998771,0.0,0.062993,0.542222,0.001111,1.0,4.4,0,0,,2026-09-19T02:39:21,
2784,run_1789774700_1967,0,3025,0.7980148329376338,-0.9961577532106748,V1_INV_PI,V1_INV_PI,2,0,1.0,200,0.808509,0.852768,0.847664,0.59852,0.654764,0.870693,0.997139,0.0,0.015162,0.791111,0.001111,1.0,3.8,0,0,,2026-09-19T02:39:21,
2785,run_1789774700_1967,0,3026,-0.5448986964496223,1.0378263158870815,V1_INV_PI,V1_INV_PI,2,0,1.0,200,0.787078,0.805822,0.838065,0.604023,0.579206,0.885302,0.997555,0.008058,0.026144,0.433333,0.001111,1.0,3.9,0,0,,2026-09-19T02:39:22,
2786,run_1789774700_1967,0,3027,0.5071419305192997,-0.3850357789000243,V1_INV_PI,V1_INV_PI,2,0,1.0,200,0.849121,0.905577,0.892382,0.599644,0.748441,0.912435,0.998612,0.0,0.02887,0.592222,0.001111,1.0,4.1,0,0,,2026-09-19T02:39:22,
2787,run_1789774700_1967,0,3028,-0.08312898002627,0.004466102623686519,V1_INV_PI,V1_INV_PI,2,0,1.0,200,0.729034,0.675501,0.889646,0.633175,0.53454,0.783577,0.893455,0.059294,0.073543,0.448889,0.036667,0.961111,3.9,0,0,,2026-09-19T02:39:22,
2788,run_1789774700_1967,0,3029,-0.8034411529441643,0.32809260351639247,V1_INV_PI,V1_INV_PI,2,0,1.0,200,0.767864,0.748395,0.816816,0.702678,0.571924,0.783086,0.997266,0.418765,0.011396,0.334444,0.298889,1.0,4.1,0,0,,2026-09-19T02:39:22,
2789,run_1789774700_1967,0,3030,0.9803694719529963,-1.0276489505934883,V1_INV_PI,V1_INV_PI,2,0,1.0,200,0.815618,0.856491,0.858004,0.598188,0.683339,0.873989,0.996447,0.0,0.01181,0.863333,0.001111,1.0,3.9,0,0,,2026-09-19T02:39:22,
2790,run_1789774700_1967,0,3031,-0.9799548377314822,-0.7298465770268299,V1_INV_PI,V1_INV_PI,2,0,1.0,200,0.750347,0.741349,0.787856,0.61269,0.563724,0.804763,0.9977,0.054053,0.01056,0.338889,0.01,1.0,4.2,0,0,,2026-09-19T02:39:22,
2791,run_1789774700_1967,0,3032,-0.44902579190143177,-1.004010007882607,V1_INV_PI,V1_INV_PI,2,0,1.0,200,0.785302,0.80059,0.846112,0.603674,0.565718,0.888798,0.996726,0.014444,0.0439,0.444444,0.005556,1.0,3.9,0,0,,2026-09-19T02:39:22,
2792,run_1789774700_1967,0,3033,-0.7599437067222454,0.4049969684183372,V1_INV_PI,V1_INV_PI,2,0,1.0,200,0.778719,0.76939,0.828121,0.687642,0.579408,0.815794,0.998177,0.389068,0.014267,0.345556,0.327778,1.0,4.1,0,0,,2026-09-19T02:39:22,
2793,run_1789774700_1967,0,3034,0.5893951019275367,-0.781170272499454,V1_INV_PI,V1_INV_PI,2,0,1.0,200,0.8379,0.889487,0.882743,0.599093,0.721043,0.902374,0.998265,0.0,0.029143,0.654444,0.001111,1.0,3.8,0,0,,2026-09-19T02:39:22,
2794,run_1789774700_1967,0,3035,-1.4551469942622575,0.35979736511545246,V1_INV_PI,V1_INV_PI,2,0,1.0,200,0.62731,0.540534,0.644059,0.616868,0.452609,0.568865,0.998775,0.086061,0.008519,0.257778,0.018889,1.0,3.9,0,0,,2026-09-19T02:39:22,
2795,run_1789774700_1967,0,3036,0.65347932767137,0.021245326245016294,V1_INV_PI,V1_INV_PI,2,0,1.0,200,0.849579,0.906666,0.89758,0.599288,0.74554,0.911994,0.99835,0.0,0.030615,0.622222,0.001111,1.0,3.9,0,0,,2026-09-19T02:39:22,
2796,run_1789774700_1967,0,3037,0.1821655525263992,-0.32490440827930933,V1_INV_PI,V1_INV_PI,2,0,1.0,200,0.704748,0.576015,0.889652,0.602996,0.507564,0.785043,0.953039,0.005697,0.023673,0.512222,0.01,0.997778,3.8,0,0,,2026-09-19T02:39:22,
2797,run_1789774700_1967,0,3038,-0.6311523713445214,0.6120949300200604,V1_INV_PI,V1_INV_PI,2,0,1.0,200,0.769942,0.744184,0.849359,0.624217,0.54882,0.88059,0.989654,0.182607,0.037968,0.376667,0.172222,1.0,4.1,0,0,,2026-09-19T02:39:22,
2798,run_1789774700_1967,0,3039,-1.4691241894546683,-0.5830323315602677,V1_INV_PI,V1_INV_PI,2,0,1.0,200,0.633209,0.559876,0.645957,0.612105,0.435648,0.596032,0.998527,0.012404,0.009063,0.275556,0.001111,1.0,3.9,0,0,,2026-09-19T02:39:22,
2799,run_1789774700_1967,0,3040,-0.02048261846234034,0.8752653367528669,V1_INV_PI,V1_INV_PI,2,0,1.0,200,0.806817,0.848001,0.870095,0.601342,0.59635,0.899766,0.997895,0.0,0.105036,0.508889,0.001111,1.0,3.8,0,0,,2026-09-19T02:39:22,
2800,run_1789774700_1967,0,3041,0.13457752911337484,0.6208132162179947,V1_INV_PI,V1_INV_PI,2,0,1.0,200,0.815687,0.867965,0.88263,0.601094,0.601579,0.90737,0.998633,0.0,0.102672,0.514444,0.001111,1.0,3.8,0,0,,2026-09-19T02:39:22,
2801,run_1789774700_1967,0,3042,-0.037868304864928426,0.4381161154903337,V1_INV_PI,V1_INV_PI,2,0,1.0,200,0.685711,0.609872,0.883914,0.611886,0.515111,0.739684,0.804357,0.026919,0.034985,0.468889,0.032222,0.987778,3.9,0,0,,2026-09-19T02:39:22,
2802,run_1789774700_1967,0,3043,0.9346965026121317,0.2086005348506592,V1_INV_PI,V1_INV_PI,2,0,1.0,200,0.83081,0.88544,0.881726,0.598567,0.692358,0.89323,0.997122,0.0,0.014489,0.735556,0.001111,1.0,4.0,0,0,,2026-09-19T02:39:22,
2803,run_1789774700_1967,0,3044,0.487050514997565,0.9196535275185587,V1_INV_PI,V1_INV_PI,2,0,1.0,200,0.836089,0.885457,0.878119,0.599221,0.720661,0.901662,0.998502,0.0,0.033451,0.636667,0.001111,1.0,4.1,0,0,,2026-09-19T02:39:22,
2804,run_1789774700_1967,0,3045,0.5010952958125356,0.48655325533132965,V1_INV_PI,V1_INV_PI,2,0,1.0,200,0.847604,0.903163,0.890678,0.599597,0.745266,0.911239,0.998639,0.0,0.028694,0.594444,0.001111,1.0,4.1,0,0,,2026-09-19T02:39:22,
2805,run_1789774700_1967,0,3046,0.03455019149388816,0.6230319485989102,V1_INV_PI,V1_INV_PI,2,0,1.0,200,0.709408,0.591817,0.880405,0.602885,0.50921,0.80332,0.947202,0.008823,0.043645,0.496667,0.005556,0.998889,4.8,0,0,,2026-09-19T02:39:22,
2806,run_1789774700_1967,0,3047,0.005189700870605662,0.5748495350173504,V1_INV_PI,V1_INV_PI,2,0,1.0,200,0.673864,0.591217,0.881105,0.604293,0.511277,0.768846,0.741546,0.008823,0.314462,0.486667,0.014444,0.997778,3.9,0,0,,2026-09-19T02:39:22,
2807,run_1789774700_1967,0,3048,0.7040437977416967,0.8691982428341449,V1_INV_PI,V1_INV_PI,2,0,1.0,200,0.82831,0.877734,0.873231,0.598757,0.697014,0.892458,0.997718,0.0,0.021251,0.71,0.001111,1.0,3.8,0,0,,2026-09-19T02:39:22,
2808,run_1789774700_1967,0,3049,-1.3048955486053313,-0.6538819851494365,V1_INV_PI,V1_INV_PI,2,0,1.0,200,0.657798,0.594019,0.690093,0.613099,0.457603,0.636854,0.997637,0.038436,0.014954,0.295556,0.001111,1.0,3.9,0,0,,2026-09-19T02:39:22,
2809,run_1789774700_1967,0,3050,-0.8037420173080978,0.316231854835227,V1_INV_PI,V1_INV_PI,2,0,1.0,200,0.766373,0.74414,0.81694,0.708478,0.567213,0.778997,0.997292,0.421806,0.008563,0.333333,0.274444,1.0,4.1,0,0,,2026-09-19T02:39:22,
2810,run_1789774700_1967,0,3051,-1.428245785351042,0.34138016736300947,V1_INV_PI,V1_INV_PI,2,0,1.0,200,0.630773,0.542502,0.649741,0.618387,0.461635,0.572396,0.998822,0.103702,0.014517,0.26,0.067778,1.0,4.1,0,0,,2026-09-19T02:39:22,
2811,run_1789774700_1967,0,3052,-0.8967454824452692,-0.4463776619646208,V1_INV_PI,V1_INV_PI,2,0,1.0,200,0.72513,0.699505,0.782176,0.633913,0.505308,0.748888,0.998072,0.295674,0.008084,0.327778,0.178889,1.0,4.2,0,0,,2026-09-19T02:39:22,
2812,run_1789774700_1967,0,3053,-1.4152499183762435,-0.1462420153108761,V1_INV_PI,V1_INV_PI,2,0,1.0,200,0.604993,0.496364,0.641796,0.630857,0.407622,0.526439,0.999296,0.291524,0.006609,0.258889,0.167778,1.0,4.0,0,0,,2026-09-19T02:39:22,
2813,run_1789774700_1967,0,3054,-1.3124492661381482,-0.8407491711674102,V1_INV_PI,V1_INV_PI,2,0,1.0,200,0.690106,0.64714,0.703027,0.609757,0.514067,0.697062,0.998226,0.005697,0.007845,0.315556,0.001111,1.0,3.9,0,0,,2026-09-19T02:39:22,
2814,run_1789774700_1967,0,3055,-1.1421544832539485,0.15881300518662722,V1_INV_PI,V1_INV_PI,2,0,1.0,200,0.634944,0.548647,0.707577,0.57586,0.449239,0.587658,0.998217,0.298043,0.024917,0.286667,0.167778,0.713333,4.3,0,0,,2026-09-19T02:39:22,
2815,run_1789774700_1967,0,3056,-0.20749584770871699,-0.7921281432645026,V1_INV_PI,V1_INV_PI,2,0,1.0,200,0.708525,0.585388,0.867714,0.604443,0.509936,0.814422,0.951336,0.008823,0.025457,0.461111,0.01,0.997778,3.9,0,0,,2026-09-19T02:39:22,
2816,run_1789774700_1967,0,3057,0.9269081931891545,0.6377950528736258,V1_INV_PI,V1_INV_PI,2,0,1.0,200,0.812967,0.863155,0.857378,0.598486,0.652217,0.876152,0.996953,0.0,0.012601,0.785556,0.001111,1.0,4.1,0,0,,2026-09-19T02:39:22,
2817,run_1789774700_1967,0,3058,0.5688698135927504,-0.22984743413520659,V1_INV_PI,V1_INV_PI,2,0,1.0,200,0.850506,0.907133,0.895093,0.599512,0.752444,0.912582,0.998523,0.0,0.025895,0.602222,0.001111,1.0,3.9,0,0,,2026-09-19T02:39:22,
2818,run_1789774700_1967,0,3059,-1.368517635690905,-0.333754240365451,V1_INV_PI,V1_INV_PI,2,0,1.0,200,0.634313,0.546058,0.659435,0.619718,0.463322,0.577329,0.998853,0.12527,0.008506,0.27,0.063333,1.0,3.9,0,0,,2026-09-19T02:39:22,
2819,run_1789774700_1967,0,3060,0.7813375237995119,-0.9630978904865927,V1_INV_PI,V1_INV_PI,2,0,1.0,200,0.809089,0.85546,0.849408,0.598572,0.649775,0.873129,0.997276,0.0,0.016006,0.776667,0.001111,1.0,4.4,0,0,,2026-09-19T02:39:22,
2820,run_1789774700_1967,0,3061,-0.5268861955186541,-1.086736631700316,V1_INV_PI,V1_INV_PI,2,0,1.0,200,0.790744,0.81663,0.836759,0.60343,0.586379,0.885629,0.998382,0.003127,0.033138,0.443333,0.001111,1.0,4.1,0,0,,2026-09-19T02:39:22,
2821,run_1789774700_1967,0,3062,0.618631262903742,-1.1674683259895826,V1_INV_PI,V1_INV_PI,2,0,1.0,200,0.810953,0.855023,0.849309,0.598691,0.658694,0.876909,0.99771,0.0,0.021567,0.744444,0.001111,1.0,4.1,0,0,,2026-09-19T02:39:22,
2822,run_1789774700_1967,0,3063,0.36953558333619707,1.1667120761807086,V1_INV_PI,V1_INV_PI,2,0,1.0,200,0.828075,0.871846,0.865973,0.599214,0.708951,0.89466,0.998626,0.0,0.03563,0.648889,0.001111,1.0,3.9,0,0,,2026-09-19T02:39:22,
2823,run_1789774700_1967,0,3064,0.8914775052342989,-0.2976137816108496,V1_INV_PI,V1_INV_PI,2,0,1.0,200,0.834322,0.888972,0.885026,0.598633,0.702961,0.896578,0.997326,0.0,0.016436,0.717778,0.001111,1.0,3.9,0,0,,2026-09-19T02:39:22,
2824,run_1789774700_1967,0,3065,-1.1649360966721112,-0.8019359868487154,V1_INV_PI,V1_INV_PI,2,0,1.0,200,0.718053,0.689988,0.74192,0.611017,0.543575,0.742708,0.997822,0.016418,0.012231,0.325556,0.001111,1.0,4.0,0,0,,2026-09-19T02:39:22,
2825,run_1789774700_1967,0,3066,0.9888957195519508,-1.0233616564099006,V1_INV_PI,V1_INV_PI,2,0,1.0,200,0.816181,0.857363,0.859033,0.598178,0.683869,0.874771,0.996417,0.0,0.011984,0.866667,0.001111,1.0,3.9,0,0,,2026-09-19T02:39:22,
2826,run_1789774700_1967,0,3067,0.8652583359815642,-0.8783681477760412,V1_INV_PI,V1_INV_PI,2,0,1.0,200,0.810269,0.855812,0.851271,0.598482,0.65685,0.871867,0.99697,0.0,0.012966,0.8,0.001111,1.0,3.8,0,0,,2026-09-19T02:39:22,
2827,run_1789774700_1967,0,3068,0.37269005463818283,0.7994882962619245,V1_INV_PI,V1_INV_PI,2,0,1.0,200,0.840692,0.893208,0.881138,0.599701,0.728687,0.907607,0.998801,0.0,0.033991,0.593333,0.001111,1.0,3.8,0,0,,2026-09-19T02:39:22,
2828,run_1789774700_1967,0,3069,0.68833935062935,0.5381300450055579,V1_INV_PI,V1_INV_PI,2,0,1.0,200,0.842557,0.896674,0.890684,0.599012,0.729197,0.905618,0.998077,0.0,0.026056,0.656667,0.001111,1.0,3.8,0,0,,2026-09-19T02:39:22,
2829,run_1789774700_1967,0,3070,0.2811104155219184,0.1488127865697968,V1_INV_PI,V1_INV_PI,2,0,1.0,200,0.822067,0.882206,0.892838,0.600839,0.603498,0.914244,0.998682,0.0,0.110161,0.524444,0.001111,1.0,4.0,0,0,,2026-09-19T02:39:22,
2830,run_1789774700_1967,0,3071,-0.1937845590391052,0.24667114373154053,V1_INV_PI,V1_INV_PI,2,0,1.0,200,0.753498,0.711224,0.886389,0.647986,0.545036,0.81114,0.947394,0.078517,0.060697,0.432222,0.045556,0.943333,4.4,0,0,,2026-09-19T02:39:22,
2831,run_1789774700_1967,0,3072,-1.053540130841289,-1.1801333008754709,V1_INV_PI,V1_INV_PI,2,0,1.0,200,0.750575,0.748012,0.762842,0.605151,0.582496,0.809127,0.997535,0.0,0.009913,0.386667,0.001111,1.0,3.9,0,0,,2026-09-19T02:39:22,
2832,run_1789774700_1967,0,3073,-0.7725198952589677,-0.6088430673849158,V1_INV_PI,V1_INV_PI,2,0,1.0,200,0.741247,0.716924,0.812329,0.621614,0.529473,0.789053,0.994307,0.194672,0.023697,0.358889,0.145556,1.0,4.3,0,0,,2026-09-19T02:39:22,
2833,run_1789774700_1967,0,3074,-0.5026183795171142,-0.14924513486413726,V1_INV_PI,V1_INV_PI,2,0,1.0,200,0.799435,0.806992,0.849187,0.710802,0.594175,0.834248,0.996169,0.222322,0.018105,0.375556,0.067778,0.693333,6.0,0,0,,2026-09-19T02:39:22,
2834,run_1789774700_1967,0,3075,0.4536743128037095,-0.20511927288006748,V1_INV_PI,V1_INV_PI,2,0,1.0,200,0.849612,0.908219,0.894106,0.599935,0.743538,0.914205,0.998596,0.0,0.03524,0.571111,0.001111,1.0,3.9,0,0,,2026-09-19T02:39:22,
2835,run_1789774700_1967,0,3076,-0.40606661329187976,0.6215469028608258,V1_INV_PI,V1_INV_PI,2,0,1.0,200,0.745385,0.683818,0.869767,0.637463,0.531426,0.833736,0.957146,0.09553,0.054788,0.416667,0.081111,0.96,3.9,0,0,,2026-09-19T02:39:22,
2836,run_1789774700_1967,0,3077,-1.2446100160081364,1.1291731509319811,V1_INV_PI,V1_INV_PI,2,0,1.0,200,0.698991,0.664771,0.714446,0.606364,0.514029,0.720608,0.996538,0.0,0.010892,0.358889,0.001111,1.0,3.9,0,0,,2026-09-19T02:39:22,
2837,run_1789774700_1967,0,3078,0.908640893042922,0.49689451867157963,V1_INV_PI,V1_INV_PI,2,0,1.0,200,0.825897,0.879,0.874801,0.598546,0.681293,0.889247,0.997093,0.0,0.014129,0.744444,0.001111,1.0,3.9,0,0,,2026-09-19T02:39:22,
2838,run_1789774700_1967,0,3079,-1.3564633871656937,-0.6811845525409386,V1_INV_PI,V1_INV_PI,2,0,1.0,200,0.661073,0.599565,0.680845,0.612097,0.475823,0.641077,0.998034,0.010281,0.010522,0.292222,0.001111,1.0,3.9,0,0,,2026-09-19T02:39:22,
2839,run_1789774700_1967,0,3080,0.5021202543869037,0.7403424676194941,V1_INV_PI,V1_INV_PI,2,0,1.0,200,0.842098,0.894394,0.885116,0.599369,0.733432,0.906837,0.998579,0.0,0.032357,0.617778,0.001111,1.0,3.9,0,0,,2026-09-19T02:39:22,
2840,run_1789774700_1967,0,3081,-1.3179192520571332,-0.6482579057450938,V1_INV_PI,V1_INV_PI,2,0,1.0,200,0.656585,0.594716,0.686919,0.612921,0.451873,0.636574,0.997752,0.027248,0.013611,0.293333,0.001111,1.0,3.9,0,0,,2026-09-19T02:39:22,
2841,run_1789774700_1967,0,3082,-0.26247694725912085,0.03983373432175519,V1_INV_PI,V1_INV_PI,2,0,1.0,200,0.811596,0.818654,0.885893,0.702698,0.588316,0.882713,0.986599,0.135501,0.071292,0.42,0.041111,0.875556,4.1,0,0,,2026-09-19T02:39:22,
2842,run_1789774700_1967,0,3083,-0.41611829251888466,-0.005364544893794898,V1_INV_PI,V1_INV_PI,2,0,1.0,200,0.816757,0.831456,0.862242,0.724863,0.613217,0.861519,0.997446,0.212162,0.013121,0.394444,0.067778,0.733333,5.1,0,0,,2026-09-19T02:39:22,
2843,run_1789774700_1967,0,3084,0.8625041710485291,-0.9013246953567027,V1_INV_PI,V1_INV_PI,2,0,1.0,200,0.810449,0.854976,0.851077,0.598479,0.660308,0.871233,0.996939,0.0,0.013093,0.806667,0.001111,1.0,4.0,0,0,,2026-09-19T02:39:22,
2844,run_1789774700_1967,0,3085,0.7380128829681722,0.469540263304395,V1_INV_PI,V1_INV_PI,2,0,1.0,200,0.841245,0.895801,0.890277,0.598924,0.724166,0.904018,0.997911,0.0,0.023859,0.67,0.001111,1.0,4.5,0,0,,2026-09-19T02:39:22,
2845,run_1789774700_1967,0,3086,-0.965242791512829,-0.5416994624237776,V1_INV_PI,V1_INV_PI,2,0,1.0,200,0.733684,0.716884,0.778543,0.619984,0.531941,0.768423,0.99753,0.142376,0.007572,0.326667,0.05,1.0,4.3,0,0,,2026-09-19T02:39:22,
2846,run_1789774700_1967,0,3087,-1.2810409693783082,0.9210524276684084,V1_INV_PI,V1_INV_PI,2,0,1.0,200,0.696309,0.65897,0.70982,0.60884,0.513833,0.713301,0.99798,0.003127,0.010762,0.327778,0.001111,1.0,3.9,0,0,,2026-09-19T02:39:23,
2847,run_1789774700_1967,0,3088,0.24451384555500733,-0.478973372114711,V1_INV_PI,V1_INV_PI,2,0,1.0,200,0.819562,0.87732,0.887794,0.60072,0.603234,0.911073,0.998727,0.0,0.100054,0.53,0.001111,1.0,3.9,0,0,,2026-09-19T02:39:23,
2848,run_1789774700_1967,0,3089,0.6563818553707446,1.0377842771943853,V1_INV_PI,V1_INV_PI,2,0,1.0,200,0.819823,0.86654,0.861265,0.598722,0.678534,0.885003,0.997729,0.0,0.021665,0.724444,0.001111,1.0,3.9,0,0,,2026-09-19T02:39:23,
2849,run_1789774700_1967,0,3090,-0.07424831714892033,-0.0793551567914017,V1_INV_PI,V1_INV_PI,2,0,1.0,200,0.721528,0.665047,0.889889,0.629088,0.531014,0.781321,0.870466,0.052711,0.055488,0.45,0.036667,0.966667,4.0,0,0,,2026-09-19T02:39:23,
2850,run_1789774700_1967,0,3091,-0.20652270128428318,-0.7050438595361281,V1_INV_PI,V1_INV_PI,2,0,1.0,200,0.687843,0.603823,0.871578,0.609045,0.5141,0.783953,0.800573,0.024715,0.080276,0.453333,0.023333,0.993333,3.9,0,0,,2026-09-19T02:39:23,
2851,run_1789774700_1967,0,3092,-0.2814425684633812,0.7882698661026875,V1_INV_PI,V1_INV_PI,2,0,1.0,200,0.720402,0.635897,0.865372,0.605561,0.517031,0.853322,0.901568,0.015073,0.05281,0.446667,0.018889,1.0,3.9,0,0,,2026-09-19T02:39:23,
2852,run_1789774700_1967,0,3093,-1.0429847192585018,-0.290020920714426,V1_INV_PI,V1_INV_PI,2,0,1.0,200,0.714326,0.675002,0.758736,0.631907,0.520941,0.727313,0.998271,0.285193,0.006266,0.303333,0.161111,1.0,4.0,0,0,,2026-09-19T02:39:23,
2853,run_1789774700_1967,0,3094,0.6486569859766873,1.1808587720451957,V1_INV_PI,V1_INV_PI,2,0,1.0,200,0.80571,0.848398,0.84255,0.598643,0.648006,0.870663,0.997542,0.0,0.019716,0.772222,0.001111,1.0,4.4,0,0,,2026-09-19T02:39:23,
2854,run_1789774700_1967,0,3095,0.645798313579212,0.3545879055305039,V1_INV_PI,V1_INV_PI,2,0,1.0,200,0.846101,0.902311,0.893638,0.599232,0.736253,0.909395,0.998305,0.0,0.029904,0.632222,0.001111,1.0,4.6,0,0,,2026-09-19T02:39:23,
2855,run_1789774700_1967,0,3096,-0.0876899229493211,-0.040624853983344034,V1_INV_PI,V1_INV_PI,2,0,1.0,200,0.728712,0.675097,0.889624,0.63278,0.534347,0.788943,0.887223,0.058002,0.066275,0.447778,0.036667,0.962222,4.0,0,0,,2026-09-19T02:39:23,
2856,run_1789774700_1967,0,3097,0.8311988489364865,-0.5107018586504483,V1_INV_PI,V1_INV_PI,2,0,1.0,200,0.833036,0.886591,0.882279,0.598694,0.701561,0.895928,0.997457,0.0,0.018325,0.711111,0.001111,1.0,3.8,0,0,,2026-09-19T02:39:23,
2857,run_1789774700_1967,0,3098,0.24841792140168795,0.36067004896893806,V1_INV_PI,V1_INV_PI,2,0,1.0,200,0.816583,0.871314,0.889966,0.600878,0.590988,0.911333,0.998531,0.0,0.12039,0.527778,0.001111,1.0,4.0,0,0,,2026-09-19T02:39:23,
2858,run_1789774700_1967,0,3099,0.30061044405372717,-0.7877165684828014,V1_INV_PI,V1_INV_PI,2,0,1.0,200,0.838167,0.892431,0.879799,0.599967,0.713446,0.90832,0.998863,0.0,0.043484,0.57,0.001111,1.0,3.9,0,0,,2026-09-19T02:39:23,
2859,run_1789774700_1967,0,3100,-0.33985505854084685,-0.17190969494395425,V1_INV_PI,V1_INV_PI,2,0,1.0,200,0.829575,0.850313,0.882227,0.724411,0.612425,0.896991,0.997254,0.1599,0.046758,0.402222,0.045556,0.837778,4.1,0,0,,2026-09-19T02:39:23,
2860,run_1789774700_1967,0,3101,-0.7619162595384239,0.20661283881750214,V1_INV_PI,V1_INV_PI,2,0,1.0,200,0.7476,0.734057,0.80589,0.663568,0.528123,0.767553,0.995439,0.238299,0.007427,0.373333,0.067778,0.626667,4.8,0,0,,2026-09-19T02:39:23,
2861,run_1789774700_1967,0,3102,0.010769989333917263,0.673801181958191,V1_INV_PI,V1_INV_PI,2,0,1.0,200,0.787725,0.80124,0.878421,0.60193,0.554512,0.888577,0.992657,0.003127,0.149112,0.495556,0.005556,1.0,3.9,0,0,,2026-09-19T02:39:23,
2862,run_1789774700_1967,0,3103,-0.5585146946565573,1.0281523473508247,V1_INV_PI,V1_INV_PI,2,0,1.0,200,0.786352,0.804525,0.837408,0.604226,0.578072,0.884445,0.997322,0.008058,0.039038,0.431111,0.001111,1.0,3.8,0,0,,2026-09-19T02:39:23,
2863,run_1789774700_1967,0,3104,-0.8843637538459579,0.27019614859868124,V1_INV_PI,V1_INV_PI,2,0,1.0,200,0.734949,0.702958,0.784773,0.671971,0.53765,0.736501,0.99717,0.381702,0.006616,0.323333,0.216667,1.0,4.0,0,0,,2026-09-19T02:39:23,
2864,run_1789774700_1967,0,3105,0.7951804201869743,0.8300829229426114,V1_INV_PI,V1_INV_PI,2,0,1.0,200,0.820453,0.87052,0.865691,0.598608,0.671882,0.885301,0.997334,0.0,0.016902,0.744444,0.001111,1.0,4.2,0,0,,2026-09-19T02:39:23,
2865,run_1789774700_1967,0,3106,-1.0887544033260566,-0.0093461672728683,V1_INV_PI,V1_INV_PI,2,0,1.0,200,0.656157,0.590778,0.725868,0.585284,0.453209,0.627461,0.997929,0.263831,0.007885,0.352222,0.116667,0.647778,4.5,0,0,,2026-09-19T02:39:23,
2866,run_1789774700_1967,0,3107,-0.5619672622333769,0.27186417106754157,V1_INV_PI,V1_INV_PI,2,0,1.0,200,0.799513,0.807499,0.846241,0.711412,0.589449,0.840475,0.99668,0.22707,0.016309,0.368889,0.067778,0.695556,5.1,0,0,,2026-09-19T02:39:23,
2867,run_1789774700_1967,0,3108,0.17230393812453215,0.2024299396053908,V1_INV_PI,V1_INV_PI,2,0,1.0,200,0.711299,0.581594,0.891445,0.602284,0.508305,0.799236,0.971396,0.003127,0.022024,0.502222,0.005556,0.998889,4.0,0,0,,2026-09-19T02:39:23,
2868,run_1789774700_1967,0,3109,-0.1512295879203729,0.8283433393350579,V1_INV_PI,V1_INV_PI,2,0,1.0,200,0.795295,0.82173,0.86789,0.602471,0.573647,0.893591,0.994818,0.005697,0.044304,0.477778,0.001111,1.0,4.0,0,0,,2026-09-19T02:39:23,
2869,run_1789774700_1967,0,3110,-0.3194434284220251,0.27286846645559537,V1_INV_PI,V1_INV_PI,2,0,1.0,200,0.803634,0.803553,0.882374,0.695364,0.577548,0.879555,0.983464,0.130735,0.064574,0.411111,0.05,0.882222,4.0,0,0,,2026-09-19T02:39:23,
2870,run_1789774700_1967,0,3111,0.509000908035051,-0.48315422898959126,V1_INV_PI,V1_INV_PI,2,0,1.0,200,0.847703,0.903133,0.891043,0.599577,0.745723,0.91116,0.998632,0.0,0.028123,0.597778,0.001111,1.0,3.9,0,0,,2026-09-19T02:39:23,
2871,run_1789774700_1967,0,3112,0.2492116048701858,0.6760664550775435,V1_INV_PI,V1_INV_PI,2,0,1.0,200,0.82991,0.889556,0.882495,0.600362,0.65827,0.910155,0.998859,0.0,0.067528,0.55,0.001111,1.0,3.8,0,0,,2026-09-19T02:39:23,
2872,run_1789774700_1967,0,3113,-1.460644963538419,-1.0131062300419738,V1_INV_PI,V1_INV_PI,2,0,1.0,200,0.677388,0.633934,0.673912,0.606811,0.493125,0.687603,0.997911,0.0,0.011575,0.326667,0.001111,1.0,3.9,0,0,,2026-09-19T02:39:23,
2873,run_1789774700_1967,0,3114,0.08650362666902689,0.6912376186736253,V1_INV_PI,V1_INV_PI,2,0,1.0,200,0.811055,0.857434,0.879394,0.60125,0.595749,0.903535,0.998048,0.0,0.099159,0.513333,0.001111,1.0,4.2,0,0,,2026-09-19T02:39:23,
2874,run_1789774700_1967,0,3115,-1.4440243537142858,-0.2637032974218114,V1_INV_PI,V1_INV_PI,2,0,1.0,200,0.620175,0.52453,0.641674,0.621243,0.445638,0.552546,0.999181,0.169743,0.015631,0.255556,0.125556,1.0,4.0,0,0,,2026-09-19T02:39:23,
2875,run_1789774700_1967,0,3116,-0.08333308632044067,-0.49578683554016123,V1_INV_PI,V1_INV_PI,2,0,1.0,200,0.696417,0.627671,0.881316,0.616265,0.519491,0.738582,0.841004,0.030573,0.055987,0.464444,0.032222,0.983333,4.0,0,0,,2026-09-19T02:39:23,
2876,run_1789774700_1967,0,3117,-0.3504695800541122,-0.05520313493570583,V1_INV_PI,V1_INV_PI,2,0,1.0,200,0.839677,0.866762,0.880481,0.737122,0.630869,0.905393,0.999378,0.176524,0.0435,0.4,0.041111,0.807778,4.3,0,0,,2026-09-19T02:39:23,
2877,run_1789774700_1967,0,3118,-0.4767123107703781,-0.8267122510971223,V1_INV_PI,V1_INV_PI,2,0,1.0,200,0.780481,0.780021,0.855704,0.606139,0.558345,0.891078,0.991906,0.03536,0.033972,0.421111,0.032222,1.0,4.4,0,0,,2026-09-19T02:39:23,
2878,run_1789774700_1967,0,3119,0.7612440182152334,0.5143228373130058,V1_INV_PI,V1_INV_PI,2,0,1.0,200,0.839525,0.893342,0.888406,0.598841,0.72079,0.902078,0.997818,0.0,0.022288,0.68,0.001111,1.0,4.1,0,0,,2026-09-19T02:39:23,
2879,run_1789774700_1967,0,3120,0.9651618572477676,0.26391427184126615,V1_INV_PI,V1_INV_PI,2,0,1.0,200,0.824076,0.878711,0.874283,0.598507,0.671798,0.887786,0.996947,0.0,0.0123,0.755556,0.001111,1.0,4.0,0,0,,2026-09-19T02:39:23,
2880,run_1789774700_1967,0,3121,0.5237944922426143,0.8096996623073014,V1_INV_PI,V1_INV_PI,2,0,1.0,200,0.839134,0.890422,0.882907,0.599244,0.725452,0.904121,0.998468,0.0,0.032602,0.637778,0.001111,1.0,4.0,0,0,,2026-09-19T02:39:23,
2881,run_1789774700_1967,0,3122,-0.9746473917815421,-0.337661426027576,V1_INV_PI,V1_INV_PI,2,0,1.0,200,0.71949,0.687781,0.766984,0.635735,0.52052,0.729406,0.997656,0.287311,0.008518,0.313333,0.161111,1.0,4.8,0,0,,2026-09-19T02:39:23,
2882,run_1789774700_1967,0,3123,-0.9993437199069969,0.6565911047926767,V1_INV_PI,V1_INV_PI,2,0,1.0,200,0.740946,0.726116,0.778493,0.614897,0.560199,0.778489,0.997366,0.063097,0.011231,0.326667,0.005556,1.0,3.9,0,0,,2026-09-19T02:39:23,
2883,run_1789774700_1967,0,3124,0.5642559090143302,0.844100875454316,V1_INV_PI,V1_INV_PI,2,0,1.0,200,0.83662,0.887074,0.880864,0.599101,0.719415,0.901338,0.998292,0.0,0.029679,0.653333,0.001111,1.0,3.8,0,0,,2026-09-19T02:39:23,
2884,run_1789774700_1967,0,3125,-0.9444131478311408,0.8264094028956148,V1_INV_PI,V1_INV_PI,2,0,1.0,200,0.762966,0.766861,0.797835,0.609676,0.571562,0.830877,0.998387,0.012404,0.010945,0.352222,0.01,1.0,3.9,0,0,,2026-09-19T02:39:23,
2885,run_1789774700_1967,0,3126,0.19212360639321302,-0.5730187987092549,V1_INV_PI,V1_INV_PI,2,0,1.0,200,0.813586,0.865174,0.884437,0.600869,0.589154,0.908817,0.998672,0.0,0.102714,0.526667,0.001111,1.0,3.8,0,0,,2026-09-19T02:39:23,
2886,run_1789774700_1967,0,3127,-1.0895814368247891,0.4565277165525343,V1_INV_PI,V1_INV_PI,2,0,1.0,200,0.709233,0.676749,0.744482,0.620321,0.514232,0.723579,0.997691,0.117984,0.017304,0.301111,0.027778,1.0,4.2,0,0,,2026-09-19T02:39:23,
2887,run_1789774700_1967,0,3128,0.2466897507546646,-0.752921432286549,V1_INV_PI,V1_INV_PI,2,0,1.0,200,0.832966,0.890368,0.880475,0.60024,0.680189,0.909356,0.998903,0.0,0.059709,0.551111,0.001111,1.0,3.8,0,0,,2026-09-19T02:39:23,
2888,run_1789774700_1967,0,3129,0.44068094463506613,-0.8757453743976344,V1_INV_PI,V1_INV_PI,2,0,1.0,200,0.838777,0.889189,0.880877,0.599405,0.72618,0.904748,0.998654,0.0,0.034587,0.622222,0.001111,1.0,3.9,0,0,,2026-09-19T02:39:23,
2889,run_1789774700_1967,0,3130,-1.1755855364910126,1.1865491483629074,V1_INV_PI,V1_INV_PI,2,0,1.0,200,0.726473,0.707289,0.735357,0.605559,0.553823,0.772812,0.996785,0.0,0.023546,0.38,0.001111,1.0,3.9,0,0,,2026-09-19T02:39:23,
2890,run_1789774700_1967,0,3131,-0.553667383795859,0.5121147499354692,V1_INV_PI,V1_INV_PI,2,0,1.0,200,0.801856,0.798382,0.863397,0.698845,0.577567,0.88288,0.992381,0.156099,0.03776,0.383333,0.076667,0.86,4.1,0,0,,2026-09-19T02:39:23,
2891,run_1789774700_1967,0,3132,-0.8307946658007423,-0.42027852999551096,V1_INV_PI,V1_INV_PI,2,0,1.0,200,0.748686,0.731229,0.803059,0.649341,0.546305,0.776098,0.997725,0.332883,0.008394,0.338889,0.232222,1.0,4.4,0,0,,2026-09-19T02:39:23,
2892,run_1789774700_1967,0,3133,-1.0256113722736635,1.148648365230857,V1_INV_PI,V1_INV_PI,2,0,1.0,200,0.749412,0.744675,0.769384,0.605465,0.567418,0.814919,0.997766,0.003127,0.013188,0.384444,0.001111,1.0,4.1,0,0,,2026-09-19T02:39:23,
2893,run_1789774700_1967,0,3134,-0.7044284037751398,-1.0434755255803352,V1_INV_PI,V1_INV_PI,2,0,1.0,200,0.782803,0.801224,0.823589,0.605044,0.584032,0.872341,0.998305,0.005697,0.033404,0.411111,0.001111,1.0,4.1,0,0,,2026-09-19T02:39:23,
2894,run_1789774700_1967,0,3135,-0.44580590161573896,0.9884405826363547,V1_INV_PI,V1_INV_PI,2,0,1.0,200,0.78498,0.798786,0.847459,0.603777,0.565063,0.88911,0.996477,0.014444,0.035407,0.442222,0.005556,1.0,4.0,0,0,,2026-09-19T02:39:23,
2895,run_1789774700_1967,0,3136,-0.023738906436095553,-0.7175225356382202,V1_INV_PI,V1_INV_PI,2,0,1.0,200,0.804924,0.842592,0.876056,0.601928,0.59044,0.896799,0.99662,0.003127,0.113685,0.49,0.001111,1.0,3.8,0,0,,2026-09-19T02:39:23,
2896,run_1789774700_1967,0,3137,-1.0684902916306223,0.1317188730933081,V1_INV_PI,V1_INV_PI,2,0,1.0,200,0.657169,0.5849,0.728179,0.58892,0.466129,0.625806,0.997261,0.301369,0.014721,0.318889,0.181111,0.681111,4.4,0,0,,2026-09-19T02:39:23,
2897,run_1789774700_1967,0,3138,0.6947836396269951,-0.23987686326354296,V1_INV_PI,V1_INV_PI,2,0,1.0,200,0.846847,0.903004,0.895367,0.599129,0.738844,0.909117,0.998182,0.0,0.027592,0.641111,0.001111,1.0,3.9,0,0,,2026-09-19T02:39:23,
2898,run_1789774700_1967,0,3139,-0.2901496693226129,1.0248694698458258,V1_INV_PI,V1_INV_PI,2,0,1.0,200,0.780999,0.789052,0.852963,0.602503,0.556133,0.885426,0.994546,0.008058,0.030716,0.472222,0.005556,1.0,4.3,0,0,,2026-09-19T02:39:23,
2899,run_1789774700_1967,0,3140,0.4204716814725047,0.5880924476392912,V1_INV_PI,V1_INV_PI,2,0,1.0,200,0.845721,0.90127,0.888037,0.59978,0.738265,0.911239,0.998703,0.0,0.034179,0.585556,0.001111,1.0,3.8,0,0,,2026-09-19T02:39:23,
2900,run_1789774700_1967,0,3141,-1.3846399435747936,1.0679484166981463,V1_INV_PI,V1_INV_PI,2,0,1.0,200,0.686593,0.647742,0.688274,0.606549,0.500278,0.705131,0.997484,0.003127,0.011033,0.343333,0.001111,1.0,3.9,0,0,,2026-09-19T02:39:23,
2901,run_1789774700_1967,0,3142,0.5253254867226813,-0.9716397065294423,V1_INV_PI,V1_INV_PI,2,0,1.0,200,0.832899,0.881317,0.875098,0.599064,0.712839,0.898457,0.998343,0.0,0.030153,0.658889,0.001111,1.0,3.9,0,0,,2026-09-19T02:39:23,
2902,run_1789774700_1967,0,3143,0.04383307703967976,-0.98637291403469,V1_INV_PI,V1_INV_PI,2,0,1.0,200,0.816057,0.865239,0.866537,0.600652,0.629515,0.902683,0.99893,0.0,0.089111,0.536667,0.001111,1.0,3.9,0,0,,2026-09-19T02:39:23,
2903,run_1789774700_1967,0,3144,-0.6456170066647119,-0.7918218118531022,V1_INV_PI,V1_INV_PI,2,0,1.0,200,0.786764,0.799747,0.844061,0.608503,0.576165,0.887516,0.995937,0.051354,0.017378,0.388889,0.005556,1.0,3.9,0,0,,2026-09-19T02:39:23,
2904,run_1789774700_1967,0,3145,0.7030559096988127,-0.7371610087000121,V1_INV_PI,V1_INV_PI,2,0,1.0,200,0.834589,0.886145,0.880925,0.598848,0.71122,0.89815,0.997878,0.0,0.02324,0.685556,0.001111,1.0,4.0,0,0,,2026-09-19T02:39:23,
2905,run_1789774700_1967,0,3146,0.5092603250462449,-0.08696508381476864,V1_INV_PI,V1_INV_PI,2,0,1.0,200,0.850687,0.908804,0.894628,0.599753,0.749815,0.913813,0.998565,0.0,0.030481,0.581111,0.001111,1.0,4.0,0,0,,2026-09-19T02:39:23,
2906,run_1789774700_1967,0,3147,-0.7380631738291175,0.6596529398160811,V1_INV_PI,V1_INV_PI,2,0,1.0,200,0.747716,0.725933,0.821521,0.616216,0.529994,0.816108,0.991047,0.141943,0.018777,0.366667,0.121111,1.0,3.9,0,0,,2026-09-19T02:39:23,
2907,run_1789774700_1967,0,3148,0.6981120480374683,-0.959288173607868,V1_INV_PI,V1_INV_PI,2,0,1.0,200,0.822338,0.870137,0.865676,0.598705,0.683104,0.88692,0.997621,0.0,0.020503,0.725556,0.001111,1.0,3.9,0,0,,2026-09-19T02:39:23,
2908,run_1789774700_1967,0,3149,-0.22952167405166746,0.8307370548029762,V1_INV_PI,V1_INV_PI,2,0,1.0,200,0.793442,0.816162,0.865555,0.603089,0.571794,0.893976,0.994931,0.010281,0.07811,0.461111,0.001111,1.0,4.2,0,0,,2026-09-19T02:39:24,
2909,run_1789774700_1967,0,3150,-0.5107933561634626,0.02376563949140653,V1_INV_PI,V1_INV_PI,2,0,1.0,200,0.785392,0.789803,0.840902,0.699231,0.569796,0.814899,0.994781,0.229574,0.026929,0.374444,0.067778,0.666667,5.0,0,0,,2026-09-19T02:39:24,
2910,run_1789774700_1967,0,3151,-1.294968718171927,-0.3978589607647637,V1_INV_PI,V1_INV_PI,2,0,1.0,200,0.65265,0.587052,0.676157,0.617591,0.456443,0.624336,0.998054,0.06991,0.011319,0.274444,0.01,1.0,6.7,0,0,,2026-09-19T02:39:24,
2911,run_1789774700_1967,0,3152,0.2980468671703751,-0.24419618313827418,V1_INV_PI,V1_INV_PI,2,0,1.0,200,0.82773,0.891318,0.892522,0.60067,0.626288,0.914387,0.998805,0.0,0.084948,0.537778,0.001111,1.0,3.9,0,0,,2026-09-19T02:39:24,
2912,run_1789774700_1967,0,3153,-0.9221588776897136,1.1875609530997175,V1_INV_PI,V1_INV_PI,2,0,1.0,200,0.764809,0.77215,0.787754,0.604606,0.583542,0.83771,0.998198,0.003127,0.018763,0.405556,0.001111,1.0,3.9,0,0,,2026-09-19T02:39:24,
2913,run_1789774700_1967,0,3154,-1.285301491232477,-0.7447734780082282,V1_INV_PI,V1_INV_PI,2,0,1.0,200,0.68603,0.637854,0.706125,0.611583,0.511385,0.68319,0.998158,0.010281,0.010319,0.306667,0.001111,1.0,3.9,0,0,,2026-09-19T02:39:24,
2914,run_1789774700_1967,0,3155,0.5264370161339524,0.47627844866743474,V1_INV_PI,V1_INV_PI,2,0,1.0,200,0.847566,0.90277,0.891283,0.599524,0.745778,0.910666,0.998569,0.0,0.026883,0.605556,0.001111,1.0,3.9,0,0,,2026-09-19T02:39:24,
2915,run_1789774700_1967,0,3156,-0.6050098886534272,-0.04604415485028546,V1_INV_PI,V1_INV_PI,2,0,1.0,200,0.770034,0.769869,0.826964,0.684593,0.548495,0.796149,0.994247,0.237238,0.028673,0.367778,0.067778,0.632222,4.4,0,0,,2026-09-19T02:39:24,
2916,run_1789774700_1967,0,3157,-0.0821790718252342,-1.122195743983086,V1_INV_PI,V1_INV_PI,2,0,1.0,200,0.802946,0.842279,0.855472,0.600863,0.599444,0.894886,0.998509,0.0,0.100366,0.527778,0.001111,1.0,3.8,0,0,,2026-09-19T02:39:24,
2917,run_1789774700_1967,0,3158,-0.3717292169361901,-0.44363157512404516,V1_INV_PI,V1_INV_PI,2,0,1.0,200,0.778651,0.753821,0.877006,0.670332,0.55899,0.854329,0.97398,0.111277,0.048284,0.408889,0.058889,0.911111,4.0,0,0,,2026-09-19T02:39:24,
2918,run_1789774700_1967,0,3159,0.10353987278928045,-0.14191013673817743,V1_INV_PI,V1_INV_PI,2,0,1.0,200,0.678873,0.586925,0.890881,0.604857,0.509603,0.80111,0.741159,0.013752,0.092255,0.487778,0.014444,0.996667,3.8,0,0,,2026-09-19T02:39:24,
2919,run_1789774700_1967,0,3160,-0.8937506462000617,-0.8352784880945394,V1_INV_PI,V1_INV_PI,2,0,1.0,200,0.770287,0.779479,0.807079,0.609264,0.577183,0.844123,0.998463,0.02554,0.016059,0.361111,0.001111,1.0,3.9,0,0,,2026-09-19T02:39:24,
2920,run_1789774700_1967,0,3161,-0.5812214173837497,-0.23201967135876644,V1_INV_PI,V1_INV_PI,2,0,1.0,200,0.789743,0.79481,0.839504,0.702619,0.577741,0.824461,0.995945,0.228732,0.019126,0.363333,0.067778,0.67,4.4,0,0,,2026-09-19T02:39:24,
2921,run_1789774700_1967,0,3162,-1.2836302235125416,-1.0389448276090336,V1_INV_PI,V1_INV_PI,2,0,1.0,200,0.68472,0.646884,0.704815,0.607393,0.474168,0.702509,0.997772,0.0,0.013563,0.343333,0.001111,1.0,3.9,0,0,,2026-09-19T02:39:24,
2922,run_1789774700_1967,0,3163,0.7811054827500996,1.0660643130491947,V1_INV_PI,V1_INV_PI,2,0,1.0,200,0.8079,0.849911,0.845893,0.598506,0.658956,0.868998,0.997126,0.0,0.015189,0.802222,0.001111,1.0,4.3,0,0,,2026-09-19T02:39:24,
2923,run_1789774700_1967,0,3164,0.7226867852052306,-1.0418151418813313,V1_INV_PI,V1_INV_PI,2,0,1.0,200,0.808141,0.854038,0.847356,0.598617,0.647497,0.873259,0.997479,0.0,0.018397,0.765556,0.001111,1.0,4.0,0,0,,2026-09-19T02:39:24,
2924,run_1789774700_1967,0,3165,-0.5415985554329653,-0.11338958949186573,V1_INV_PI,V1_INV_PI,2,0,1.0,200,0.785222,0.789718,0.839091,0.698943,0.569383,0.81617,0.995032,0.230669,0.016693,0.372222,0.067778,0.662222,4.4,0,0,,2026-09-19T02:39:24,
2925,run_1789774700_1967,0,3166,-1.0744062892046922,-1.0378360550745176,V1_INV_PI,V1_INV_PI,2,0,1.0,200,0.741401,0.733251,0.760723,0.606984,0.564003,0.791395,0.997486,0.003127,0.015631,0.362222,0.001111,1.0,4.0,0,0,,2026-09-19T02:39:24,
2926,run_1789774700_1967,0,3167,0.4960935909728552,-1.0313884060663827,V1_INV_PI,V1_INV_PI,2,0,1.0,200,0.830619,0.877652,0.871533,0.599071,0.709545,0.896181,0.998375,0.0,0.030914,0.658889,0.001111,1.0,3.9,0,0,,2026-09-19T02:39:24,
2927,run_1789774700_1967,0,3168,-1.264221992994961,-0.6181803272306039,V1_INV_PI,V1_INV_PI,2,0,1.0,200,0.66606,0.607992,0.697811,0.614028,0.467227,0.650549,0.997467,0.033789,0.010272,0.296667,0.001111,1.0,4.2,0,0,,2026-09-19T02:39:24,
2928,run_1789774700_1967,0,3169,0.7334551796034252,-0.9681845115699662,V1_INV_PI,V1_INV_PI,2,0,1.0,200,0.817803,0.865375,0.860367,0.598631,0.670633,0.882628,0.997469,0.0,0.018601,0.742222,0.001111,1.0,4.3,0,0,,2026-09-19T02:39:24,
2929,run_1789774700_1967,0,3170,0.2788927688170486,-0.6004552680570794,V1_INV_PI,V1_INV_PI,2,0,1.0,200,0.836498,0.89615,0.885486,0.600336,0.686833,0.911578,0.998837,0.0,0.058878,0.546667,0.001111,1.0,3.9,0,0,,2026-09-19T02:39:24,
2930,run_1789774700_1967,0,3171,-0.8584662222441781,-0.5954528032319948,V1_INV_PI,V1_INV_PI,2,0,1.0,200,0.737397,0.717748,0.796199,0.620171,0.53126,0.775814,0.99629,0.172436,0.009172,0.344444,0.138889,1.0,3.9,0,0,,2026-09-19T02:39:24,
2931,run_1789774700_1967,0,3172,-1.472194508584153,0.289954007016878,V1_INV_PI,V1_INV_PI,2,0,1.0,200,0.624141,0.530489,0.638715,0.619759,0.459997,0.559038,0.99928,0.141901,0.014588,0.253333,0.094444,1.0,3.9,0,0,,2026-09-19T02:39:24,
2932,run_1789774700_1967,0,3173,-1.3648344764030411,-1.0150758482639295,V1_INV_PI,V1_INV_PI,2,0,1.0,200,0.683832,0.643049,0.691114,0.607275,0.490485,0.700456,0.997799,0.0,0.011653,0.333333,0.001111,1.0,4.1,0,0,,2026-09-19T02:39:24,
2933,run_1789774700_1967,0,3174,0.32370218129601325,-0.929356463818755,V1_INV_PI,V1_INV_PI,2,0,1.0,200,0.836174,0.886641,0.87486,0.599678,0.718637,0.9047,0.998882,0.0,0.037022,0.592222,0.001111,1.0,3.8,0,0,,2026-09-19T02:39:24,
2934,run_1789774700_1967,0,3175,-1.253787129279676,-0.31365592795888364,V1_INV_PI,V1_INV_PI,2,0,1.0,200,0.653955,0.580302,0.684902,0.621258,0.46529,0.623369,0.997715,0.155825,0.030611,0.278889,0.076667,1.0,3.9,0,0,,2026-09-19T02:39:24,
2935,run_1789774700_1967,0,3176,0.3970641043704455,-0.12931171424494492,V1_INV_PI,V1_INV_PI,2,0,1.0,200,0.848154,0.908835,0.894549,0.600199,0.730713,0.915495,0.998681,0.0,0.042436,0.555556,0.001111,1.0,3.9,0,0,,2026-09-19T02:39:24,
2936,run_1789774700_1967,0,3177,-1.021882371965273,0.457637896525694,V1_INV_PI,V1_INV_PI,2,0,1.0,200,0.720944,0.695429,0.763721,0.622535,0.520201,0.743049,0.997737,0.178339,0.010316,0.311111,0.072222,1.0,4.0,0,0,,2026-09-19T02:39:24,
2937,run_1789774700_1967,0,3178,0.45142461212735174,0.5748817679100444,V1_INV_PI,V1_INV_PI,2,0,1.0,200,0.845975,0.901289,0.888637,0.599687,0.739848,0.910849,0.998662,0.0,0.031774,0.592222,0.001111,1.0,4.0,0,0,,2026-09-19T02:39:24,
2938,run_1789774700_1967,0,3179,0.9515282989391971,-0.6485933393820161,V1_INV_PI,V1_INV_PI,2,0,1.0,200,0.812818,0.861154,0.856353,0.598443,0.657926,0.874017,0.996793,0.0,0.011324,0.801111,0.001111,1.0,4.2,0,0,,2026-09-19T02:39:24,
2939,run_1789774700_1967,0,3180,-0.22515697075856567,0.672588467583535,V1_INV_PI,V1_INV_PI,2,0,1.0,200,0.694204,0.612508,0.872924,0.610083,0.514658,0.775741,0.833774,0.028873,0.207476,0.447778,0.023333,0.993333,3.9,0,0,,2026-09-19T02:39:24,
2940,run_1789774700_1967,0,3181,0.33553347376038123,-0.13130126574460643,V1_INV_PI,V1_INV_PI,2,0,1.0,200,0.839167,0.903394,0.892772,0.600513,0.681665,0.915081,0.998759,0.0,0.062066,0.54,0.001111,1.0,3.9,0,0,,2026-09-19T02:39:24,
2941,run_1789774700_1967,0,3182,-0.2663005605968849,-1.0241306085428346,V1_INV_PI,V1_INV_PI,2,0,1.0,200,0.796373,0.82615,0.853996,0.602243,0.587404,0.891413,0.997183,0.003127,0.051672,0.475556,0.001111,1.0,3.9,0,0,,2026-09-19T02:39:24,
2942,run_1789774700_1967,0,3183,-1.234672684226543,0.304407405227868,V1_INV_PI,V1_INV_PI,2,0,1.0,200,0.658576,0.589569,0.688732,0.622223,0.467099,0.631568,0.998272,0.168791,0.026149,0.282222,0.09,1.0,4.0,0,0,,2026-09-19T02:39:24,
2943,run_1789774700_1967,0,3184,-0.2947198287342139,0.6571701089917086,V1_INV_PI,V1_INV_PI,2,0,1.0,200,0.717628,0.642062,0.872075,0.614382,0.520698,0.811171,0.895758,0.062678,0.107363,0.434444,0.054444,0.998889,3.9,0,0,,2026-09-19T02:39:24,
2944,run_1789774700_1967,0,3185,-0.39774913902778986,1.1428481104638546,V1_INV_PI,V1_INV_PI,2,0,1.0,200,0.794279,0.823626,0.840876,0.60235,0.595849,0.885372,0.998038,0.003127,0.048344,0.468889,0.001111,1.0,3.8,0,0,,2026-09-19T02:39:24,
2945,run_1789774700_1967,0,3186,-1.3607584160884505,-0.2868967104767315,V1_INV_PI,V1_INV_PI,2,0,1.0,200,0.623917,0.524633,0.656176,0.622114,0.454562,0.553462,0.998744,0.183346,0.019862,0.264444,0.107778,1.0,3.9,0,0,,2026-09-19T02:39:24,
2946,run_1789774700_1967,0,3187,0.7717425098754256,-0.40306271313108644,V1_INV_PI,V1_INV_PI,2,0,1.0,200,0.840919,0.895744,0.890671,0.598869,0.722528,0.903359,0.997796,0.0,0.02237,0.676667,0.001111,1.0,4.2,0,0,,2026-09-19T02:39:24,
2947,run_1789774700_1967,0,3188,-0.7424869247815766,-0.15185491180310828,V1_INV_PI,V1_INV_PI,2,0,1.0,200,0.748171,0.736934,0.807044,0.664132,0.525789,0.767597,0.99502,0.24264,0.018851,0.381111,0.072222,0.618889,4.6,0,0,,2026-09-19T02:39:24,
2948,run_1789774700_1967,0,3189,0.3681499536310142,0.9930582626718791,V1_INV_PI,V1_INV_PI,2,0,1.0,200,0.83507,0.883236,0.873837,0.599452,0.721194,0.901822,0.998767,0.0,0.033499,0.612222,0.001111,1.0,4.1,0,0,,2026-09-19T02:39:24,
2949,run_1789774700_1967,0,3190,-0.4674265423570336,-1.1259363000158171,V1_INV_PI,V1_INV_PI,2,0,1.0,200,0.790272,0.816206,0.837974,0.602819,0.582954,0.886,0.998392,0.003127,0.038049,0.456667,0.001111,1.0,3.9,0,0,,2026-09-19T02:39:24,
2950,run_1789774700_1967,0,3191,-0.9545422306764462,0.6679257938741994,V1_INV_PI,V1_INV_PI,2,0,1.0,200,0.751076,0.743185,0.790068,0.614653,0.565144,0.800766,0.997904,0.06922,0.010858,0.336667,0.005556,1.0,4.0,0,0,,2026-09-19T02:39:24,
2951,run_1789774700_1967,0,3192,-1.225709992590473,-0.6795106331050828,V1_INV_PI,V1_INV_PI,2,0,1.0,200,0.681073,0.629775,0.714415,0.61336,0.489206,0.676622,0.997262,0.033789,0.011446,0.305556,0.005556,1.0,4.3,0,0,,2026-09-19T02:39:24,
2952,run_1789774700_1967,0,3193,-0.9215734946134813,-0.28217651476224503,V1_INV_PI,V1_INV_PI,2,0,1.0,200,0.719303,0.68307,0.766828,0.654576,0.519159,0.719126,0.997214,0.336374,0.007809,0.317778,0.181111,1.0,4.5,0,0,,2026-09-19T02:39:24,
2953,run_1789774700_1967,0,3194,-0.28178883145531985,-1.1096240606207994,V1_INV_PI,V1_INV_PI,2,0,1.0,200,0.792182,0.818639,0.848671,0.601916,0.579939,0.888641,0.99765,0.003127,0.063565,0.488889,0.001111,1.0,4.6,0,0,,2026-09-19T02:39:24,
2954,run_1789774700_1967,0,3195,0.5460582404070746,0.24922719878903044,V1_INV_PI,V1_INV_PI,2,0,1.0,200,0.850658,0.907519,0.894734,0.599584,0.752447,0.913159,0.998596,0.0,0.027052,0.596667,0.001111,1.0,4.3,0,0,,2026-09-19T02:39:24,
2955,run_1789774700_1967,0,3196,-0.5190405532484321,1.1689306884682693,V1_INV_PI,V1_INV_PI,2,0,1.0,200,0.786359,0.809054,0.831763,0.602855,0.580359,0.88099,0.998004,0.003127,0.041539,0.457778,0.001111,1.0,3.9,0,0,,2026-09-19T02:39:24,
2956,run_1789774700_1967,0,3197,-0.6298355710046425,-0.09167677853775347,V1_INV_PI,V1_INV_PI,2,0,1.0,200,0.7672,0.765366,0.824061,0.681959,0.546052,0.79254,0.994443,0.237454,0.025214,0.368889,0.067778,0.631111,4.5,0,0,,2026-09-19T02:39:24,
2957,run_1789774700_1967,0,3198,-0.4229671137672151,0.8625889895634471,V1_INV_PI,V1_INV_PI,2,0,1.0,200,0.777563,0.773678,0.85567,0.604964,0.551862,0.890619,0.991178,0.025887,0.060138,0.431111,0.014444,1.0,4.2,0,0,,2026-09-19T02:39:24,
2958,run_1789774700_1967,0,3199,-0.17253482061012604,0.7239241521251121,V1_INV_PI,V1_INV_PI,2,0,1.0,200,0.683539,0.599184,0.871744,0.605254,0.512528,0.784065,0.784697,0.013752,0.295074,0.464444,0.012222,0.997778,4.5,0,0,,2026-09-19T02:39:24,
2959,run_1789774700_1967,0,3200,-1.112166265920966,1.19886022492622,V1_INV_PI,V1_INV_PI,2,0,1.0,200,0.742501,0.733744,0.751057,0.605164,0.577353,0.796204,0.997323,0.0,0.01509,0.384444,0.001111,1.0,4.1,0,0,,2026-09-19T02:39:24,
2960,run_1789774700_1967,0,3201,-0.06937473132556105,0.6370466108490549,V1_INV_PI,V1_INV_PI,2,0,1.0,200,0.706749,0.60642,0.877826,0.604179,0.512667,0.819302,0.886989,0.015073,0.127317,0.475556,0.018889,0.998889,3.9,0,0,,2026-09-19T02:39:24,
2961,run_1789774700_1967,0,3202,0.055486566256854886,0.14511862934797048,V1_INV_PI,V1_INV_PI,2,0,1.0,200,0.682527,0.60716,0.890586,0.61048,0.514278,0.753349,0.769555,0.023321,0.217119,0.48,0.018889,0.99,3.9,0,0,,2026-09-19T02:39:24,
2962,run_1789774700_1967,0,3203,0.29355392928358226,-1.1115208094885043,V1_INV_PI,V1_INV_PI,2,0,1.0,200,0.830264,0.876107,0.867497,0.599492,0.710382,0.898682,0.998861,0.0,0.036024,0.615556,0.001111,1.0,3.9,0,0,,2026-09-19T02:39:24,
2963,run_1789774700_1967,0,3204,0.22780020425708836,0.37154222328345066,V1_INV_PI,V1_INV_PI,2,0,1.0,200,0.785837,0.785244,0.889554,0.601099,0.539828,0.903218,0.996476,0.003127,0.140747,0.524444,0.005556,1.0,3.9,0,0,,2026-09-19T02:39:24,
2964,run_1789774700_1967,0,3205,-0.5030348668745475,1.1989746171745617,V1_INV_PI,V1_INV_PI,2,0,1.0,200,0.790387,0.817254,0.830745,0.60254,0.594652,0.880853,0.998365,0.0,0.04119,0.465556,0.001111,1.0,3.9,0,0,,2026-09-19T02:39:24,
2965,run_1789774700_1967,0,3206,0.6325705081028525,1.1453355630597872,V1_INV_PI,V1_INV_PI,2,0,1.0,200,0.811455,0.856041,0.850286,0.598685,0.658914,0.877417,0.997661,0.0,0.021181,0.744444,0.001111,1.0,3.9,0,0,,2026-09-19T02:39:24,
2966,run_1789774700_1967,0,3207,-0.09064343852811119,0.52637739872752,V1_INV_PI,V1_INV_PI,2,0,1.0,200,0.691442,0.615174,0.880498,0.61178,0.515172,0.735279,0.841594,0.025887,0.07276,0.464444,0.023333,0.99,4.0,0,0,,2026-09-19T02:39:25,
2967,run_1789774700_1967,0,3208,-0.39868790344643923,0.4630235518544319,V1_INV_PI,V1_INV_PI,2,0,1.0,200,0.78009,0.754975,0.875455,0.67114,0.558762,0.860156,0.976796,0.114739,0.064527,0.403333,0.058889,0.91,4.0,0,0,,2026-09-19T02:39:25,
2968,run_1789774700_1967,0,3209,-0.3742931103492704,0.7912831731190368,V1_INV_PI,V1_INV_PI,2,0,1.0,200,0.757494,0.720547,0.862549,0.606168,0.532377,0.875982,0.971974,0.03588,0.06463,0.431111,0.036667,1.0,3.9,0,0,,2026-09-19T02:39:25,
2969,run_1789774700_1967,0,3210,-0.31287615778327327,-1.1497767088352835,V1_INV_PI,V1_INV_PI,2,0,1.0,200,0.788448,0.811718,0.844526,0.601905,0.573599,0.886278,0.997145,0.003127,0.036378,0.487778,0.001111,1.0,3.9,0,0,,2026-09-19T02:39:25,
2970,run_1789774700_1967,0,3211,0.11531995487432045,0.328141157065009,V1_INV_PI,V1_INV_PI,2,0,1.0,200,0.671781,0.588341,0.888864,0.604835,0.510569,0.752868,0.740835,0.013752,0.196484,0.494444,0.014444,0.996667,3.9,0,0,,2026-09-19T02:39:25,
2971,run_1789774700_1967,0,3212,0.28113165088814895,-0.5639329104432305,V1_INV_PI,V1_INV_PI,2,0,1.0,200,0.835213,0.895889,0.88627,0.600381,0.677644,0.911826,0.99882,0.0,0.062596,0.544444,0.001111,1.0,3.8,0,0,,2026-09-19T02:39:25,
2972,run_1789774700_1967,0,3213,0.7665530653767538,1.0331856653551565,V1_INV_PI,V1_INV_PI,2,0,1.0,200,0.808169,0.852109,0.847036,0.598555,0.653848,0.870946,0.997228,0.0,0.015918,0.788889,0.001111,1.0,3.9,0,0,,2026-09-19T02:39:25,
2973,run_1789774700_1967,0,3214,-1.3900396678563527,0.8589210012182507,V1_INV_PI,V1_INV_PI,2,0,1.0,200,0.677558,0.630157,0.683115,0.608985,0.49898,0.677643,0.99807,0.0,0.010006,0.307778,0.001111,1.0,3.9,0,0,,2026-09-19T02:39:25,
2974,run_1789774700_1967,0,3215,0.6943823151316346,-0.2133986668973895,V1_INV_PI,V1_INV_PI,2,0,1.0,200,0.847131,0.90348,0.895863,0.599139,0.739103,0.909447,0.998186,0.0,0.027632,0.642222,0.001111,1.0,3.8,0,0,,2026-09-19T02:39:25,
2975,run_1789774700_1967,0,3216,-1.1950676924455452,-0.5837317065392917,V1_INV_PI,V1_INV_PI,2,0,1.0,200,0.684162,0.635511,0.714116,0.615371,0.494567,0.680457,0.99738,0.041429,0.010201,0.3,0.014444,1.0,4.3,0,0,,2026-09-19T02:39:25,
2976,run_1789774700_1967,0,3217,-0.1534033135276156,-0.5629346666918887,V1_INV_PI,V1_INV_PI,2,0,1.0,200,0.701207,0.629304,0.878838,0.617119,0.518911,0.753397,0.857612,0.037876,0.058226,0.453333,0.036667,0.982222,4.0,0,0,,2026-09-19T02:39:25,
2977,run_1789774700_1967,0,3218,0.6885698683384822,0.0657932837768711,V1_INV_PI,V1_INV_PI,2,0,1.0,200,0.847582,0.904747,0.89642,0.599181,0.73852,0.91029,0.998224,0.0,0.028436,0.635556,0.001111,1.0,4.1,0,0,,2026-09-19T02:39:25,
2978,run_1789774700_1967,0,3219,0.07836157788351183,0.7037957603884168,V1_INV_PI,V1_INV_PI,2,0,1.0,200,0.803937,0.841508,0.878677,0.601298,0.57836,0.901288,0.99744,0.003127,0.094767,0.511111,0.001111,1.0,4.0,0,0,,2026-09-19T02:39:25,
2979,run_1789774700_1967,0,3220,0.8453181700750338,0.9989761800503685,V1_INV_PI,V1_INV_PI,2,0,1.0,200,0.809511,0.852215,0.84923,0.59844,0.661827,0.869968,0.996917,0.0,0.0129,0.813333,0.001111,1.0,4.0,0,0,,2026-09-19T02:39:25,
2980,run_1789774700_1967,0,3221,0.5311234834571654,0.32665761477023825,V1_INV_PI,V1_INV_PI,2,0,1.0,200,0.850343,0.906951,0.894242,0.599598,0.751779,0.913126,0.998624,0.0,0.027367,0.595556,0.001111,1.0,3.8,0,0,,2026-09-19T02:39:25,
2981,run_1789774700_1967,0,3222,0.023805168856267267,0.38230853944900867,V1_INV_PI,V1_INV_PI,2,0,1.0,200,0.681993,0.60018,0.886346,0.608132,0.51185,0.742419,0.797571,0.017568,0.062118,0.482222,0.018889,0.993333,4.1,0,0,,2026-09-19T02:39:25,
2982,run_1789774700_1967,0,3223,0.7932893598817166,0.7738596695341724,V1_INV_PI,V1_INV_PI,2,0,1.0,200,0.825825,0.876283,0.872159,0.598639,0.687206,0.889611,0.997414,0.0,0.017874,0.73,0.001111,1.0,4.3,0,0,,2026-09-19T02:39:25,
2983,run_1789774700_1967,0,3224,-1.4614684964908349,0.3289793419875524,V1_INV_PI,V1_INV_PI,2,0,1.0,200,0.624346,0.53363,0.641526,0.617932,0.453243,0.560966,0.99926,0.109401,0.011349,0.257778,0.045556,1.0,4.0,0,0,,2026-09-19T02:39:25,
2984,run_1789774700_1967,0,3225,-0.8251882025351849,-0.433071540340636,V1_INV_PI,V1_INV_PI,2,0,1.0,200,0.748984,0.732311,0.804525,0.646801,0.539779,0.784024,0.99758,0.32593,0.014244,0.34,0.225556,1.0,4.8,0,0,,2026-09-19T02:39:25,
2985,run_1789774700_1967,0,3226,-1.4290352572690288,1.1281013596685232,V1_INV_PI,V1_INV_PI,2,0,1.0,200,0.689295,0.651357,0.683244,0.60581,0.514001,0.708877,0.997774,0.0,0.012764,0.348889,0.001111,1.0,4.3,0,0,,2026-09-19T02:39:25,
2986,run_1789774700_1967,0,3227,0.6768741986379179,1.0723616953917692,V1_INV_PI,V1_INV_PI,2,0,1.0,200,0.814872,0.860582,0.855475,0.598664,0.666296,0.880216,0.997523,0.0,0.019656,0.745556,0.001111,1.0,3.9,0,0,,2026-09-19T02:39:25,
2987,run_1789774700_1967,0,3228,-0.4873002605190373,-0.8865569150468706,V1_INV_PI,V1_INV_PI,2,0,1.0,200,0.779655,0.7806,0.851115,0.605291,0.556289,0.890956,0.99305,0.022018,0.056202,0.423333,0.014444,1.0,3.9,0,0,,2026-09-19T02:39:25,
2988,run_1789774700_1967,0,3229,-0.015367951353689735,1.1763543022692013,V1_INV_PI,V1_INV_PI,2,0,1.0,200,0.808839,0.852795,0.854828,0.600402,0.620623,0.896095,0.998987,0.0,0.093531,0.55,0.001111,1.0,3.9,0,0,,2026-09-19T02:39:25,
2989,run_1789774700_1967,0,3230,0.4117785885998475,0.5212548360515872,V1_INV_PI,V1_INV_PI,2,0,1.0,200,0.846479,0.902787,0.888713,0.599881,0.739301,0.911902,0.99875,0.0,0.035172,0.574444,0.001111,1.0,3.9,0,0,,2026-09-19T02:39:25,
2990,run_1789774700_1967,0,3231,-0.42456412467306426,-0.6410357616718875,V1_INV_PI,V1_INV_PI,2,0,1.0,200,0.74453,0.686579,0.868038,0.619286,0.5319,0.850995,0.949013,0.108378,0.055703,0.411111,0.105556,1.0,4.8,0,0,,2026-09-19T02:39:25,
2991,run_1789774700_1967,0,3232,0.6693865423894727,0.9293828691040422,V1_INV_PI,V1_INV_PI,2,0,1.0,200,0.828302,0.876795,0.872349,0.598777,0.699149,0.892591,0.997824,0.0,0.022764,0.703333,0.001111,1.0,3.9,0,0,,2026-09-19T02:39:25,
2992,run_1789774700_1967,0,3233,0.9294948024504595,0.14701861091931834,V1_INV_PI,V1_INV_PI,2,0,1.0,200,0.831658,0.886877,0.883027,0.598585,0.693205,0.894296,0.997146,0.0,0.014765,0.73,0.001111,1.0,4.2,0,0,,2026-09-19T02:39:25,
2993,run_1789774700_1967,0,3234,0.746146900758252,0.5907800089786899,V1_INV_PI,V1_INV_PI,2,0,1.0,200,0.836651,0.890009,0.884704,0.598842,0.713104,0.899877,0.997799,0.0,0.022346,0.684444,0.001111,1.0,5.0,0,0,,2026-09-19T02:39:25,
2994,run_1789774700_1967,0,3235,-1.083339554800204,0.5434139563664757,V1_INV_PI,V1_INV_PI,2,0,1.0,200,0.714323,0.684356,0.748926,0.617855,0.525815,0.7321,0.996865,0.087152,0.01553,0.311111,0.005556,1.0,3.9,0,0,,2026-09-19T02:39:25,
2995,run_1789774700_1967,0,3236,0.8534691568194668,0.2847206091680452,V1_INV_PI,V1_INV_PI,2,0,1.0,200,0.837929,0.892779,0.888728,0.598718,0.713466,0.89983,0.997488,0.0,0.018506,0.702222,0.001111,1.0,3.8,0,0,,2026-09-19T02:39:25,
2996,run_1789774700_1967,0,3237,0.24249480544036683,-0.949919450363735,V1_INV_PI,V1_INV_PI,2,0,1.0,200,0.832986,0.884207,0.872178,0.599913,0.703776,0.904728,0.998966,0.0,0.045174,0.577778,0.001111,1.0,3.8,0,0,,2026-09-19T02:39:25,
2997,run_1789774700_1967,0,3238,0.015322883203024329,-1.0415497882274802,V1_INV_PI,V1_INV_PI,2,0,1.0,200,0.806875,0.850687,0.863014,0.600659,0.598569,0.900319,0.998792,0.0,0.098616,0.534444,0.001111,1.0,4.0,0,0,,2026-09-19T02:39:25,
2998,run_1789774700_1967,0,3239,0.4346177698900018,1.1840171882237291,V1_INV_PI,V1_INV_PI,2,0,1.0,200,0.824594,0.868103,0.862474,0.599034,0.699816,0.890709,0.998421,0.0,0.031721,0.67,0.001111,1.0,3.8,0,0,,2026-09-19T02:39:25,
2999,run_1789774700_1967,0,3240,0.3592536939446871,0.08628643800851488,V1_INV_PI,V1_INV_PI,2,0,1.0,200,0.842301,0.905586,0.893554,0.600401,0.698163,0.9152,0.998711,0.0,0.055111,0.547778,0.001111,1.0,4.1,0,0,,2026-09-19T02:39:25,
3000,run_1789774700_1967,0,3241,-0.05819035226602587,-0.07622112087088762,V1_INV_PI,V1_INV_PI,2,0,1.0,200,0.71628,0.65858,0.890257,0.626597,0.528989,0.771461,0.860266,0.048598,0.05047,0.451111,0.036667,0.97,4.5,0,0,,2026-09-19T02:39:25,
3001,run_1789774700_1967,0,3242,0.9918468161888621,-0.03827989423515721,V1_INV_PI,V1_INV_PI,2,0,1.0,200,0.8233,0.877664,0.873554,0.598488,0.670734,0.886306,0.996811,0.0,0.012499,0.765556,0.001111,1.0,4.2,0,0,,2026-09-19T02:39:25,
3002,run_1789774700_1967,0,3243,-1.4078605978218235,0.927741556557433,V1_INV_PI,V1_INV_PI,2,0,1.0,200,0.677157,0.632959,0.680698,0.607961,0.490124,0.682696,0.997969,0.003127,0.009125,0.32,0.001111,1.0,3.8,0,0,,2026-09-19T02:39:25,
3003,run_1789774700_1967,0,3244,-1.4997945272397761,-0.768521399771409,V1_INV_PI,V1_INV_PI,2,0,1.0,200,0.639841,0.573048,0.648523,0.609611,0.440924,0.613247,0.998219,0.003127,0.01033,0.292222,0.001111,1.0,3.9,0,0,,2026-09-19T02:39:25,
3004,run_1789774700_1967,0,3245,0.278946541729598,0.6656384270982114,V1_INV_PI,V1_INV_PI,2,0,1.0,200,0.835706,0.894266,0.883375,0.600239,0.687977,0.910506,0.998837,0.0,0.056052,0.554444,0.001111,1.0,3.9,0,0,,2026-09-19T02:39:25,
3005,run_1789774700_1967,0,3246,-1.4162006880150868,0.3931659441102806,V1_INV_PI,V1_INV_PI,2,0,1.0,200,0.63397,0.550959,0.652308,0.616523,0.459195,0.581926,0.998248,0.068686,0.015782,0.265556,0.014444,1.0,5.4,0,0,,2026-09-19T02:39:25,
3006,run_1789774700_1967,0,3247,0.08818112816822676,-0.044108142788715554,V1_INV_PI,V1_INV_PI,2,0,1.0,200,0.682369,0.590494,0.891238,0.605915,0.510985,0.802313,0.754522,0.015975,0.069834,0.478889,0.018889,0.995556,3.9,0,0,,2026-09-19T02:39:25,
3007,run_1789774700_1967,0,3248,-0.8348539104355599,-0.2941199097097976,V1_INV_PI,V1_INV_PI,2,0,1.0,200,0.755166,0.729339,0.807475,0.693825,0.556599,0.763591,0.997385,0.407509,0.009902,0.333333,0.258889,1.0,4.1,0,0,,2026-09-19T02:39:25,
3008,run_1789774700_1967,0,3249,0.8838313379164373,-1.1721658890682196,V1_INV_PI,V1_INV_PI,2,0,1.0,200,0.811796,0.850779,0.851844,0.598243,0.676105,0.871137,0.996681,0.0,0.010975,0.853333,0.001111,1.0,4.0,0,0,,2026-09-19T02:39:25,
3009,run_1789774700_1967,0,3250,-0.28618954871685576,1.0275051577035355,V1_INV_PI,V1_INV_PI,2,0,1.0,200,0.779235,0.783847,0.853011,0.602494,0.554301,0.88471,0.993969,0.010281,0.024694,0.472222,0.005556,1.0,3.9,0,0,,2026-09-19T02:39:25,
3010,run_1789774700_1967,0,3251,0.38141004735244777,-1.1152552611791087,V1_INV_PI,V1_INV_PI,2,0,1.0,200,0.829414,0.874602,0.867011,0.599249,0.710681,0.896158,0.998658,0.0,0.035661,0.635556,0.001111,1.0,4.0,0,0,,2026-09-19T02:39:25,
3011,run_1789774700_1967,0,3252,-0.8625099961231371,-0.08660153475490406,V1_INV_PI,V1_INV_PI,2,0,1.0,200,0.724351,0.696976,0.785059,0.644576,0.508612,0.732841,0.996295,0.299199,0.00888,0.357778,0.145556,0.642222,5.3,0,0,,2026-09-19T02:39:25,
3012,run_1789774700_1967,0,3253,0.449018945790268,-1.139773264829027,V1_INV_PI,V1_INV_PI,2,0,1.0,200,0.827511,0.872042,0.86647,0.599053,0.706002,0.893387,0.998426,0.0,0.031681,0.664444,0.001111,1.0,3.8,0,0,,2026-09-19T02:39:25,
3013,run_1789774700_1967,0,3254,-0.8125557488015648,0.47747905605932495,V1_INV_PI,V1_INV_PI,2,0,1.0,200,0.746206,0.727045,0.805649,0.639089,0.535104,0.785812,0.997313,0.31139,0.009522,0.345556,0.198889,1.0,4.0,0,0,,2026-09-19T02:39:25,
3014,run_1789774700_1967,0,3255,-0.7302414402483615,-0.9642647269093868,V1_INV_PI,V1_INV_PI,2,0,1.0,200,0.78274,0.799992,0.825528,0.606198,0.58106,0.874158,0.998004,0.010281,0.026437,0.395556,0.001111,1.0,4.3,0,0,,2026-09-19T02:39:25,
3015,run_1789774700_1967,0,3256,-0.03405404549996316,0.40859643325303807,V1_INV_PI,V1_INV_PI,2,0,1.0,200,0.690683,0.622818,0.884556,0.61539,0.518241,0.737163,0.811174,0.033693,0.054806,0.467778,0.032222,0.983333,3.9,0,0,,2026-09-19T02:39:25,
3016,run_1789774700_1967,0,3257,0.32857500159472464,0.8413178328861151,V1_INV_PI,V1_INV_PI,2,0,1.0,200,0.839107,0.891336,0.879059,0.599786,0.723587,0.907214,0.998844,0.0,0.03766,0.582222,0.001111,1.0,5.1,0,0,,2026-09-19T02:39:25,
3017,run_1789774700_1967,0,3258,-0.1276113262419738,1.1724609016925231,V1_INV_PI,V1_INV_PI,2,0,1.0,200,0.80599,0.845787,0.851393,0.60088,0.619771,0.892914,0.998661,0.0,0.08436,0.524444,0.001111,1.0,4.2,0,0,,2026-09-19T02:39:25,
3018,run_1789774700_1967,0,3259,-0.00917092580312584,-0.4459411240355037,V1_INV_PI,V1_INV_PI,2,0,1.0,200,0.688146,0.607389,0.884327,0.610078,0.514042,0.741634,0.825247,0.018333,0.043307,0.473333,0.023333,0.991111,3.9,0,0,,2026-09-19T02:39:25,
3019,run_1789774700_1967,0,3260,0.9876936628371111,0.680558893893193,V1_INV_PI,V1_INV_PI,2,0,1.0,200,0.813611,0.859763,0.856719,0.598367,0.66662,0.872784,0.996646,0.0,0.012155,0.821111,0.001111,1.0,4.1,0,0,,2026-09-19T02:39:25,
3020,run_1789774700_1967,0,3261,-0.5252785182920886,-1.1912488444599931,V1_INV_PI,V1_INV_PI,2,0,1.0,200,0.790882,0.818425,0.829942,0.602695,0.596512,0.880845,0.998512,0.0,0.039914,0.458889,0.001111,1.0,3.9,0,0,,2026-09-19T02:39:25,
3021,run_1789774700_1967,0,3262,0.5367019365472756,0.11312963201349024,V1_INV_PI,V1_INV_PI,2,0,1.0,200,0.85074,0.908118,0.895003,0.599651,0.751798,0.91312,0.998495,0.0,0.028508,0.591111,0.001111,1.0,4.2,0,0,,2026-09-19T02:39:25,
3022,run_1789774700_1967,0,3263,0.13860928188201105,0.38895670100206514,V1_INV_PI,V1_INV_PI,2,0,1.0,200,0.808324,0.851072,0.888044,0.601584,0.578623,0.904667,0.997452,0.003127,0.107096,0.502222,0.001111,1.0,3.9,0,0,,2026-09-19T02:39:25,
3023,run_1789774700_1967,0,3264,-0.833357417927271,0.14033438306627288,V1_INV_PI,V1_INV_PI,2,0,1.0,200,0.724598,0.691579,0.781807,0.66169,0.514772,0.7236,0.99615,0.422219,0.01465,0.326667,0.318889,0.761111,4.4,0,0,,2026-09-19T02:39:25,
3024,run_1789774700_1967,0,3265,-1.0204182642960973,0.8060168621004948,V1_INV_PI,V1_INV_PI,2,0,1.0,200,0.749037,0.742002,0.780656,0.610568,0.569292,0.798458,0.997935,0.023797,0.010709,0.34,0.001111,1.0,4.3,0,0,,2026-09-19T02:39:25,
3025,run_1789774700_1967,0,3266,-1.399818451718112,1.064135115224058,V1_INV_PI,V1_INV_PI,2,0,1.0,200,0.685578,0.647131,0.685933,0.606527,0.498789,0.703144,0.997579,0.0,0.01323,0.34,0.001111,1.0,5.0,0,0,,2026-09-19T02:39:25,
3026,run_1789774700_1967,0,3267,-0.7530084165611376,0.28539447537335416,V1_INV_PI,V1_INV_PI,2,0,1.0,200,0.762152,0.746848,0.823925,0.677728,0.555746,0.782739,0.996132,0.312346,0.0123,0.34,0.136667,0.756667,6.1,0,0,,2026-09-19T02:39:26,
3027,run_1789774700_1967,0,3268,-0.5428780683530785,-0.8195996541573805,V1_INV_PI,V1_INV_PI,2,0,1.0,200,0.781173,0.781389,0.851671,0.60719,0.561269,0.892023,0.993351,0.050312,0.038127,0.406667,0.023333,1.0,3.9,0,0,,2026-09-19T02:39:26,
3028,run_1789774700_1967,0,3269,0.5008408204578769,-0.9216965758150856,V1_INV_PI,V1_INV_PI,2,0,1.0,200,0.835404,0.884664,0.877518,0.599183,0.718942,0.900818,0.998458,0.0,0.032476,0.642222,0.001111,1.0,4.3,0,0,,2026-09-19T02:39:26,
3029,run_1789774700_1967,0,3270,0.45840809135797955,-0.2409696081067746,V1_INV_PI,V1_INV_PI,2,0,1.0,200,0.849987,0.908355,0.894184,0.599902,0.745577,0.914328,0.998665,0.0,0.03445,0.572222,0.001111,1.0,4.2,0,0,,2026-09-19T02:39:26,
3030,run_1789774700_1967,0,3271,-0.8360399434410862,0.018982471183511374,V1_INV_PI,V1_INV_PI,2,0,1.0,200,0.722943,0.701007,0.786241,0.642324,0.494744,0.7323,0.995662,0.249427,0.012833,0.39,0.074444,0.61,4.6,0,0,,2026-09-19T02:39:26,
3031,run_1789774700_1967,0,3272,0.6261039604078666,0.0053432624475209245,V1_INV_PI,V1_INV_PI,2,0,1.0,200,0.849456,0.906593,0.895817,0.59937,0.746857,0.911631,0.998379,0.0,0.026967,0.615556,0.001111,1.0,3.9,0,0,,2026-09-19T02:39:26,
3032,run_1789774700_1967,0,3273,0.7031329121951502,0.21999604288145336,V1_INV_PI,V1_INV_PI,2,0,1.0,200,0.847198,0.903399,0.89604,0.59911,0.739628,0.909382,0.998161,0.0,0.027192,0.643333,0.001111,1.0,3.8,0,0,,2026-09-19T02:39:26,
3033,run_1789774700_1967,0,3274,-1.392770834399597,0.22620572653983495,V1_INV_PI,V1_INV_PI,2,0,1.0,200,0.618168,0.521104,0.648994,0.624568,0.427245,0.552465,0.999342,0.230696,0.01051,0.263333,0.138889,1.0,3.9,0,0,,2026-09-19T02:39:26,
3034,run_1789774700_1967,0,3275,0.3575291236514593,-0.7124865210381189,V1_INV_PI,V1_INV_PI,2,0,1.0,200,0.842252,0.896639,0.883511,0.599865,0.728807,0.909612,0.998823,0.0,0.037648,0.576667,0.001111,1.0,4.2,0,0,,2026-09-19T02:39:26,
3035,run_1789774700_1967,0,3276,0.7850996560732768,0.7907084358462937,V1_INV_PI,V1_INV_PI,2,0,1.0,200,0.825677,0.875935,0.871874,0.598648,0.687123,0.889562,0.997413,0.0,0.017959,0.731111,0.001111,1.0,4.0,0,0,,2026-09-19T02:39:26,
3036,run_1789774700_1967,0,3277,0.7334564054645147,-0.8077805974173828,V1_INV_PI,V1_INV_PI,2,0,1.0,200,0.829484,0.879845,0.875476,0.598736,0.698241,0.893387,0.997644,0.0,0.020444,0.708889,0.001111,1.0,3.8,0,0,,2026-09-19T02:39:26,
3037,run_1789774700_1967,0,3278,-1.407285902529718,-0.7555079249360943,V1_INV_PI,V1_INV_PI,2,0,1.0,200,0.662201,0.603757,0.672348,0.610404,0.481768,0.645987,0.997903,0.005697,0.013976,0.295556,0.001111,1.0,3.9,0,0,,2026-09-19T02:39:26,
3038,run_1789774700_1967,0,3279,0.5883393302544935,-0.15166626579738773,V1_INV_PI,V1_INV_PI,2,0,1.0,200,0.849814,0.906945,0.895077,0.599472,0.748702,0.912132,0.998471,0.0,0.025205,0.607778,0.001111,1.0,4.4,0,0,,2026-09-19T02:39:26,
3039,run_1789774700_1967,0,3280,0.07944187102905076,1.1133188518883028,V1_INV_PI,V1_INV_PI,2,0,1.0,200,0.815818,0.864331,0.861161,0.600189,0.637914,0.899867,0.999101,0.0,0.076987,0.561111,0.001111,1.0,3.9,0,0,,2026-09-19T02:39:26,
3040,run_1789774700_1967,0,3281,0.43292000660384544,-0.5126283590814988,V1_INV_PI,V1_INV_PI,2,0,1.0,200,0.846522,0.902593,0.888584,0.599808,0.740688,0.911383,0.998694,0.0,0.033747,0.577778,0.001111,1.0,3.8,0,0,,2026-09-19T02:39:26,
3041,run_1789774700_1967,0,3282,0.34094796748414735,0.8468951823029183,V1_INV_PI,V1_INV_PI,2,0,1.0,200,0.83949,0.891329,0.879566,0.599736,0.725831,0.907097,0.998819,0.0,0.036518,0.586667,0.001111,1.0,3.8,0,0,,2026-09-19T02:39:26,
3042,run_1789774700_1967,0,3283,0.7746602075507045,-0.8816281449050262,V1_INV_PI,V1_INV_PI,2,0,1.0,200,0.819578,0.868674,0.864194,0.598617,0.671463,0.884454,0.997334,0.0,0.017215,0.745556,0.001111,1.0,3.8,0,0,,2026-09-19T02:39:26,
3043,run_1789774700_1967,0,3284,-1.4058396992258193,-1.0960875567520256,V1_INV_PI,V1_INV_PI,2,0,1.0,200,0.685517,0.646034,0.685094,0.606216,0.501298,0.703255,0.997524,0.0,0.012295,0.346667,0.001111,1.0,3.9,0,0,,2026-09-19T02:39:26,
3044,run_1789774700_1967,0,3285,0.5028548788837397,-0.775216827871452,V1_INV_PI,V1_INV_PI,2,0,1.0,200,0.840301,0.892235,0.883269,0.599334,0.728355,0.905439,0.998551,0.0,0.032643,0.622222,0.001111,1.0,4.0,0,0,,2026-09-19T02:39:26,
3045,run_1789774700_1967,0,3286,-0.07685482596854198,0.31107490457766374,V1_INV_PI,V1_INV_PI,2,0,1.0,200,0.709614,0.64966,0.887231,0.623342,0.525364,0.753513,0.858543,0.042897,0.084413,0.453333,0.032222,0.974444,3.9,0,0,,2026-09-19T02:39:26,
3046,run_1789774700_1967,0,3287,-0.6790270446772073,-1.1430341658897747,V1_INV_PI,V1_INV_PI,2,0,1.0,200,0.783528,0.803398,0.820849,0.603877,0.589392,0.871932,0.998477,0.0,0.032678,0.428889,0.001111,1.0,4.4,0,0,,2026-09-19T02:39:26,
3047,run_1789774700_1967,0,3288,-1.0011852501686724,0.09030711043488848,V1_INV_PI,V1_INV_PI,2,0,1.0,200,0.675918,0.61908,0.745553,0.601692,0.473956,0.655681,0.99744,0.290408,0.016294,0.35,0.143333,0.65,4.5,0,0,,2026-09-19T02:39:26,
3048,run_1789774700_1967,0,3289,-1.3913842423542913,0.3286586795148738,V1_INV_PI,V1_INV_PI,2,0,1.0,200,0.628755,0.539594,0.654017,0.619072,0.45119,0.569353,0.998745,0.118644,0.018771,0.265556,0.063333,1.0,5.8,0,0,,2026-09-19T02:39:26,
3049,run_1789774700_1967,0,3290,0.06496371383639055,0.04556757546241297,V1_INV_PI,V1_INV_PI,2,0,1.0,200,0.686042,0.602711,0.890594,0.609456,0.513087,0.755987,0.799973,0.024023,0.031411,0.475556,0.027778,0.991111,3.9,0,0,,2026-09-19T02:39:26,
3050,run_1789774700_1967,0,3291,-0.4131757322156635,0.6763093300989518,V1_INV_PI,V1_INV_PI,2,0,1.0,200,0.763454,0.731385,0.866987,0.610111,0.540361,0.873875,0.979386,0.07791,0.040174,0.414444,0.085556,1.0,3.9,0,0,,2026-09-19T02:39:26,
3051,run_1789774700_1967,0,3292,0.9852629421670307,0.6363719657367195,V1_INV_PI,V1_INV_PI,2,0,1.0,200,0.81347,0.860596,0.856929,0.59839,0.663525,0.873292,0.996672,0.0,0.011895,0.814444,0.001111,1.0,3.8,0,0,,2026-09-19T02:39:26,
3052,run_1789774700_1967,0,3293,0.3088111230236983,-0.7226248585812649,V1_INV_PI,V1_INV_PI,2,0,1.0,200,0.839339,0.89504,0.882124,0.600032,0.713286,0.909585,0.99883,0.0,0.044882,0.567778,0.001111,1.0,3.9,0,0,,2026-09-19T02:39:26,
3053,run_1789774700_1967,0,3294,-0.46942377608693286,-0.6884108826177108,V1_INV_PI,V1_INV_PI,2,0,1.0,200,0.767441,0.739217,0.863177,0.610615,0.543963,0.883372,0.98312,0.083556,0.077227,0.408889,0.076667,1.0,5.0,0,0,,2026-09-19T02:39:26,
3054,run_1789774700_1967,0,3295,-1.3632436639619572,0.7691302406041978,V1_INV_PI,V1_INV_PI,2,0,1.0,200,0.673148,0.620368,0.685147,0.610459,0.496029,0.664067,0.998003,0.0,0.009346,0.301111,0.001111,1.0,3.9,0,0,,2026-09-19T02:39:26,
3055,run_1789774700_1967,0,3296,-0.644452450798744,-0.9519975755759882,V1_INV_PI,V1_INV_PI,2,0,1.0,200,0.785916,0.804447,0.835575,0.605767,0.57718,0.882514,0.99766,0.014444,0.050837,0.408889,0.001111,1.0,4.1,0,0,,2026-09-19T02:39:26,
3056,run_1789774700_1967,0,3297,0.512146822122534,-1.1420373477955434,V1_INV_PI,V1_INV_PI,2,0,1.0,200,0.823975,0.868462,0.863266,0.598911,0.69582,0.889539,0.998192,0.0,0.027992,0.686667,0.001111,1.0,3.8,0,0,,2026-09-19T02:39:26,
3057,run_1789774700_1967,0,3298,-0.8676934951991229,-1.009128875626115,V1_INV_PI,V1_INV_PI,2,0,1.0,200,0.773124,0.786888,0.804458,0.606327,0.583862,0.849405,0.998628,0.0,0.013439,0.385556,0.001111,1.0,3.8,0,0,,2026-09-19T02:39:26,
3058,run_1789774700_1967,0,3299,-0.5728513615414635,1.0178469675652775,V1_INV_PI,V1_INV_PI,2,0,1.0,200,0.786401,0.804774,0.837239,0.604417,0.577194,0.885028,0.997505,0.008058,0.049498,0.425556,0.001111,1.0,4.0,0,0,,2026-09-19T02:39:26,
3059,run_1789774700_1967,0,3300,0.9093449578777841,0.23250225689416015,V1_INV_PI,V1_INV_PI,2,0,1.0,200,0.834498,0.889053,0.885581,0.598609,0.703819,0.89631,0.997247,0.0,0.015685,0.722222,0.001111,1.0,3.8,0,0,,2026-09-19T02:39:26,
3060,run_1789774700_1967,0,3301,-1.055398021800018,-0.6336717088168402,V1_INV_PI,V1_INV_PI,2,0,1.0,200,0.723041,0.69758,0.7604,0.615465,0.535348,0.749146,0.997282,0.061113,0.017251,0.321111,0.005556,1.0,3.9,0,0,,2026-09-19T02:39:26,
3061,run_1789774700_1967,0,3302,-0.3324037779603892,0.2680689279522561,V1_INV_PI,V1_INV_PI,2,0,1.0,200,0.811778,0.818167,0.882083,0.704243,0.586981,0.885902,0.98903,0.140119,0.057594,0.408889,0.05,0.868889,4.0,0,0,,2026-09-19T02:39:26,
3062,run_1789774700_1967,0,3303,0.5876260625160659,-1.1180493705683536,V1_INV_PI,V1_INV_PI,2,0,1.0,200,0.821181,0.866093,0.861537,0.598782,0.686368,0.886458,0.997909,0.0,0.024082,0.712222,0.001111,1.0,3.8,0,0,,2026-09-19T02:39:26,
3063,run_1789774700_1967,0,3304,-0.08936663359241925,-0.24619903970055668,V1_INV_PI,V1_INV_PI,2,0,1.0,200,0.719915,0.662599,0.888007,0.628204,0.529361,0.772874,0.876657,0.054468,0.075498,0.45,0.036667,0.967778,3.9,0,0,,2026-09-19T02:39:26,
3064,run_1789774700_1967,0,3305,-0.6948974399597244,-0.6672349388998738,V1_INV_PI,V1_INV_PI,2,0,1.0,200,0.769171,0.759395,0.835431,0.615661,0.560182,0.860497,0.990377,0.131508,0.01294,0.373333,0.11,1.0,3.9,0,0,,2026-09-19T02:39:26,
3065,run_1789774700_1967,0,3306,-0.5676317599135614,1.0371210717355168,V1_INV_PI,V1_INV_PI,2,0,1.0,200,0.786093,0.804953,0.836063,0.6042,0.578197,0.883038,0.997534,0.008058,0.0257,0.431111,0.001111,1.0,4.0,0,0,,2026-09-19T02:39:26,
3066,run_1789774700_1967,0,3307,0.6269545415794093,0.017246866215028467,V1_INV_PI,V1_INV_PI,2,0,1.0,200,0.849597,0.906697,0.896202,0.599368,0.747144,0.911721,0.99838,0.0,0.026891,0.616667,0.001111,1.0,4.2,0,0,,2026-09-19T02:39:26,
3067,run_1789774700_1967,0,3308,0.7683669429305451,-0.4595546796199813,V1_INV_PI,V1_INV_PI,2,0,1.0,200,0.840042,0.89431,0.889365,0.598854,0.721251,0.902505,0.99779,0.0,0.022114,0.68,0.001111,1.0,3.9,0,0,,2026-09-19T02:39:26,
3068,run_1789774700_1967,0,3309,-0.6137087294144609,-1.1349589493342205,V1_INV_PI,V1_INV_PI,2,0,1.0,200,0.789183,0.814264,0.827262,0.603556,0.596265,0.878357,0.998673,0.0,0.036466,0.434444,0.001111,1.0,4.0,0,0,,2026-09-19T02:39:26,
3069,run_1789774700_1967,0,3310,-1.1221839716034487,-0.13643751575537566,V1_INV_PI,V1_INV_PI,2,0,1.0,200,0.640627,0.560284,0.713668,0.573546,0.453682,0.598026,0.998117,0.279889,0.015876,0.324444,0.147778,0.675556,4.4,0,0,,2026-09-19T02:39:26,
3070,run_1789774700_1967,0,3311,-0.6121853966698165,-0.5476294609503898,V1_INV_PI,V1_INV_PI,2,0,1.0,200,0.781747,0.762306,0.854829,0.655328,0.564253,0.877505,0.989219,0.240462,0.029074,0.38,0.238889,1.0,3.9,0,0,,2026-09-19T02:39:26,
3071,run_1789774700_1967,0,3312,-0.8205108064286002,-0.33871420762135573,V1_INV_PI,V1_INV_PI,2,0,1.0,200,0.7598,0.739588,0.808572,0.685482,0.563699,0.777422,0.997515,0.398982,0.007608,0.333333,0.263333,1.0,4.2,0,0,,2026-09-19T02:39:26,
3072,run_1789774700_1967,0,3313,-1.3952630042180854,0.7402736145851554,V1_INV_PI,V1_INV_PI,2,0,1.0,200,0.663516,0.605607,0.674874,0.610685,0.483114,0.647491,0.99793,0.005697,0.012642,0.295556,0.001111,1.0,4.2,0,0,,2026-09-19T02:39:26,
3073,run_1789774700_1967,0,3314,-0.14732601230813502,-0.9969999633147081,V1_INV_PI,V1_INV_PI,2,0,1.0,200,0.800448,0.835848,0.86012,0.601653,0.58975,0.894312,0.997405,0.0,0.07688,0.496667,0.001111,1.0,3.9,0,0,,2026-09-19T02:39:26,
3074,run_1789774700_1967,0,3315,-0.01818516273466697,0.3043820859528965,V1_INV_PI,V1_INV_PI,2,0,1.0,200,0.692932,0.625245,0.886693,0.615805,0.518973,0.745558,0.810444,0.036257,0.09588,0.47,0.027778,0.983333,4.4,0,0,,2026-09-19T02:39:26,
3075,run_1789774700_1967,0,3316,0.830773458207362,-0.27494358585735923,V1_INV_PI,V1_INV_PI,2,0,1.0,200,0.838494,0.893945,0.889222,0.598775,0.713525,0.900939,0.997591,0.0,0.019577,0.694444,0.001111,1.0,3.8,0,0,,2026-09-19T02:39:26,
3076,run_1789774700_1967,0,3317,-0.6032411504501703,-0.5728999255276045,V1_INV_PI,V1_INV_PI,2,0,1.0,200,0.769155,0.729172,0.855005,0.648169,0.548688,0.877522,0.983027,0.215848,0.036596,0.38,0.225556,1.0,3.9,0,0,,2026-09-19T02:39:26,
3077,run_1789774700_1967,0,3318,-1.4202882861005428,1.1160127616188904,V1_INV_PI,V1_INV_PI,2,0,1.0,200,0.688459,0.650428,0.684277,0.605959,0.510083,0.707609,0.997752,0.0,0.012147,0.35,0.001111,1.0,4.0,0,0,,2026-09-19T02:39:26,
3078,run_1789774700_1967,0,3319,-0.7893642969789172,-1.1536248780201825,V1_INV_PI,V1_INV_PI,2,0,1.0,200,0.780646,0.799184,0.808312,0.604293,0.601729,0.859364,0.998638,0.0,0.016284,0.416667,0.001111,1.0,4.1,0,0,,2026-09-19T02:39:26,
3079,run_1789774700_1967,0,3320,0.1661504142313559,0.5566976244762878,V1_INV_PI,V1_INV_PI,2,0,1.0,200,0.819741,0.875823,0.884581,0.60103,0.612047,0.908825,0.998751,0.0,0.103162,0.522222,0.001111,1.0,4.1,0,0,,2026-09-19T02:39:26,
3080,run_1789774700_1967,0,3321,-1.3712429888092106,-0.06593513647069882,V1_INV_PI,V1_INV_PI,2,0,1.0,200,0.603579,0.480567,0.649002,0.640506,0.426264,0.50791,0.999235,0.397629,0.020258,0.261111,0.283333,0.998889,4.2,0,0,,2026-09-19T02:39:26,
3081,run_1789774700_1967,0,3322,-1.2431916313253293,0.020961166571909606,V1_INV_PI,V1_INV_PI,2,0,1.0,200,0.619072,0.532136,0.686831,0.558246,0.429525,0.567128,0.99852,0.256368,0.014631,0.322222,0.116667,0.677778,5.0,0,0,,2026-09-19T02:39:26,
3082,run_1789774700_1967,0,3323,0.7100523510351362,-0.27387373739546095,V1_INV_PI,V1_INV_PI,2,0,1.0,200,0.845178,0.901388,0.893956,0.599075,0.733243,0.907817,0.998115,0.0,0.026679,0.646667,0.001111,1.0,3.8,0,0,,2026-09-19T02:39:26,
3083,run_1789774700_1967,0,3324,-0.7171132195134547,1.0800031191690709,V1_INV_PI,V1_INV_PI,2,0,1.0,200,0.783056,0.80286,0.820186,0.6047,0.588721,0.870275,0.998392,0.0,0.031759,0.412222,0.001111,1.0,3.8,0,0,,2026-09-19T02:39:26,
3084,run_1789774700_1967,0,3325,-0.9989163395283338,-0.14190450275900668,V1_INV_PI,V1_INV_PI,2,0,1.0,200,0.701527,0.62551,0.76312,0.648801,0.512878,0.763778,0.945754,0.342913,0.054179,0.306667,0.196667,0.932222,4.0,0,0,,2026-09-19T02:39:26,
3085,run_1789774700_1967,0,3326,0.392937947946999,0.25315570160871137,V1_INV_PI,V1_INV_PI,2,0,1.0,200,0.847122,0.907134,0.892924,0.600169,0.729381,0.914423,0.998692,0.0,0.042683,0.556667,0.001111,1.0,3.8,0,0,,2026-09-19T02:39:26,
3086,run_1789774700_1967,0,3327,-0.10010047456292703,0.8847045547722978,V1_INV_PI,V1_INV_PI,2,0,1.0,200,0.806536,0.846456,0.867295,0.60181,0.602574,0.896968,0.997499,0.0,0.091171,0.491111,0.001111,1.0,3.9,0,0,,2026-09-19T02:39:26,
3087,run_1789774700_1967,0,3328,-1.3920752387697732,0.24929930731066552,V1_INV_PI,V1_INV_PI,2,0,1.0,200,0.619304,0.52326,0.64925,0.622971,0.430897,0.554271,0.999207,0.199906,0.010658,0.262222,0.143333,1.0,4.3,0,0,,2026-09-19T02:39:26,
3088,run_1789774700_1967,0,3329,0.485778905015656,0.01450406820509409,V1_INV_PI,V1_INV_PI,2,0,1.0,200,0.85159,0.909819,0.895447,0.599851,0.752239,0.914729,0.998638,0.0,0.032344,0.577778,0.001111,1.0,4.2,0,0,,2026-09-19T02:39:27,
3089,run_1789774700_1967,0,3330,0.0014628565797738524,0.27256987601991,V1_INV_PI,V1_INV_PI,2,0,1.0,200,0.697712,0.630839,0.887823,0.617424,0.519803,0.748329,0.826639,0.033789,0.120939,0.471111,0.027778,0.981111,4.1,0,0,,2026-09-19T02:39:27,
3090,run_1789774700_1967,0,3331,-0.6889621457739168,0.15619627882850673,V1_INV_PI,V1_INV_PI,2,0,1.0,200,0.757705,0.75119,0.815808,0.673291,0.53504,0.780576,0.994669,0.238299,0.018,0.373333,0.072222,0.626667,4.7,0,0,,2026-09-19T02:39:27,
3091,run_1789774700_1967,0,3332,-1.0347585628486888,-0.2728527367524437,V1_INV_PI,V1_INV_PI,2,0,1.0,200,0.715987,0.676235,0.761446,0.634343,0.520704,0.731607,0.998086,0.305518,0.008269,0.306667,0.17,1.0,4.0,0,0,,2026-09-19T02:39:27,
3092,run_1789774700_1967,0,3333,0.9913587413692935,0.24757978144034243,V1_INV_PI,V1_INV_PI,2,0,1.0,200,0.81661,0.870781,0.865297,0.598481,0.651377,0.880762,0.996852,0.0,0.011543,0.777778,0.001111,1.0,4.2,0,0,,2026-09-19T02:39:27,
3093,run_1789774700_1967,0,3334,0.48980682313096424,-0.08074724586591553,V1_INV_PI,V1_INV_PI,2,0,1.0,200,0.851442,0.909665,0.895567,0.599828,0.751438,0.914715,0.998624,0.0,0.032634,0.575556,0.001111,1.0,3.9,0,0,,2026-09-19T02:39:27,
3094,run_1789774700_1967,0,3335,-1.305787865968104,-0.7688948112581275,V1_INV_PI,V1_INV_PI,2,0,1.0,200,0.68485,0.634732,0.702154,0.611132,0.51287,0.68307,0.998556,0.014444,0.0091,0.308889,0.001111,1.0,5.3,0,0,,2026-09-19T02:39:27,
3095,run_1789774700_1967,0,3336,-1.1128004660826387,-1.084705950863519,V1_INV_PI,V1_INV_PI,2,0,1.0,200,0.72787,0.710185,0.747841,0.606633,0.548817,0.768807,0.996726,0.0,0.010204,0.366667,0.001111,1.0,3.9,0,0,,2026-09-19T02:39:27,
3096,run_1789774700_1967,0,3337,0.7648749801114918,1.136229424577502,V1_INV_PI,V1_INV_PI,2,0,1.0,200,0.807155,0.847773,0.844479,0.598476,0.659915,0.868108,0.997102,0.0,0.014961,0.807778,0.001111,1.0,4.3,0,0,,2026-09-19T02:39:27,
3097,run_1789774700_1967,0,3338,0.6357813225245543,0.9220442954606225,V1_INV_PI,V1_INV_PI,2,0,1.0,200,0.829276,0.877989,0.873065,0.598862,0.701717,0.893616,0.997933,0.0,0.024291,0.693333,0.001111,1.0,3.8,0,0,,2026-09-19T02:39:27,
3098,run_1789774700_1967,0,3339,0.715910469840463,-0.35294960218687377,V1_INV_PI,V1_INV_PI,2,0,1.0,200,0.844088,0.899769,0.892989,0.599032,0.730748,0.906807,0.998065,0.0,0.025823,0.653333,0.001111,1.0,4.1,0,0,,2026-09-19T02:39:27,
3099,run_1789774700_1967,0,3340,-0.8465455522278582,0.6374741431837414,V1_INV_PI,V1_INV_PI,2,0,1.0,200,0.739094,0.719117,0.80015,0.617453,0.528928,0.78565,0.996588,0.14271,0.010081,0.345556,0.114444,1.0,3.9,0,0,,2026-09-19T02:39:27,
3100,run_1789774700_1967,0,3341,-1.0169459352733532,-0.44624192701481,V1_INV_PI,V1_INV_PI,2,0,1.0,200,0.720139,0.692924,0.765105,0.623482,0.517309,0.742424,0.99773,0.200495,0.006979,0.312222,0.085556,1.0,4.1,0,0,,2026-09-19T02:39:27,
3101,run_1789774700_1967,0,3342,-1.2973133716193483,-0.9612778004615472,V1_INV_PI,V1_INV_PI,2,0,1.0,200,0.691514,0.654599,0.704098,0.608168,0.500883,0.707988,0.997957,0.003127,0.010358,0.332222,0.001111,1.0,4.0,0,0,,2026-09-19T02:39:27,
3102,run_1789774700_1967,0,3343,-0.41112594870479335,0.04200607876200646,V1_INV_PI,V1_INV_PI,2,0,1.0,200,0.833843,0.85521,0.869796,0.737212,0.641536,0.885764,0.999292,0.20539,0.017046,0.393333,0.058889,0.751111,4.5,0,0,,2026-09-19T02:39:27,
3103,run_1789774700_1967,0,3344,-0.580279186683786,0.189938250063175,V1_INV_PI,V1_INV_PI,2,0,1.0,200,0.786125,0.788558,0.837038,0.698448,0.580119,0.815656,0.995308,0.230669,0.023005,0.365556,0.067778,0.662222,5.4,0,0,,2026-09-19T02:39:27,
3104,run_1789774700_1967,0,3345,0.31685529882184427,1.0069210674900686,V1_INV_PI,V1_INV_PI,2,0,1.0,200,0.834365,0.882855,0.87276,0.599582,0.717252,0.902548,0.998866,0.0,0.035745,0.602222,0.001111,1.0,4.5,0,0,,2026-09-19T02:39:27,
3105,run_1789774700_1967,0,3346,-0.940326579740471,-0.606482230565786,V1_INV_PI,V1_INV_PI,2,0,1.0,200,0.743978,0.731446,0.787489,0.617357,0.551603,0.786651,0.997675,0.112783,0.013405,0.335556,0.023333,1.0,4.1,0,0,,2026-09-19T02:39:27,
3106,run_1789774700_1967,0,3347,0.7427139329357999,1.1495696387742955,V1_INV_PI,V1_INV_PI,2,0,1.0,200,0.806633,0.847139,0.843383,0.598506,0.658757,0.867822,0.997188,0.0,0.015896,0.803333,0.001111,1.0,3.8,0,0,,2026-09-19T02:39:27,
3107,run_1789774700_1967,0,3348,0.9735318858901008,-0.40169998424976616,V1_INV_PI,V1_INV_PI,2,0,1.0,200,0.81539,0.868448,0.862645,0.598479,0.651139,0.879324,0.996931,0.0,0.012253,0.778889,0.001111,1.0,4.1,0,0,,2026-09-19T02:39:27,
3108,run_1789774700_1967,0,3349,-1.4801515131761285,1.1933013029793706,V1_INV_PI,V1_INV_PI,2,0,1.0,200,0.694227,0.656034,0.677744,0.605133,0.539157,0.714771,0.997984,0.0,0.013106,0.355556,0.001111,1.0,4.0,0,0,,2026-09-19T02:39:27,
3109,run_1789774700_1967,0,3350,0.3334797419050002,0.6013088643739037,V1_INV_PI,V1_INV_PI,2,0,1.0,200,0.841249,0.898937,0.88604,0.600098,0.713876,0.911312,0.998772,0.0,0.045542,0.56,0.001111,1.0,3.9,0,0,,2026-09-19T02:39:27,
3110,run_1789774700_1967,0,3351,0.1088854320395849,-0.6810315316664876,V1_INV_PI,V1_INV_PI,2,0,1.0,200,0.818667,0.871999,0.879985,0.601102,0.618165,0.906509,0.998688,0.0,0.097149,0.515556,0.001111,1.0,3.8,0,0,,2026-09-19T02:39:27,
3111,run_1789774700_1967,0,3352,0.4574158407418025,-0.6527457617794942,V1_INV_PI,V1_INV_PI,2,0,1.0,200,0.844467,0.898311,0.885979,0.599591,0.739235,0.909098,0.998692,0.0,0.030075,0.596667,0.001111,1.0,3.8,0,0,,2026-09-19T02:39:27,
3112,run_1789774700_1967,0,3353,-0.4449244701404653,0.7638351577597893,V1_INV_PI,V1_INV_PI,2,0,1.0,200,0.76869,0.743735,0.860632,0.607296,0.54282,0.888139,0.986151,0.048883,0.031311,0.418889,0.054444,1.0,3.9,0,0,,2026-09-19T02:39:27,
3113,run_1789774700_1967,0,3354,-0.6643511383019488,-0.3409219996609224,V1_INV_PI,V1_INV_PI,2,0,1.0,200,0.786225,0.783198,0.833675,0.697649,0.585364,0.822592,0.996893,0.224246,0.01622,0.36,0.072222,0.686667,4.5,0,0,,2026-09-19T02:39:27,
3114,run_1789774700_1967,0,3355,-0.7464583954226404,0.14344493415609394,V1_INV_PI,V1_INV_PI,2,0,1.0,200,0.746713,0.734634,0.805967,0.662608,0.524791,0.76529,0.995039,0.239899,0.01975,0.382222,0.067778,0.617778,4.5,0,0,,2026-09-19T02:39:27,
3115,run_1789774700_1967,0,3356,0.9301879408229619,0.6787320945992985,V1_INV_PI,V1_INV_PI,2,0,1.0,200,0.812622,0.860967,0.856113,0.598472,0.656777,0.874323,0.996853,0.0,0.011979,0.797778,0.001111,1.0,3.9,0,0,,2026-09-19T02:39:27,
3116,run_1789774700_1967,0,3357,-0.8468408645737339,0.9908308709912885,V1_INV_PI,V1_INV_PI,2,0,1.0,200,0.773096,0.786083,0.808875,0.606517,0.575698,0.854089,0.998654,0.010281,0.012671,0.388889,0.001111,1.0,4.0,0,0,,2026-09-19T02:39:27,
3117,run_1789774700_1967,0,3358,-1.146174409196674,0.636701183232647,V1_INV_PI,V1_INV_PI,2,0,1.0,200,0.698986,0.659353,0.732577,0.614747,0.50811,0.708249,0.997303,0.042897,0.009654,0.312222,0.01,1.0,4.0,0,0,,2026-09-19T02:39:27,
3118,run_1789774700_1967,0,3359,0.5122820035430684,1.0431142819314732,V1_INV_PI,V1_INV_PI,2,0,1.0,200,0.829421,0.875679,0.870204,0.599024,0.70813,0.894376,0.998275,0.0,0.029478,0.668889,0.001111,1.0,3.8,0,0,,2026-09-19T02:39:27,
3119,run_1789774700_1967,0,3360,0.8710110103268072,0.6576452667501029,V1_INV_PI,V1_INV_PI,2,0,1.0,200,0.82093,0.872915,0.868154,0.598561,0.668695,0.885452,0.997145,0.0,0.014618,0.752222,0.001111,1.0,4.1,0,0,,2026-09-19T02:39:27,
3120,run_1789774700_1967,0,3361,-1.12099124627043,-0.4671363029280797,V1_INV_PI,V1_INV_PI,2,0,1.0,200,0.698516,0.661293,0.730231,0.619099,0.503415,0.704396,0.997479,0.090441,0.012297,0.3,0.018889,1.0,4.2,0,0,,2026-09-19T02:39:27,
3121,run_1789774700_1967,0,3362,-0.020825617882263447,0.13062754306375446,V1_INV_PI,V1_INV_PI,2,0,1.0,200,0.701755,0.634903,0.889837,0.618643,0.520073,0.755183,0.83646,0.03536,0.150533,0.461111,0.027778,0.98,4.1,0,0,,2026-09-19T02:39:27,
3122,run_1789774700_1967,0,3363,-0.28476363286990636,0.8341668169236354,V1_INV_PI,V1_INV_PI,2,0,1.0,200,0.774542,0.764071,0.862851,0.603716,0.542414,0.88997,0.991212,0.009378,0.036943,0.455556,0.01,1.0,4.5,0,0,,2026-09-19T02:39:27,
3123,run_1789774700_1967,0,3364,0.6540292333342754,-0.8412775300069322,V1_INV_PI,V1_INV_PI,2,0,1.0,200,0.832998,0.883061,0.877983,0.598883,0.709766,0.896963,0.997958,0.0,0.024668,0.682222,0.001111,1.0,4.0,0,0,,2026-09-19T02:39:27,
3124,run_1789774700_1967,0,3365,0.4699217328036984,0.27493081343214976,V1_INV_PI,V1_INV_PI,2,0,1.0,200,0.849901,0.907776,0.893591,0.599841,0.747125,0.913833,0.998659,0.0,0.033501,0.574444,0.001111,1.0,3.9,0,0,,2026-09-19T02:39:27,
3125,run_1789774700_1967,0,3366,-0.9997298175773135,-0.09016921755698326,V1_INV_PI,V1_INV_PI,2,0,1.0,200,0.677514,0.621461,0.746568,0.603563,0.475036,0.658471,0.997357,0.292893,0.018883,0.348889,0.143333,0.651111,4.5,0,0,,2026-09-19T02:39:27,
3126,run_1789774700_1967,0,3367,0.13110976639998984,-0.1500662417484795,V1_INV_PI,V1_INV_PI,2,0,1.0,200,0.668823,0.58647,0.890782,0.604718,0.508966,0.745258,0.731645,0.008058,0.169645,0.492222,0.01,0.996667,3.8,0,0,,2026-09-19T02:39:27,
3127,run_1789774700_1967,0,3368,-0.18167373579613733,-0.047555839931480826,V1_INV_PI,V1_INV_PI,2,0,1.0,200,0.767042,0.731586,0.888215,0.657061,0.553204,0.836556,0.959269,0.089394,0.06128,0.427778,0.045556,0.932222,4.4,0,0,,2026-09-19T02:39:27,
3128,run_1789774700_1967,0,3369,-0.14965982150371926,0.10555738671382153,V1_INV_PI,V1_INV_PI,2,0,1.0,200,0.751661,0.708142,0.888614,0.646351,0.543471,0.816004,0.936397,0.076246,0.060624,0.435556,0.045556,0.945556,4.2,0,0,,2026-09-19T02:39:27,
3129,run_1789774700_1967,0,3370,-0.7511083415298406,0.9575051774476211,V1_INV_PI,V1_INV_PI,2,0,1.0,200,0.778212,0.790729,0.823154,0.60652,0.571191,0.871626,0.997709,0.016418,0.022098,0.392222,0.005556,1.0,3.8,0,0,,2026-09-19T02:39:27,
3130,run_1789774700_1967,0,3371,0.9559045367835433,0.6703553100107089,V1_INV_PI,V1_INV_PI,2,0,1.0,200,0.812913,0.860106,0.855943,0.598429,0.661618,0.873163,0.996757,0.0,0.011353,0.807778,0.001111,1.0,3.8,0,0,,2026-09-19T02:39:27,
3131,run_1789774700_1967,0,3372,-1.0483099632204762,-0.8126164579059367,V1_INV_PI,V1_INV_PI,2,0,1.0,200,0.742399,0.730522,0.773505,0.610587,0.562956,0.787051,0.997692,0.02554,0.013116,0.338889,0.001111,1.0,3.9,0,0,,2026-09-19T02:39:27,
3132,run_1789774700_1967,0,3373,-0.9845686326241935,0.6399907151640243,V1_INV_PI,V1_INV_PI,2,0,1.0,200,0.742441,0.728311,0.781693,0.615564,0.560082,0.780698,0.99772,0.068016,0.012518,0.33,0.01,1.0,3.9,0,0,,2026-09-19T02:39:27,
3133,run_1789774700_1967,0,3374,-1.2121660835216415,0.0714713785159442,V1_INV_PI,V1_INV_PI,2,0,1.0,200,0.619444,0.531574,0.691113,0.558337,0.429615,0.565943,0.998658,0.262745,0.016752,0.32,0.116667,0.68,5.4,0,0,,2026-09-19T02:39:27,
3134,run_1789774700_1967,0,3375,0.45335644223191984,-0.9593435120274582,V1_INV_PI,V1_INV_PI,2,0,1.0,200,0.83498,0.883703,0.875684,0.599264,0.719073,0.901102,0.998575,0.0,0.033924,0.631111,0.001111,1.0,4.5,0,0,,2026-09-19T02:39:27,
3135,run_1789774700_1967,0,3376,-0.9837648222703325,0.5222135828710326,V1_INV_PI,V1_INV_PI,2,0,1.0,200,0.728419,0.706355,0.773214,0.620786,0.528122,0.758841,0.997908,0.15816,0.013154,0.324444,0.054444,1.0,3.9,0,0,,2026-09-19T02:39:27,
3136,run_1789774700_1967,0,3377,-1.1460798711068472,0.7140174203035294,V1_INV_PI,V1_INV_PI,2,0,1.0,200,0.70913,0.674837,0.740285,0.613118,0.525995,0.726011,0.997396,0.030573,0.009657,0.316667,0.001111,1.0,4.2,0,0,,2026-09-19T02:39:27,
3137,run_1789774700_1967,0,3378,-0.8209562821000294,0.15499753018390727,V1_INV_PI,V1_INV_PI,2,0,1.0,200,0.735001,0.705577,0.768093,0.715587,0.504435,0.73996,0.995969,0.410238,0.008079,0.33,0.265556,0.982222,4.3,0,0,,2026-09-19T02:39:27,
3138,run_1789774700_1967,0,3379,-0.67833449950222,-0.5540056095642955,V1_INV_PI,V1_INV_PI,2,0,1.0,200,0.773848,0.760048,0.839255,0.635375,0.566302,0.858428,0.992876,0.226933,0.030458,0.363333,0.216667,1.0,3.9,0,0,,2026-09-19T02:39:27,
3139,run_1789774700_1967,0,3380,-1.438734555222983,-0.2875801048820763,V1_INV_PI,V1_INV_PI,2,0,1.0,200,0.620846,0.525001,0.644141,0.620156,0.447168,0.553116,0.999391,0.150401,0.022996,0.257778,0.098889,1.0,4.0,0,0,,2026-09-19T02:39:27,
3140,run_1789774700_1967,0,3381,-1.035981244083171,-0.48619970129832535,V1_INV_PI,V1_INV_PI,2,0,1.0,200,0.721118,0.696113,0.76088,0.62098,0.523744,0.744303,0.997357,0.145444,0.016321,0.312222,0.045556,1.0,4.4,0,0,,2026-09-19T02:39:27,
3141,run_1789774700_1967,0,3382,-1.0744576229950782,0.603275178932057,V1_INV_PI,V1_INV_PI,2,0,1.0,200,0.7192,0.691506,0.754061,0.616352,0.532133,0.742376,0.997237,0.066802,0.018435,0.315556,0.01,1.0,4.0,0,0,,2026-09-19T02:39:27,
3142,run_1789774700_1967,0,3383,-0.4051728863851287,0.30869156944491105,V1_INV_PI,V1_INV_PI,2,0,1.0,200,0.822828,0.838219,0.877885,0.718509,0.60074,0.894889,0.996468,0.157242,0.043548,0.396667,0.054444,0.842222,4.2,0,0,,2026-09-19T02:39:27,
3143,run_1789774700_1967,0,3384,0.18791789712722462,-0.21547650615400105,V1_INV_PI,V1_INV_PI,2,0,1.0,200,0.710189,0.579651,0.891246,0.602149,0.508085,0.796592,0.970436,0.003127,0.024055,0.507778,0.005556,0.998889,3.9,0,0,,2026-09-19T02:39:27,
3144,run_1789774700_1967,0,3385,-1.1932301780841643,-0.29440465675370486,V1_INV_PI,V1_INV_PI,2,0,1.0,200,0.674856,0.612442,0.700218,0.624168,0.488404,0.666658,0.998854,0.192469,0.026059,0.285556,0.107778,1.0,3.9,0,0,,2026-09-19T02:39:27,
3145,run_1789774700_1967,0,3386,-0.6399700297520686,0.12686762805146623,V1_INV_PI,V1_INV_PI,2,0,1.0,200,0.767814,0.766247,0.823668,0.682209,0.547639,0.793638,0.994525,0.23788,0.027606,0.371111,0.067778,0.628889,4.8,0,0,,2026-09-19T02:39:27,
3146,run_1789774700_1967,0,3387,-1.0029714581703963,0.39973499860100703,V1_INV_PI,V1_INV_PI,2,0,1.0,200,0.716192,0.685673,0.765183,0.627467,0.512353,0.729601,0.997222,0.23438,0.009666,0.315556,0.125556,1.0,4.0,0,0,,2026-09-19T02:39:27,
3147,run_1789774700_1967,0,3388,0.5480726381027687,1.0087636507363584,V1_INV_PI,V1_INV_PI,2,0,1.0,200,0.830022,0.877303,0.871715,0.598973,0.707397,0.895015,0.998207,0.0,0.028181,0.673333,0.001111,1.0,3.8,0,0,,2026-09-19T02:39:27,
3148,run_1789774700_1967,0,3389,0.8946140610581033,0.16966050753445638,V1_INV_PI,V1_INV_PI,2,0,1.0,200,0.835511,0.891065,0.887059,0.598648,0.703908,0.897994,0.997353,0.0,0.016914,0.712222,0.001111,1.0,3.8,0,0,,2026-09-19T02:39:27,
3149,run_1789774700_1967,0,3390,0.9265856724877448,0.31388370685595035,V1_INV_PI,V1_INV_PI,2,0,1.0,200,0.830413,0.884563,0.88077,0.598561,0.692497,0.892858,0.997128,0.0,0.014314,0.735556,0.001111,1.0,3.8,0,0,,2026-09-19T02:39:28,
3150,run_1789774700_1967,0,3391,0.6979362976931207,-0.6855131531575178,V1_INV_PI,V1_INV_PI,2,0,1.0,200,0.837171,0.889423,0.884096,0.598894,0.717329,0.900514,0.997935,0.0,0.024253,0.674444,0.001111,1.0,3.9,0,0,,2026-09-19T02:39:28,
3151,run_1789774700_1967,0,3392,-1.2743483155600783,0.5324284095610476,V1_INV_PI,V1_INV_PI,2,0,1.0,200,0.660978,0.600107,0.687485,0.61543,0.464937,0.640512,0.997979,0.048598,0.010682,0.287778,0.001111,1.0,4.0,0,0,,2026-09-19T02:39:28,
3152,run_1789774700_1967,0,3393,-0.29235397658780515,-0.6854984189444554,V1_INV_PI,V1_INV_PI,2,0,1.0,200,0.740073,0.679368,0.871181,0.607522,0.526364,0.853172,0.943298,0.034636,0.087975,0.437778,0.034444,1.0,4.8,0,0,,2026-09-19T02:39:28,
3153,run_1789774700_1967,0,3394,-0.6937532326539151,0.8248833384689991,V1_INV_PI,V1_INV_PI,2,0,1.0,200,0.785613,0.800164,0.836938,0.608227,0.580169,0.881733,0.996744,0.030573,0.017536,0.39,0.01,1.0,4.3,0,0,,2026-09-19T02:39:28,
3154,run_1789774700_1967,0,3395,0.13552455989313428,-0.3692551746789482,V1_INV_PI,V1_INV_PI,2,0,1.0,200,0.668093,0.581051,0.888164,0.604215,0.508497,0.771316,0.713341,0.008058,0.101117,0.501111,0.014444,0.996667,4.8,0,0,,2026-09-19T02:39:28,
3155,run_1789774700_1967,0,3396,-0.17126157655506824,0.6013478897896389,V1_INV_PI,V1_INV_PI,2,0,1.0,200,0.701197,0.621988,0.876888,0.613896,0.517531,0.768275,0.861409,0.03184,0.135529,0.453333,0.027778,0.987778,4.5,0,0,,2026-09-19T02:39:28,
3156,run_1789774700_1967,0,3397,0.8223931936056545,0.6806449782057837,V1_INV_PI,V1_INV_PI,2,0,1.0,200,0.827765,0.879474,0.875179,0.59863,0.690137,0.891331,0.997366,0.0,0.017276,0.726667,0.001111,1.0,4.2,0,0,,2026-09-19T02:39:28,
3157,run_1789774700_1967,0,3398,0.2225762256648931,-0.5295696878499185,V1_INV_PI,V1_INV_PI,2,0,1.0,200,0.824093,0.883929,0.886295,0.600747,0.62393,0.910917,0.998846,0.0,0.090608,0.528889,0.001111,1.0,4.3,0,0,,2026-09-19T02:39:28,
3158,run_1789774700_1967,0,3399,-0.91942858643051,0.9494823737581977,V1_INV_PI,V1_INV_PI,2,0,1.0,200,0.768079,0.777136,0.799484,0.60733,0.580649,0.839305,0.998535,0.005697,0.01739,0.365556,0.001111,1.0,4.6,0,0,,2026-09-19T02:39:28,
3159,run_1789774700_1967,0,3400,-0.6130868380344878,1.0101721242968627,V1_INV_PI,V1_INV_PI,2,0,1.0,200,0.784868,0.802634,0.834336,0.604841,0.575608,0.882192,0.997755,0.008058,0.050295,0.422222,0.001111,1.0,3.9,0,0,,2026-09-19T02:39:28,
3160,run_1789774700_1967,0,3401,-0.45920374555949506,0.8027170969508128,V1_INV_PI,V1_INV_PI,2,0,1.0,200,0.775205,0.764643,0.857811,0.606375,0.548673,0.890288,0.990484,0.039181,0.030057,0.42,0.036667,1.0,4.5,0,0,,2026-09-19T02:39:28,
3161,run_1789774700_1967,0,3402,0.9137482270649144,0.4512457318007721,V1_INV_PI,V1_INV_PI,2,0,1.0,200,0.826561,0.880407,0.87609,0.598551,0.681101,0.890194,0.997128,0.0,0.01424,0.742222,0.001111,1.0,3.9,0,0,,2026-09-19T02:39:28,
3162,run_1789774700_1967,0,3403,-0.44285066110953575,1.141606602132829,V1_INV_PI,V1_INV_PI,2,0,1.0,200,0.79919,0.831599,0.838393,0.602532,0.615822,0.886624,0.998565,0.0,0.039677,0.462222,0.001111,1.0,4.5,0,0,,2026-09-19T02:39:28,
3163,run_1789774700_1967,0,3404,-0.6137152567646926,0.33297100857948925,V1_INV_PI,V1_INV_PI,2,0,1.0,200,0.800848,0.804562,0.844035,0.71049,0.603002,0.843237,0.997286,0.221585,0.006643,0.364444,0.076667,0.705556,5.5,0,0,,2026-09-19T02:39:28,
3164,run_1789774700_1967,0,3405,-0.2005702033732113,-0.6039578784355344,V1_INV_PI,V1_INV_PI,2,0,1.0,200,0.704852,0.636516,0.876456,0.620319,0.522239,0.769818,0.849319,0.047971,0.040515,0.45,0.041111,0.976667,4.0,0,0,,2026-09-19T02:39:28,
3165,run_1789774700_1967,0,3406,0.4369006651897267,0.07915805514626317,V1_INV_PI,V1_INV_PI,2,0,1.0,200,0.848991,0.908637,0.89407,0.60004,0.738406,0.914425,0.998604,0.0,0.037481,0.566667,0.001111,1.0,3.8,0,0,,2026-09-19T02:39:28,
3166,run_1789774700_1967,0,3407,-0.7671155862374608,-0.40830546500205134,V1_INV_PI,V1_INV_PI,2,0,1.0,200,0.776556,0.768317,0.827313,0.680295,0.57524,0.815594,0.99807,0.387764,0.010232,0.345556,0.303333,1.0,4.0,0,0,,2026-09-19T02:39:28,
3167,run_1789774700_1967,0,3408,-0.18278400909907466,0.8750492888938555,V1_INV_PI,V1_INV_PI,2,0,1.0,200,0.796321,0.823739,0.86504,0.602459,0.579868,0.892532,0.99601,0.005697,0.075444,0.474444,0.001111,1.0,4.7,0,0,,2026-09-19T02:39:28,
3168,run_1789774700_1967,0,3409,0.36116026606809837,-0.07181230213935574,V1_INV_PI,V1_INV_PI,2,0,1.0,200,0.842654,0.905792,0.89359,0.600391,0.70022,0.915134,0.998707,0.0,0.054233,0.546667,0.001111,1.0,3.9,0,0,,2026-09-19T02:39:28,
3169,run_1789774700_1967,0,3410,-0.9852482995858576,0.9344541771087955,V1_INV_PI,V1_INV_PI,2,0,1.0,200,0.759916,0.763927,0.786829,0.607964,0.574618,0.825341,0.998145,0.008058,0.01599,0.362222,0.001111,1.0,3.9,0,0,,2026-09-19T02:39:28,
3170,run_1789774700_1967,0,3411,0.9503287213955036,0.9519607273865216,V1_INV_PI,V1_INV_PI,2,0,1.0,200,0.813548,0.8556,0.85522,0.598288,0.675458,0.872112,0.996576,0.0,0.011484,0.843333,0.001111,1.0,3.8,0,0,,2026-09-19T02:39:28,
3171,run_1789774700_1967,0,3412,-1.4582507352196372,-1.0274985588431649,V1_INV_PI,V1_INV_PI,2,0,1.0,200,0.678256,0.634579,0.674614,0.606715,0.495211,0.689549,0.997986,0.0,0.012663,0.331111,0.001111,1.0,3.9,0,0,,2026-09-19T02:39:28,
3172,run_1789774700_1967,0,3413,0.6458792941093479,1.1404346415536606,V1_INV_PI,V1_INV_PI,2,0,1.0,200,0.808205,0.853217,0.84669,0.598671,0.648194,0.874787,0.997667,0.0,0.02097,0.752222,0.001111,1.0,3.8,0,0,,2026-09-19T02:39:28,
3173,run_1789774700_1967,0,3414,-0.7504640836968016,0.40389712737345107,V1_INV_PI,V1_INV_PI,2,0,1.0,200,0.783653,0.775822,0.831294,0.695292,0.585171,0.821367,0.998192,0.397249,0.011652,0.346667,0.318889,1.0,4.0,0,0,,2026-09-19T02:39:28,
3174,run_1789774700_1967,0,3415,0.32591432422559485,0.9323374604479928,V1_INV_PI,V1_INV_PI,2,0,1.0,200,0.836288,0.886681,0.875104,0.599665,0.719087,0.904719,0.998878,0.0,0.036845,0.593333,0.001111,1.0,4.2,0,0,,2026-09-19T02:39:28,
3175,run_1789774700_1967,0,3416,-1.3734009825467826,-1.1368437832032015,V1_INV_PI,V1_INV_PI,2,0,1.0,200,0.693796,0.659129,0.692643,0.60589,0.513507,0.717288,0.997428,0.0,0.010159,0.354444,0.001111,1.0,4.6,0,0,,2026-09-19T02:39:28,
3176,run_1789774700_1967,0,3417,0.3685573541355356,-0.9482885652616564,V1_INV_PI,V1_INV_PI,2,0,1.0,200,0.836771,0.886083,0.876094,0.599512,0.723711,0.903565,0.998785,0.0,0.032577,0.607778,0.001111,1.0,3.9,0,0,,2026-09-19T02:39:28,
3177,run_1789774700_1967,0,3418,-1.290663705524796,0.1890875638594145,V1_INV_PI,V1_INV_PI,2,0,1.0,200,0.629128,0.522039,0.673731,0.645974,0.448633,0.55692,0.998866,0.397298,0.008015,0.268889,0.35,1.0,4.0,0,0,,2026-09-19T02:39:28,
3178,run_1789774700_1967,0,3419,-1.14553107086934,0.9629553891961595,V1_INV_PI,V1_INV_PI,2,0,1.0,200,0.721923,0.69971,0.743188,0.608233,0.541367,0.756109,0.99774,0.005697,0.011577,0.345556,0.001111,1.0,4.1,0,0,,2026-09-19T02:39:28,
3179,run_1789774700_1967,0,3420,0.990443531057505,0.9521526709802941,V1_INV_PI,V1_INV_PI,2,0,1.0,200,0.81509,0.857498,0.857944,0.598215,0.678274,0.873872,0.996463,0.0,0.012278,0.854444,0.001111,1.0,3.9,0,0,,2026-09-19T02:39:28,
3180,run_1789774700_1967,0,3421,-0.2620159136696758,0.14748586983395096,V1_INV_PI,V1_INV_PI,2,0,1.0,200,0.798454,0.790172,0.885201,0.687124,0.57243,0.877523,0.983793,0.124673,0.052628,0.417778,0.054444,0.894444,4.1,0,0,,2026-09-19T02:39:28,
3181,run_1789774700_1967,0,3422,-1.4126693617074175,-0.20822807032683277,V1_INV_PI,V1_INV_PI,2,0,1.0,200,0.61887,0.521464,0.646742,0.625409,0.433493,0.55188,0.999169,0.23291,0.005095,0.257778,0.165556,1.0,3.9,0,0,,2026-09-19T02:39:28,
3182,run_1789774700_1967,0,3423,-1.3946292394014033,-0.7005961007611321,V1_INV_PI,V1_INV_PI,2,0,1.0,200,0.657883,0.593807,0.671585,0.611427,0.47954,0.635492,0.998162,0.016418,0.009233,0.291111,0.001111,1.0,3.9,0,0,,2026-09-19T02:39:28,
3183,run_1789774700_1967,0,3424,0.8332934686172444,0.4457177749294492,V1_INV_PI,V1_INV_PI,2,0,1.0,200,0.835155,0.889646,0.885236,0.598712,0.70533,0.898157,0.997522,0.0,0.018717,0.704444,0.001111,1.0,3.8,0,0,,2026-09-19T02:39:28,
3184,run_1789774700_1967,0,3425,0.7954348865591747,-1.1238317596373288,V1_INV_PI,V1_INV_PI,2,0,1.0,200,0.808123,0.847985,0.845768,0.598438,0.665088,0.867887,0.996996,0.0,0.014264,0.82,0.001111,1.0,3.8,0,0,,2026-09-19T02:39:28,
3185,run_1789774700_1967,0,3426,-1.326170984786913,0.8240643230576714,V1_INV_PI,V1_INV_PI,2,0,1.0,200,0.685673,0.639168,0.698737,0.60996,0.510974,0.687979,0.998223,0.005697,0.009218,0.312222,0.001111,1.0,3.9,0,0,,2026-09-19T02:39:28,
3186,run_1789774700_1967,0,3427,0.6704913825519343,-0.8510587617623915,V1_INV_PI,V1_INV_PI,2,0,1.0,200,0.831249,0.881336,0.876321,0.598838,0.704262,0.895459,0.997884,0.0,0.023696,0.69,0.001111,1.0,3.8,0,0,,2026-09-19T02:39:28,
3187,run_1789774700_1967,0,3428,-0.7339823551173544,-0.09129630893478913,V1_INV_PI,V1_INV_PI,2,0,1.0,200,0.748054,0.738705,0.807357,0.664213,0.521958,0.767561,0.994765,0.240838,0.019164,0.387778,0.072222,0.612222,4.5,0,0,,2026-09-19T02:39:28,
3188,run_1789774700_1967,0,3429,-0.8814035581484447,0.7135509924391532,V1_INV_PI,V1_INV_PI,2,0,1.0,200,0.763365,0.763596,0.806638,0.612837,0.571373,0.828119,0.997476,0.062404,0.014694,0.352222,0.014444,1.0,3.9,0,0,,2026-09-19T02:39:28,
3189,run_1789774700_1967,0,3430,0.5665362440986135,0.09180375110340022,V1_INV_PI,V1_INV_PI,2,0,1.0,200,0.851766,0.90882,0.896608,0.599556,0.755396,0.913629,0.998554,0.0,0.02621,0.597778,0.001111,1.0,3.9,0,0,,2026-09-19T02:39:28,
3190,run_1789774700_1967,0,3431,0.7138003803808766,-0.7668932780307522,V1_INV_PI,V1_INV_PI,2,0,1.0,200,0.833254,0.884489,0.879786,0.598803,0.707427,0.897074,0.99779,0.0,0.022392,0.693333,0.001111,1.0,4.1,0,0,,2026-09-19T02:39:28,
3191,run_1789774700_1967,0,3432,-0.3512475068267409,-0.02168880464156464,V1_INV_PI,V1_INV_PI,2,0,1.0,200,0.839062,0.865292,0.880405,0.736321,0.631797,0.903648,0.999423,0.175948,0.041104,0.4,0.041111,0.808889,4.3,0,0,,2026-09-19T02:39:28,
3192,run_1789774700_1967,0,3433,0.83201533105332,0.06420065576612499,V1_INV_PI,V1_INV_PI,2,0,1.0,200,0.842019,0.897568,0.893136,0.5988,0.724483,0.90345,0.997645,0.0,0.020204,0.685556,0.001111,1.0,4.4,0,0,,2026-09-19T02:39:28,
3193,run_1789774700_1967,0,3434,-0.6983569753477987,-0.15266327526568446,V1_INV_PI,V1_INV_PI,2,0,1.0,200,0.756811,0.749543,0.814628,0.672279,0.535293,0.779115,0.994856,0.238506,0.014537,0.374444,0.072222,0.625556,4.8,0,0,,2026-09-19T02:39:28,
3194,run_1789774700_1967,0,3435,-0.7297988075084645,-0.07483458591096714,V1_INV_PI,V1_INV_PI,2,0,1.0,200,0.747794,0.738225,0.807549,0.664325,0.521227,0.767027,0.994792,0.243399,0.019138,0.385556,0.072222,0.614444,4.6,0,0,,2026-09-19T02:39:28,
3195,run_1789774700_1967,0,3436,-0.8555875784639964,1.0543003109292288,V1_INV_PI,V1_INV_PI,2,0,1.0,200,0.774751,0.790529,0.803212,0.605658,0.588705,0.851353,0.998528,0.0,0.018834,0.387778,0.001111,1.0,3.9,0,0,,2026-09-19T02:39:28,
3196,run_1789774700_1967,0,3437,-1.3931147258315302,-0.8116640945877176,V1_INV_PI,V1_INV_PI,2,0,1.0,200,0.671532,0.619578,0.67946,0.609631,0.493224,0.663995,0.997942,0.0,0.010758,0.303333,0.001111,1.0,3.9,0,0,,2026-09-19T02:39:28,
3197,run_1789774700_1967,0,3438,-1.2164698087518362,-0.25200953854257757,V1_INV_PI,V1_INV_PI,2,0,1.0,200,0.659253,0.567462,0.693136,0.631186,0.491256,0.640028,0.993642,0.291156,0.037018,0.28,0.203333,1.0,3.9,0,0,,2026-09-19T02:39:28,
3198,run_1789774700_1967,0,3439,0.5390679001115037,-0.2941376604230944,V1_INV_PI,V1_INV_PI,2,0,1.0,200,0.85028,0.907013,0.894192,0.599587,0.751486,0.912969,0.998613,0.0,0.027414,0.593333,0.001111,1.0,4.8,0,0,,2026-09-19T02:39:28,
3199,run_1789774700_1967,0,3440,0.7525890746889341,-0.440586646011077,V1_INV_PI,V1_INV_PI,2,0,1.0,200,0.840258,0.894967,0.889201,0.598901,0.721194,0.902958,0.997857,0.0,0.023252,0.672222,0.001111,1.0,3.9,0,0,,2026-09-19T02:39:28,
3200,run_1789774700_1967,0,3441,-1.092117512089415,-1.0770640658336021,V1_INV_PI,V1_INV_PI,2,0,1.0,200,0.736371,0.724561,0.754365,0.606595,0.56048,0.783022,0.997079,0.0,0.011684,0.365556,0.001111,1.0,4.4,0,0,,2026-09-19T02:39:28,
3201,run_1789774700_1967,0,3442,-1.2163380394648724,0.52013438312982,V1_INV_PI,V1_INV_PI,2,0,1.0,200,0.675928,0.624764,0.703304,0.616304,0.480807,0.666825,0.997673,0.055382,0.011721,0.293333,0.001111,1.0,4.0,0,0,,2026-09-19T02:39:28,
3202,run_1789774700_1967,0,3443,-1.246821838953923,-1.105621350882935,V1_INV_PI,V1_INV_PI,2,0,1.0,200,0.69602,0.66026,0.713321,0.606685,0.507382,0.715604,0.996711,0.0,0.009364,0.357778,0.001111,1.0,4.5,0,0,,2026-09-19T02:39:28,
3203,run_1789774700_1967,0,3444,0.48812523377132266,-0.05733094596070587,V1_INV_PI,V1_INV_PI,2,0,1.0,200,0.851548,0.909697,0.895386,0.599837,0.752341,0.914628,0.99863,0.0,0.032364,0.574444,0.001111,1.0,4.0,0,0,,2026-09-19T02:39:28,
3204,run_1789774700_1967,0,3445,-0.8506728620436497,0.8273949763587389,V1_INV_PI,V1_INV_PI,2,0,1.0,200,0.773543,0.78353,0.814387,0.609235,0.574993,0.854209,0.998245,0.027248,0.013563,0.365556,0.001111,1.0,3.9,0,0,,2026-09-19T02:39:28,
3205,run_1789774700_1967,0,3446,-1.2294595270141082,-0.5853515620351023,V1_INV_PI,V1_INV_PI,2,0,1.0,200,0.675085,0.621407,0.704632,0.61507,0.483394,0.66414,0.997652,0.049983,0.007557,0.296667,0.001111,1.0,3.9,0,0,,2026-09-19T02:39:28,
3206,run_1789774700_1967,0,3447,0.14406166391478914,-0.8132579314440593,V1_INV_PI,V1_INV_PI,2,0,1.0,200,0.822445,0.877704,0.87584,0.600597,0.637523,0.907229,0.998939,0.0,0.083682,0.537778,0.001111,1.0,3.9,0,0,,2026-09-19T02:39:28,
3207,run_1789774700_1967,0,3448,-0.36284340475855115,-0.13368316272959735,V1_INV_PI,V1_INV_PI,2,0,1.0,200,0.8372,0.862476,0.880687,0.733831,0.627487,0.90279,0.999077,0.171829,0.04342,0.4,0.041111,0.816667,4.1,0,0,,2026-09-19T02:39:29,
3208,run_1789774700_1967,0,3449,-1.1849443182899213,-0.30687282289749973,V1_INV_PI,V1_INV_PI,2,0,1.0,200,0.67026,0.610601,0.700377,0.622295,0.476861,0.653268,0.997934,0.155209,0.014636,0.286667,0.067778,1.0,3.9,0,0,,2026-09-19T02:39:29,
3209,run_1789774700_1967,0,3450,0.633278773924105,-0.23124896154283647,V1_INV_PI,V1_INV_PI,2,0,1.0,200,0.848822,0.905672,0.896213,0.599314,0.743735,0.911706,0.998392,0.0,0.03146,0.618889,0.001111,1.0,3.8,0,0,,2026-09-19T02:39:29,
3210,run_1789774700_1967,0,3451,0.7395229847645846,0.306404734391875,V1_INV_PI,V1_INV_PI,2,0,1.0,200,0.84412,0.899722,0.893557,0.598987,0.730978,0.906431,0.997979,0.0,0.024642,0.658889,0.001111,1.0,4.0,0,0,,2026-09-19T02:39:29,
3211,run_1789774700_1967,0,3452,0.6000679355270662,-1.0178783913925187,V1_INV_PI,V1_INV_PI,2,0,1.0,200,0.826393,0.873375,0.868654,0.598854,0.696851,0.891349,0.997956,0.0,0.024747,0.696667,0.001111,1.0,4.0,0,0,,2026-09-19T02:39:29,
3212,run_1789774700_1967,0,3453,0.5674690870452652,0.6152955952476717,V1_INV_PI,V1_INV_PI,2,0,1.0,200,0.843652,0.897668,0.888561,0.599293,0.734134,0.907803,0.998447,0.0,0.031487,0.623333,0.001111,1.0,4.2,0,0,,2026-09-19T02:39:29,
3213,run_1789774700_1967,0,3454,-1.4965432787135216,-0.6243343161050837,V1_INV_PI,V1_INV_PI,2,0,1.0,200,0.634876,0.565104,0.643279,0.611151,0.43663,0.60109,0.998513,0.008058,0.010349,0.274444,0.001111,1.0,5.4,0,0,,2026-09-19T02:39:29,
3214,run_1789774700_1967,0,3455,-0.3329113109947972,0.2724947951244123,V1_INV_PI,V1_INV_PI,2,0,1.0,200,0.811693,0.818045,0.881946,0.704185,0.586878,0.885861,0.989005,0.140119,0.057608,0.41,0.05,0.868889,4.1,0,0,,2026-09-19T02:39:29,
3215,run_1789774700_1967,0,3456,-1.2323117783903215,0.17029645277951633,V1_INV_PI,V1_INV_PI,2,0,1.0,200,0.61322,0.516191,0.683789,0.562249,0.431638,0.551236,0.998899,0.286698,0.012839,0.278889,0.172222,0.752222,4.4,0,0,,2026-09-19T02:39:29,
3216,run_1789774700_1967,0,3457,0.34541458352407517,0.23604695596493208,V1_INV_PI,V1_INV_PI,2,0,1.0,200,0.841444,0.904444,0.892655,0.600404,0.695567,0.914855,0.99874,0.0,0.056044,0.543333,0.001111,1.0,4.8,0,0,,2026-09-19T02:39:29,
3217,run_1789774700_1967,0,3458,-0.1748781051779602,1.0507285296681828,V1_INV_PI,V1_INV_PI,2,0,1.0,200,0.800525,0.8364,0.856366,0.601579,0.593748,0.893388,0.997752,0.0,0.074934,0.497778,0.001111,1.0,5.5,0,0,,2026-09-19T02:39:29,
3218,run_1789774700_1967,0,3459,-1.1244762964601813,-1.1411477177731517,V1_INV_PI,V1_INV_PI,2,0,1.0,200,0.730372,0.712921,0.746493,0.605951,0.554408,0.77693,0.997163,0.003127,0.013377,0.375556,0.001111,1.0,3.8,0,0,,2026-09-19T02:39:29,
3219,run_1789774700_1967,0,3460,-1.0384705789752575,-0.6355357173191369,V1_INV_PI,V1_INV_PI,2,0,1.0,200,0.729589,0.707492,0.76625,0.615569,0.545264,0.760434,0.997256,0.065578,0.011649,0.322222,0.014444,1.0,5.2,0,0,,2026-09-19T02:39:29,
3220,run_1789774700_1967,0,3461,-1.1616084057970533,0.4852434210075709,V1_INV_PI,V1_INV_PI,2,0,1.0,200,0.69044,0.648797,0.719176,0.617861,0.495169,0.691756,0.997643,0.066802,0.011324,0.3,0.005556,1.0,4.1,0,0,,2026-09-19T02:39:29,
3221,run_1789774700_1967,0,3462,0.6480910784371225,-1.147187776374438,V1_INV_PI,V1_INV_PI,2,0,1.0,200,0.807388,0.851988,0.845625,0.598667,0.646944,0.873736,0.997636,0.0,0.02025,0.758889,0.001111,1.0,3.9,0,0,,2026-09-19T02:39:29,
3222,run_1789774700_1967,0,3463,0.43337368862296444,-0.8736313345800544,V1_INV_PI,V1_INV_PI,2,0,1.0,200,0.838922,0.889541,0.880817,0.599425,0.726433,0.904906,0.998664,0.0,0.032674,0.62,0.001111,1.0,3.9,0,0,,2026-09-19T02:39:29,
3223,run_1789774700_1967,0,3464,0.16660541327187195,0.42256398482881874,V1_INV_PI,V1_INV_PI,2,0,1.0,200,0.711788,0.58464,0.887654,0.602318,0.508287,0.80239,0.970201,0.003127,0.027433,0.51,0.005556,0.998889,3.9,0,0,,2026-09-19T02:39:29,
3224,run_1789774700_1967,0,3465,-0.42861915781899684,0.12864697687938786,V1_INV_PI,V1_INV_PI,2,0,1.0,200,0.83709,0.860264,0.871225,0.739321,0.643006,0.893728,0.999542,0.198297,0.020371,0.386667,0.054444,0.761111,4.3,0,0,,2026-09-19T02:39:29,
3225,run_1789774700_1967,0,3466,-0.05468927622103026,0.20156233513766608,V1_INV_PI,V1_INV_PI,2,0,1.0,200,0.707857,0.647125,0.889128,0.622467,0.525166,0.756373,0.847371,0.041429,0.11849,0.457778,0.027778,0.975556,4.0,0,0,,2026-09-19T02:39:29,
3226,run_1789774700_1967,0,3467,-0.5448842753513483,0.5779660590716509,V1_INV_PI,V1_INV_PI,2,0,1.0,200,0.766346,0.721464,0.861727,0.653928,0.54342,0.866165,0.981298,0.179873,0.027273,0.388889,0.178889,0.95,4.0,0,0,,2026-09-19T02:39:29,
3227,run_1789774700_1967,0,3468,0.3688495658510673,-0.07469110909085863,V1_INV_PI,V1_INV_PI,2,0,1.0,200,0.843733,0.90647,0.893854,0.600351,0.705979,0.915225,0.998695,0.0,0.051784,0.547778,0.001111,1.0,3.8,0,0,,2026-09-19T02:39:29,
3228,run_1789774700_1967,0,3469,0.38791020381319563,0.2288202823934533,V1_INV_PI,V1_INV_PI,2,0,1.0,200,0.846857,0.907265,0.893062,0.600201,0.727067,0.914576,0.998699,0.0,0.043568,0.551111,0.001111,1.0,4.1,0,0,,2026-09-19T02:39:29,
3229,run_1789774700_1967,0,3470,-1.2855422100909712,0.49430088776503944,V1_INV_PI,V1_INV_PI,2,0,1.0,200,0.658345,0.5953,0.681849,0.615924,0.465608,0.635232,0.998184,0.048598,0.008484,0.284444,0.01,1.0,4.1,0,0,,2026-09-19T02:39:29,
3230,run_1789774700_1967,0,3471,0.9414996840711183,-0.5796074527399162,V1_INV_PI,V1_INV_PI,2,0,1.0,200,0.813415,0.864164,0.858417,0.598485,0.652183,0.87648,0.996926,0.0,0.012178,0.785556,0.001111,1.0,3.8,0,0,,2026-09-19T02:39:29,
3231,run_1789774700_1967,0,3472,0.27558694799312433,-0.49913010867460017,V1_INV_PI,V1_INV_PI,2,0,1.0,200,0.82576,0.887755,0.88747,0.600519,0.626654,0.912035,0.998799,0.0,0.079086,0.538889,0.001111,1.0,3.9,0,0,,2026-09-19T02:39:29,
3232,run_1789774700_1967,0,3473,0.52723398231235,0.5340598666497016,V1_INV_PI,V1_INV_PI,2,0,1.0,200,0.847065,0.901674,0.890777,0.599473,0.745222,0.910274,0.998564,0.0,0.026917,0.607778,0.001111,1.0,3.9,0,0,,2026-09-19T02:39:29,
3233,run_1789774700_1967,0,3474,-0.5282125164280944,-1.1708012077693795,V1_INV_PI,V1_INV_PI,2,0,1.0,200,0.785761,0.80788,0.831034,0.602897,0.579222,0.880581,0.998205,0.003127,0.035482,0.454444,0.001111,1.0,3.9,0,0,,2026-09-19T02:39:29,
3234,run_1789774700_1967,0,3475,-0.6488877262872039,0.05659555073315725,V1_INV_PI,V1_INV_PI,2,0,1.0,200,0.758886,0.753704,0.818724,0.674614,0.534302,0.781045,0.994381,0.243621,0.026422,0.373333,0.067778,0.626667,4.5,0,0,,2026-09-19T02:39:29,
3235,run_1789774700_1967,0,3476,-1.2472833415948728,-1.080449294436539,V1_INV_PI,V1_INV_PI,2,0,1.0,200,0.691889,0.654808,0.712668,0.606992,0.494627,0.71001,0.99695,0.0,0.010593,0.352222,0.001111,1.0,4.0,0,0,,2026-09-19T02:39:29,
3236,run_1789774700_1967,0,3477,-1.287785490743607,-1.1096895743872506,V1_INV_PI,V1_INV_PI,2,0,1.0,200,0.692888,0.656779,0.705921,0.606491,0.501874,0.713385,0.996949,0.0,0.00922,0.352222,0.001111,1.0,4.0,0,0,,2026-09-19T02:39:29,
3237,run_1789774700_1967,0,3478,-0.7040153703007227,-0.37581928168960455,V1_INV_PI,V1_INV_PI,2,0,1.0,200,0.792156,0.784835,0.840404,0.716747,0.59094,0.826929,0.997962,0.390712,0.012141,0.353333,0.29,0.923333,4.6,0,0,,2026-09-19T02:39:29,
3238,run_1789774700_1967,0,3479,0.7229909939540442,0.7397475068503638,V1_INV_PI,V1_INV_PI,2,0,1.0,200,0.834094,0.885693,0.881138,0.5988,0.708901,0.897851,0.997779,0.0,0.022083,0.692222,0.001111,1.0,3.8,0,0,,2026-09-19T02:39:29,
3239,run_1789774700_1967,0,3480,-1.332029354879793,-1.0364098023454973,V1_INV_PI,V1_INV_PI,2,0,1.0,200,0.688189,0.652361,0.69648,0.607114,0.49116,0.708379,0.997528,0.003127,0.010517,0.34,0.001111,1.0,3.9,0,0,,2026-09-19T02:39:29,
3240,run_1789774700_1967,0,3481,-1.250016993959664,-1.1229684389919978,V1_INV_PI,V1_INV_PI,2,0,1.0,200,0.697035,0.661558,0.712898,0.606455,0.510719,0.71764,0.996589,0.0,0.010796,0.36,0.001111,1.0,4.2,0,0,,2026-09-19T02:39:29,
3241,run_1789774700_1967,0,3482,-0.756647050504039,-1.0231853736150642,V1_INV_PI,V1_INV_PI,2,0,1.0,200,0.782852,0.802922,0.818852,0.605522,0.589847,0.868051,0.99854,0.005697,0.027049,0.401111,0.001111,1.0,3.9,0,0,,2026-09-19T02:39:29,
3242,run_1789774700_1967,0,3483,0.6918579259109685,1.1848084838936936,V1_INV_PI,V1_INV_PI,2,0,1.0,200,0.805442,0.846291,0.841451,0.598563,0.6538,0.867962,0.997352,0.0,0.017625,0.79,0.001111,1.0,3.8,0,0,,2026-09-19T02:39:29,
3243,run_1789774700_1967,0,3484,-1.1913589212722182,0.5074230369262449,V1_INV_PI,V1_INV_PI,2,0,1.0,200,0.684356,0.638386,0.711301,0.616991,0.491457,0.681043,0.997604,0.056699,0.013336,0.296667,0.005556,1.0,3.9,0,0,,2026-09-19T02:39:29,
